--- forcing DTR inactive
--- forcing RTS inactive

Please build project in debug configuration to get more details about an exception.
See https://docs.platformio.org/page/projectconf/build_configurations.html


--- Terminal on COM15 | 115200 8-N-1
--- Available filters and text transformations: debug, default, direct, esp32_exception_decoder, hexlify, log2file, nocontrol, printable, send_on_enter, time
--- More details at https://bit.ly/pio-monitor-filters
--- Quit: Ctrl+C | Menu: Ctrl+T | Help: Ctrl+T followed by Ctrl+H
W (85014) kx134: FIFO seen at max capacity (86/86 frames) -- posW (8344) kx134: FIFO seen at max capacity (86/86 frames) -- possible dropped samples
I (8344) kx134: epoch: n=2048 mean_g x=0.973 y=0.063 z=-0.236 max_fifo=86/86
W (8604) kx134: FIFO seen at max capacity (86/86 frames) -- possible dropped samples
I (8604) kx134: epoch: n=2048 mean_g x=0.970 y=0.064 z=-0.235 max_fifo=86/86
W (8864) kx134: FIFO seen at max capacity (86/86 frames) -- possible dropped samples
I (8864) kx134: epoch: n=2048 mean_g x=0.973 y=0.065 z=-0.231 max_fifo=86/86
W (9134) kx134: FIFO seen at max capacity (86/86 frames) -- possible dropped samples
I (9134) kx134: epoch: n=2048 mean_g x=0.970 y=0.064 z=-0.235 max_fifo=86/86
W (9394) kx134: FIFO seen at max capacity (86/86 frames) -- possible dropped samples
I (9394) kx134: epoch: n=2048 mean_g x=0.971 y=0.058 z=-0.229 max_fifo=86/86
W (9654) kx134: FIFO seen at max capacity (86/86 frames) -- possible dropped samples
I (9654) kx134: epoch: n=2048 mean_g x=0.970 y=0.066 z=-0.231 max_fifo=86/86
W (9914) kx134: FIFO seen at max capacity (86/86 frames) -- possible dropped samples
I (9914) kx134: epoch: n=2048 mean_g x=0.972 y=0.062 z=-0.234 max_fifo=86/86
W (10184) kx134: FIFO seen at max capacity (86/86 frames) -- possible dropped samples
I (10184) kx134: epoch: n=2048 mean_g x=0.974 y=0.062 z=-0.231 max_fifo=86/86
W (10444) kx134: FIFO seen at max capacity (86/86 frames) -- possible dropped samples
I (10444) kx134: epoch: n=2048 mean_g x=0.971 y=0.065 z=-0.233 max_fifo=86/86
W (10714) kx134: FIFO seen at max capacity (86/86 frames) -- possible dropped samples
I (10714) kx134: epoch: n=2048 mean_g x=0.970 y=0.062 z=-0.235 max_fifo=86/86
W (10984) kx134: FIFO seen at max capacity (86/86 frames) -- possible dropped samples
I (10984) kx134: epoch: n=2048 mean_g x=0.972 y=0.062 z=-0.231 max_fifo=86/86
W (11254) kx134: FIFO seen at max capacity (86/86 frames) -- possible dropped samples
I (11254) kx134: epoch: n=2048 mean_g x=0.969 y=0.065 z=-0.233 max_fifo=86/86
W (11514) kx134: FIFO seen at max capacity (86/86 frames) -- possible dropped samples
I (11514) kx134: epoch: n=2048 mean_g x=0.973 y=0.061 z=-0.229 max_fifo=86/86
W (11794) kx134: FIFO seen at max capacity (86/86 frames) -- possible dropped samples
I (11794) kx134: epoch: n=2048 mean_g x=0.971 y=0.063 z=-0.233 max_fifo=86/86
W (12054) kx134: FIFO seen at max capacity (86/86 frames) -- possible dropped samples
I (12054) kx134: epoch: n=2048 mean_g x=0.969 y=0.065 z=-0.236 max_fifo=86/86
W (12324) kx134: FIFO seen at max capacity (86/86 frames) -- possible dropped samples
I (12324) kx134: epoch: n=2048 mean_g x=0.971 y=0.065 z=-0.234 max_fifo=86/86
W (12594) kx134: FIFO seen at max capacity (86/86 frames) -- possible dropped samples
I (12594) kx134: epoch: n=2048 mean_g x=0.971 y=0.063 z=-0.233 max_fifo=86/86
W (12854) kx134: FIFO seen at max capacity (86/86 frames) -- possible dropped samples
I (12854) kx134: epoch: n=2048 mean_g x=0.973 y=0.064 z=-0.233 max_fifo=86/86
W (13124) kx134: FIFO seen at max capacity (86/86 frames) -- possible dropped samples
I (13124) kx134: epoch: n=2048 mean_g x=0.971 y=0.063 z=-0.237 max_fifo=86/86
W (13384) kx134: FIFO seen at max capacity (86/86 frames) -- possible dropped samples
I (13384) kx134: epoch: n=2048 mean_g x=0.969 y=0.064 z=-0.233 max_fifo=86/86
W (13654) kx134: FIFO seen at max capacity (86/86 frames) -- possible dropped samples
I (13654) kx134: epoch: n=2048 mean_g x=0.972 y=0.066 z=-0.234 max_fifo=86/86
W (13924) kx134: FIFO seen at max capacity (86/86 frames) -- possible dropped samples
I (13924) kx134: epoch: n=2048 mean_g x=0.970 y=0.062 z=-0.234 max_fifo=86/86
W (14194) kx134: FIFO seen at max capacity (86/86 frames) -- possible dropped samples
I (14194) kx134: epoch: n=2048 mean_g x=0.970 y=0.063 z=-0.235 max_fifo=86/86
W (14454) kx134: FIFO seen at max capacity (86/86 frames) -- possible dropped samples
I (14454) kx134: epoch: n=2048 mean_g x=0.971 y=0.061 z=-0.234 max_fifo=86/86
W (14734) kx134: FIFO seen at max capacity (86/86 frames) -- possible dropped samples
I (14734) kx134: epoch: n=2048 mean_g x=0.971 y=0.066 z=-0.235 max_fifo=86/86
W (14994) kx134: FIFO seen at max capacity (86/86 frames) -- possible dropped samples
I (14994) kx134: epoch: n=2048 mean_g x=0.970 y=0.064 z=-0.236 max_fifo=86/86
E (15234) esp-tls: [sock=54] select() timeout
E (15234) transport_base: Failed to open a new connection: 32774
E (15234) mqtt_client: Error transport connect
W (15234) link_mqtt: disconnected
W (15274) kx134: FIFO seen at max capacity (86/86 frames) -- possible dropped samples
I (15274) kx134: epoch: n=2048 mean_g x=0.972 y=0.068 z=-0.235 max_fifo=86/86
W (15534) kx134: FIFO seen at max capacity (86/86 frames) -- possible dropped samples
I (15534) kx134: epoch: n=2048 mean_g x=0.972 y=0.063 z=-0.234 max_fifo=86/86
W (15804) kx134: FIFO seen at max capacity (86/86 frames) -- possible dropped samples
I (15804) kx134: epoch: n=2048 mean_g x=0.972 y=0.064 z=-0.234 max_fifo=86/86
W (16064) kx134: FIFO seen at max capacity (86/86 frames) -- possible dropped samples
I (16064) kx134: epoch: n=2048 mean_g x=0.971 y=0.063 z=-0.234 max_fifo=86/86
W (16324) kx134: FIFO seen at max capacity (86/86 frames) -- possible dropped samples
I (16324) kx134: epoch: n=2048 mean_g x=0.971 y=0.064 z=-0.235 max_fifo=86/86
W (16594) kx134: FIFO seen at max capacity (86/86 frames) -- possible dropped samples
I (16594) kx134: epoch: n=2048 mean_g x=0.971 y=0.062 z=-0.234 max_fifo=86/86
W (16864) kx134: FIFO seen at max capacity (86/86 frames) -- possible dropped samples
I (16864) kx134: epoch: n=2048 mean_g x=0.970 y=0.064 z=-0.235 max_fifo=86/86
W (17134) kx134: FIFO seen at max capacity (86/86 frames) -- possible dropped samples
I (17134) kx134: epoch: n=2048 mean_g x=0.970 y=0.065 z=-0.234 max_fifo=86/86
W (17394) kx134: FIFO seen at max capacity (86/86 frames) -- possible dropped samples
I (17394) kx134: epoch: n=2048 mean_g x=0.970 y=0.062 z=-0.235 max_fifo=86/86
W (17674) kx134: FIFO seen at max capacity (86/86 frames) -- possible dropped samples
I (17674) kx134: epoch: n=2048 mean_g x=0.972 y=0.064 z=-0.233 max_fifo=86/86
W (17944) kx134: FIFO seen at max capacity (86/86 frames) -- possible dropped samples
I (17944) kx134: epoch: n=2048 mean_g x=0.974 y=0.061 z=-0.235 max_fifo=86/86
W (18204) kx134: FIFO seen at max capacity (86/86 frames) -- possible dropped samples
I (18204) kx134: epoch: n=2048 mean_g x=0.972 y=0.061 z=-0.231 max_fifo=86/86
W (18474) kx134: FIFO seen at max capacity (86/86 frames) -- possible dropped samples
I (18474) kx134: epoch: n=2048 mean_g x=0.974 y=0.062 z=-0.230 max_fifo=86/86
W (18734) kx134: FIFO seen at max capacity (86/86 frames) -- possible dropped samples
I (18734) kx134: epoch: n=2048 mean_g x=0.969 y=0.063 z=-0.233 max_fifo=86/86
W (19004) kx134: FIFO seen at max capacity (86/86 frames) -- possible dropped samples
I (19004) kx134: epoch: n=2048 mean_g x=0.972 y=0.061 z=-0.236 max_fifo=86/86
W (19264) kx134: FIFO seen at max capacity (86/86 frames) -- possible dropped samples
I (19264) kx134: epoch: n=2048 mean_g x=0.970 y=0.064 z=-0.234 max_fifo=86/86
W (19524) kx134: FIFO seen at max capacity (86/86 frames) -- possible dropped samples
I (19524) kx134: epoch: n=2048 mean_g x=0.971 y=0.068 z=-0.232 max_fifo=86/86
W (19784) kx134: FIFO seen at max capacity (86/86 frames) -- possible dropped samples
I (19784) kx134: epoch: n=2048 mean_g x=0.970 y=0.066 z=-0.232 max_fifo=86/86
W (20054) kx134: FIFO seen at max capacity (86/86 frames) -- possible dropped samples
I (20054) kx134: epoch: n=2048 mean_g x=0.969 y=0.065 z=-0.234 max_fifo=86/86
W (20314) kx134: FIFO seen at max capacity (86/86 frames) -- possible dropped samples
I (20314) kx134: epoch: n=2048 mean_g x=0.970 y=0.065 z=-0.232 max_fifo=86/86
W (20584) kx134: FIFO seen at max capacity (86/86 frames) -- possible dropped samples
I (20584) kx134: epoch: n=2048 mean_g x=0.969 y=0.062 z=-0.234 max_fifo=86/86
W (20854) kx134: FIFO seen at max capacity (86/86 frames) -- possible dropped samples
I (20854) kx134: epoch: n=2048 mean_g x=0.968 y=0.067 z=-0.235 max_fifo=86/86
W (21124) kx134: FIFO seen at max capacity (86/86 frames) -- possible dropped samples
I (21124) kx134: epoch: n=2048 mean_g x=0.970 y=0.064 z=-0.232 max_fifo=86/86
W (21384) kx134: FIFO seen at max capacity (86/86 frames) -- possible dropped samples
I (21384) kx134: epoch: n=2048 mean_g x=0.971 y=0.064 z=-0.233 max_fifo=86/86
W (21664) kx134: FIFO seen at max capacity (86/86 frames) -- possible dropped samples
I (21664) kx134: epoch: n=2048 mean_g x=0.971 y=0.062 z=-0.235 max_fifo=86/86
W (21924) kx134: FIFO seen at max capacity (86/86 frames) -- possible dropped samples
I (21924) kx134: epoch: n=2048 mean_g x=0.970 y=0.064 z=-0.236 max_fifo=86/86
W (22194) kx134: FIFO seen at max capacity (86/86 frames) -- possible dropped samples
I (22194) kx134: epoch: n=2048 mean_g x=0.971 y=0.063 z=-0.232 max_fifo=86/86
W (22464) kx134: FIFO seen at max capacity (86/86 frames) -- possible dropped samples
I (22464) kx134: epoch: n=2048 mean_g x=0.974 y=0.062 z=-0.233 max_fifo=86/86
W (22724) kx134: FIFO seen at max capacity (86/86 frames) -- possible dropped samples
I (22724) kx134: epoch: n=2048 mean_g x=0.972 y=0.065 z=-0.233 max_fifo=86/86
W (22994) kx134: FIFO seen at max capacity (86/86 frames) -- possible dropped samples
I (22994) kx134: epoch: n=2048 mean_g x=0.972 y=0.062 z=-0.233 max_fifo=86/86
W (23254) kx134: FIFO seen at max capacity (86/86 frames) -- possible dropped samples
I (23254) kx134: epoch: n=2048 mean_g x=0.971 y=0.062 z=-0.234 max_fifo=86/86
W (23514) kx134: FIFO seen at max capacity (86/86 frames) -- possible dropped samples
I (23514) kx134: epoch: n=2048 mean_g x=0.972 y=0.064 z=-0.235 max_fifo=86/86
W (23774) kx134: FIFO seen at max capacity (86/86 frames) -- possible dropped samples
I (23774) kx134: epoch: n=2048 mean_g x=0.973 y=0.061 z=-0.233 max_fifo=86/86
W (24044) kx134: FIFO seen at max capacity (86/86 frames) -- possible dropped samples
I (24044) kx134: epoch: n=2048 mean_g x=0.971 y=0.063 z=-0.234 max_fifo=86/86
W (24304) kx134: FIFO seen at max capacity (86/86 frames) -- possible dropped samples
I (24304) kx134: epoch: n=2048 mean_g x=0.971 y=0.063 z=-0.231 max_fifo=86/86
W (24574) kx134: FIFO seen at max capacity (86/86 frames) -- possible dropped samples
I (24574) kx134: epoch: n=2048 mean_g x=0.972 y=0.061 z=-0.234 max_fifo=86/86
W (24844) kx134: FIFO seen at max capacity (86/86 frames) -- possible dropped samples
I (24844) kx134: epoch: n=2048 mean_g x=0.972 y=0.060 z=-0.234 max_fifo=86/86
W (25114) kx134: FIFO seen at max capacity (86/86 frames) -- possible dropped samples
I (25114) kx134: epoch: n=2048 mean_g x=0.974 y=0.058 z=-0.233 max_fifo=86/86
W (25374) kx134: FIFO seen at max capacity (86/86 frames) -- possible dropped samples
I (25374) kx134: epoch: n=2048 mean_g x=0.971 y=0.062 z=-0.234 max_fifo=86/86
W (25654) kx134: FIFO seen at max capacity (86/86 frames) -- possible dropped samples
I (25654) kx134: epoch: n=2048 mean_g x=0.970 y=0.064 z=-0.233 max_fifo=86/86
W (25914) kx134: FIFO seen at max capacity (86/86 frames) -- possible dropped samples
I (25914) kx134: epoch: n=2048 mean_g x=0.971 y=0.063 z=-0.233 max_fifo=86/86
W (26184) kx134: FIFO seen at max capacity (86/86 frames) -- possible dropped samples
I (26184) kx134: epoch: n=2048 mean_g x=0.974 y=0.064 z=-0.234 max_fifo=86/86
W (26454) kx134: FIFO seen at max capacity (86/86 frames) -- possible dropped samples
I (26454) kx134: epoch: n=2048 mean_g x=0.970 y=0.060 z=-0.234 max_fifo=86/86
W (26714) kx134: FIFO seen at max capacity (86/86 frames) -- possible dropped samples
I (26714) kx134: epoch: n=2048 mean_g x=0.971 y=0.061 z=-0.231 max_fifo=86/86
W (26984) kx134: FIFO seen at max capacity (86/86 frames) -- possible dropped samples
I (26984) kx134: epoch: n=2048 mean_g x=0.973 y=0.061 z=-0.230 max_fifo=86/86
W (27244) kx134: FIFO seen at max capacity (86/86 frames) -- possible dropped samples
I (27244) kx134: epoch: n=2048 mean_g x=0.972 y=0.068 z=-0.231 max_fifo=86/86
W (27514) kx134: FIFO seen at max capacity (86/86 frames) -- possible dropped samples
I (27514) kx134: epoch: n=2048 mean_g x=0.971 y=0.062 z=-0.234 max_fifo=86/86
W (27784) kx134: FIFO seen at max capacity (86/86 frames) -- posW (38794) kx134: FIFO seen at max capacity (86/86 frames) -- possible dropped samples
I (38794) kx134: epoch: n=2048 mean_g x=0.971 y=0.066 z=-0.236 max_fifo=86/86
W (39064) kx134: FIFO seen at max capacity (86/86 frames) -- possible dropped samples
I (39064) kx134: epoch: n=2048 mean_g x=0.972 y=0.064 z=-0.234 max_fifo=86/86
W (39334) kx134: FIFO seen at max capacity (86/86 frames) -- possible dropped samples
I (39334) kx134: epoch: n=2048 mean_g x=0.971 y=0.061 z=-0.234 max_fifo=86/86
W (39604) kx134: FIFO seen at max capacity (86/86 frames) -- possible dropped samples
I (39604) kx134: epoch: n=2048 mean_g x=0.973 y=0.066 z=-0.236 max_fifo=86/86
W (39864) kx134: FIFO seen at max capacity (86/86 frames) -- possible dropped samples
I (39864) kx134: epoch: n=2048 mean_g x=0.972 y=0.063 z=-0.234 max_fifo=86/86
W (40144) kx134: FIFO seen at max capacity (86/86 frames) -- possible dropped samples
I (40144) kx134: epoch: n=2048 mean_g x=0.970 y=0.064 z=-0.234 max_fifo=86/86
W (40414) kx134: FIFO seen at max capacity (86/86 frames) -- possible dropped samples
I (40414) kx134: epoch: n=2048 mean_g x=0.971 y=0.066 z=-0.232 max_fifo=86/86
W (40674) kx134: FIFO seen at max capacity (86/86 frames) -- possible dropped samples
I (40674) kx134: epoch: n=2048 mean_g x=0.971 y=0.064 z=-0.234 max_fifo=86/86
W (40944) kx134: FIFO seen at max capacity (86/86 frames) -- possible dropped samples
I (40944) kx134: epoch: n=2048 mean_g x=0.971 y=0.063 z=-0.233 max_fifo=86/86
W (41204) kx134: FIFO seen at max capacity (86/86 frames) -- possible dropped samples
I (41204) kx134: epoch: n=2048 mean_g x=0.969 y=0.064 z=-0.233 max_fifo=86/86
E (41254) esp-tls: [sock=54] select() timeout
E (41254) transport_base: Failed to open a new connection: 32774
E (41254) mqtt_client: Error transport connect
W (41254) link_mqtt: disconnected
W (41474) kx134: FIFO seen at max capacity (86/86 frames) -- possible dropped samples
I (41474) kx134: epoch: n=2048 mean_g x=0.971 y=0.063 z=-0.233 max_fifo=86/86
W (41734) kx134: FIFO seen at max capacity (86/86 frames) -- possible dropped samples
I (41734) kx134: epoch: n=2048 mean_g x=0.972 y=0.064 z=-0.232 max_fifo=86/86
W (42004) kx134: FIFO seen at max capacity (86/86 frames) -- possible dropped samples
I (42004) kx134: epoch: n=2048 mean_g x=0.971 y=0.064 z=-0.233 max_fifo=86/86
W (42274) kx134: FIFO seen at max capacity (86/86 frames) -- possible dropped samples
I (42274) kx134: epoch: n=2048 mean_g x=0.971 y=0.067 z=-0.232 max_fifo=86/86
W (42544) kx134: FIFO seen at max capacity (86/86 frames) -- possible dropped samples
I (42544) kx134: epoch: n=2048 mean_g x=0.972 y=0.061 z=-0.231 max_fifo=86/86
W (42804) kx134: FIFO seen at max capacity (86/86 frames) -- possible dropped samples
I (42804) kx134: epoch: n=2048 mean_g x=0.973 y=0.060 z=-0.233 max_fifo=86/86
W (43084) kx134: FIFO seen at max capacity (86/86 frames) -- possible dropped samples
I (43084) kx134: epoch: n=2048 mean_g x=0.971 y=0.065 z=-0.232 max_fifo=86/86
W (43344) kx134: FIFO seen at max capacity (86/86 frames) -- possible dropped samples
I (43344) kx134: epoch: n=2048 mean_g x=0.970 y=0.065 z=-0.234 max_fifo=86/86
W (43614) kx134: FIFO seen at max capacity (86/86 frames) -- possible dropped samples
I (43614) kx134: epoch: n=2048 mean_g x=0.971 y=0.063 z=-0.236 max_fifo=86/86
W (43884) kx134: FIFO seen at max capacity (86/86 frames) -- possible dropped samples
I (43884) kx134: epoch: n=2048 mean_g x=0.971 y=0.063 z=-0.234 max_fifo=86/86
W (44144) kx134: FIFO seen at max capacity (86/86 frames) -- possible dropped samples
I (44144) kx134: epoch: n=2048 mean_g x=0.969 y=0.066 z=-0.234 max_fifo=86/86
W (44414) kx134: FIFO seen at max capacity (86/86 frames) -- possible dropped samples
I (44414) kx134: epoch: n=2048 mean_g x=0.973 y=0.063 z=-0.234 max_fifo=86/86
W (44674) kx134: FIFO seen at max capacity (86/86 frames) -- possible dropped samples
I (44674) kx134: epoch: n=2048 mean_g x=0.973 y=0.065 z=-0.233 max_fifo=86/86
W (44944) kx134: FIFO seen at max capacity (86/86 frames) -- possible dropped samples
I (44944) kx134: epoch: n=2048 mean_g x=0.973 y=0.065 z=-0.232 max_fifo=86/86
W (45214) kx134: FIFO seen at max capacity (86/86 frames) -- possible dropped samples
I (45214) kx134: epoch: n=2048 mean_g x=0.972 y=0.062 z=-0.231 max_fifo=86/86
W (45484) kx134: FIFO seen at max capacity (86/86 frames) -- possible dropped samples
I (45484) kx134: epoch: n=2048 mean_g x=0.971 y=0.064 z=-0.234 max_fifo=86/86
W (45744) kx134: FIFO seen at max capacity (86/86 frames) -- possible dropped samples
I (45744) kx134: epoch: n=2048 mean_g x=0.973 y=0.063 z=-0.234 max_fifo=86/86
W (46024) kx134: FIFO seen at max capacity (86/86 frames) -- possible dropped samples
I (46024) kx134: epoch: n=2048 mean_g x=0.974 y=0.063 z=-0.234 max_fifo=86/86
W (46284) kx134: FIFO seen at max capacity (86/86 frames) -- possible dropped samples
I (46284) kx134: epoch: n=2048 mean_g x=0.971 y=0.062 z=-0.235 max_fifo=86/86
W (46554) kx134: FIFO seen at max capacity (86/86 frames) -- possible dropped samples
I (46554) kx134: epoch: n=2048 mean_g x=0.971 y=0.065 z=-0.234 max_fifo=86/86
W (46824) kx134: FIFO seen at max capacity (86/86 frames) -- possible dropped samples
I (46824) kx134: epoch: n=2048 mean_g x=0.973 y=0.063 z=-0.230 max_fifo=86/86
W (47084) kx134: FIFO seen at max capacity (86/86 frames) -- possible dropped samples
I (47084) kx134: epoch: n=2048 mean_g x=0.970 y=0.064 z=-0.236 max_fifo=86/86
W (47354) kx134: FIFO seen at max capacity (86/86 frames) -- possible dropped samples
I (47354) kx134: epoch: n=2048 mean_g x=0.972 y=0.063 z=-0.233 max_fifo=86/86
W (47614) kx134: FIFO seen at max capacity (86/86 frames) -- possible dropped samples
I (47614) kx134: epoch: n=2048 mean_g x=0.973 y=0.065 z=-0.232 max_fifo=86/86
W (47884) kx134: FIFO seen at max capacity (86/86 frames) -- possible dropped samples
I (47884) kx134: epoch: n=2048 mean_g x=0.971 y=0.063 z=-0.232 max_fifo=86/86
W (48154) kx134: FIFO seen at max capacity (86/86 frames) -- possible dropped samples
I (48154) kx134: epoch: n=2048 mean_g x=0.968 y=0.064 z=-0.237 max_fifo=86/86
W (48424) kx134: FIFO seen at max capacity (86/86 frames) -- possible dropped samples
I (48424) kx134: epoch: n=2048 mean_g x=0.971 y=0.064 z=-0.233 max_fifo=86/86
W (48684) kx134: FIFO seen at max capacity (86/86 frames) -- possible dropped samples
I (48684) kx134: epoch: n=2048 mean_g x=0.974 y=0.057 z=-0.228 max_fifo=86/86
W (48964) kx134: FIFO seen at max capacity (86/86 frames) -- possible dropped samples
I (48964) kx134: epoch: n=2048 mean_g x=0.973 y=0.062 z=-0.230 max_fifo=86/86
W (49224) kx134: FIFO seen at max capacity (86/86 frames) -- possible dropped samples
I (49224) kx134: epoch: n=2048 mean_g x=0.971 y=0.062 z=-0.236 max_fifo=86/86
W (49494) kx134: FIFO seen at max capacity (86/86 frames) -- possible dropped samples
I (49494) kx134: epoch: n=2048 mean_g x=0.970 y=0.062 z=-0.232 max_fifo=86/86
W (49764) kx134: FIFO seen at max capacity (86/86 frames) -- possible dropped samples
I (49764) kx134: epoch: n=2048 mean_g x=0.969 y=0.064 z=-0.233 max_fifo=86/86
W (50034) kx134: FIFO seen at max capacity (86/86 frames) -- possible dropped samples
I (50034) kx134: epoch: n=2048 mean_g x=0.973 y=0.063 z=-0.235 max_fifo=86/86
W (50294) kx134: FIFO seen at max capacity (86/86 frames) -- possible dropped samples
I (50294) kx134: epoch: n=2048 mean_g x=0.971 y=0.063 z=-0.235 max_fifo=86/86
W (50554) kx134: FIFO seen at max capacity (86/86 frames) -- possible dropped samples
I (50554) kx134: epoch: n=2048 mean_g x=0.972 y=0.063 z=-0.233 max_fifo=86/86
W (50824) kx134: FIFO seen at max capacity (86/86 frames) -- possible dropped samples
I (50824) kx134: epoch: n=2048 mean_g x=0.971 y=0.064 z=-0.235 max_fifo=86/86
W (51094) kx134: FIFO seen at max capacity (86/86 frames) -- possible dropped samples
I (51094) kx134: epoch: n=2048 mean_g x=0.972 y=0.063 z=-0.234 max_fifo=86/86
W (51364) kx134: FIFO seen at max capacity (86/86 frames) -- possible dropped samples
I (51364) kx134: epoch: n=2048 mean_g x=0.969 y=0.065 z=-0.236 max_fifo=86/86
W (51624) kx134: FIFO seen at max capacity (86/86 frames) -- possible dropped samples
I (51624) kx134: epoch: n=2048 mean_g x=0.973 y=0.065 z=-0.233 max_fifo=86/86
W (51904) kx134: FIFO seen at max capacity (86/86 frames) -- possible dropped samples
I (51904) kx134: epoch: n=2048 mean_g x=0.971 y=0.066 z=-0.236 max_fifo=86/86
W (52174) kx134: FIFO seen at max capacity (86/86 frames) -- possible dropped samples
I (52174) kx134: epoch: n=2048 mean_g x=0.973 y=0.061 z=-0.234 max_fifo=86/86
W (52434) kx134: FIFO seen at max capacity (86/86 frames) -- possible dropped samples
I (52434) kx134: epoch: n=2048 mean_g x=0.970 y=0.066 z=-0.234 max_fifo=86/86
W (52704) kx134: FIFO seen at max capacity (86/86 frames) -- possible dropped samples
I (52704) kx134: epoch: n=2048 mean_g x=0.972 y=0.065 z=-0.234 max_fifo=86/86
W (52964) kx134: FIFO seen at max capacity (86/86 frames) -- possible dropped samples
I (52964) kx134: epoch: n=2048 mean_g x=0.972 y=0.063 z=-0.235 max_fifo=86/86
W (53234) kx134: FIFO seen at max capacity (86/86 frames) -- possible dropped samples
I (53234) kx134: epoch: n=2048 mean_g x=0.969 y=0.066 z=-0.236 max_fifo=86/86
W (53494) kx134: FIFO seen at max capacity (86/86 frames) -- possible dropped samples
I (53494) kx134: epoch: n=2048 mean_g x=0.971 y=0.058 z=-0.233 max_fifo=86/86
W (53764) kx134: FIFO seen at max capacity (86/86 frames) -- possible dropped samples
I (53764) kx134: epoch: n=2048 mean_g x=0.972 y=0.060 z=-0.232 max_fifo=86/86
W (54034) kx134: FIFO seen at max capacity (86/86 frames) -- possible dropped samples
I (54034) kx134: epoch: n=2048 mean_g x=0.973 y=0.064 z=-0.233 max_fifo=86/86
E (54264) esp-tls: [sock=54] select() timeout
E (54264) transport_base: Failed to open a new connection: 32774
E (54264) mqtt_client: Error transport connect
W (54264) link_mqtt: disconnected
W (54314) kx134: FIFO seen at max capacity (86/86 frames) -- possible dropped samples
I (54314) kx134: epoch: n=2048 mean_g x=0.972 y=0.061 z=-0.236 max_fifo=86/86
W (54564) kx134: FIFO seen at max capacity (86/86 frames) -- possible dropped samples
I (54564) kx134: epoch: n=2048 mean_g x=0.970 y=0.066 z=-0.235 max_fifo=86/86
W (54844) kx134: FIFO seen at max capacity (86/86 frames) -- possible dropped samples
I (54844) kx134: epoch: n=2048 mean_g x=0.972 y=0.065 z=-0.235 max_fifo=86/86
W (55104) kx134: FIFO seen at max capacity (86/86 frames) -- possible dropped samples
I (55104) kx134: epoch: n=2048 mean_g x=0.974 y=0.063 z=-0.233 max_fifo=86/86
W (55374) kx134: FIFO seen at max capacity (86/86 frames) -- possible dropped samples
I (55374) kx134: epoch: n=2048 mean_g x=0.970 y=0.064 z=-0.236 max_fifo=86/86
W (55644) kx134: FIFO seen at max capacity (86/86 frames) -- possible dropped samples
I (55644) kx134: epoch: n=2048 mean_g x=0.971 y=0.063 z=-0.233 max_fifo=86/86
W (55904) kx134: FIFO seen at max capacity (86/86 frames) -- possible dropped samples
I (55904) kx134: epoch: n=2048 mean_g x=0.970 y=0.063 z=-0.232 max_fifo=86/86
W (56174) kx134: FIFO seen at max capacity (86/86 frames) -- possible dropped samples
I (56174) kx134: epoch: n=2048 mean_g x=0.972 y=0.066 z=-0.234 max_fifo=86/86
W (56434) kx134: FIFO seen at max capacity (86/86 frames) -- possible dropped samples
I (56434) kx134: epoch: n=2048 mean_g x=0.973 y=0.063 z=-0.233 max_fifo=86/86
W (56704) kx134: FIFO seen at max capacity (86/86 frames) -- possible dropped samples
I (56704) kx134: epoch: n=2048 mean_g x=0.972 y=0.065 z=-0.233 max_fifo=86/86
W (56974) kx134: FIFO seen at max capacity (86/86 frames) -- possible dropped samples
I (56974) kx134: epoch: n=2048 mean_g x=0.972 y=0.061 z=-0.232 max_fifo=86/86
W (57244) kx134: FIFO seen at max capacity (86/86 frames) -- possible dropped samples
I (57244) kx134: epoch: n=2048 mean_g x=0.971 y=0.061 z=-0.232 max_fifo=86/86
W (57514) kx134: FIFO seen at max capacity (86/86 frames) -- possible dropped samples
I (57514) kx134: epoch: n=2048 mean_g x=0.971 y=0.064 z=-0.234 max_fifo=86/86
W (57794) kx134: FIFO seen at max capacity (86/86 frames) -- possible dropped samples
I (57794) kx134: epoch: n=2048 mean_g x=0.971 y=0.065 z=-0.236 max_fifo=86/86
W (58064) kx134: FIFO seen at max capacity (86/86 frames) -- possible dropped samples
I (58064) kx134: epoch: n=2048 mean_g x=0.973 y=0.063 z=-0.231 max_fifo=86/86
W (58324) kx134: FIFO seen at max capacity (86/86 frames) -- possible dropped samples
I (58324) kx134: epoch: n=2048 mean_g x=0.969 y=0.064 z=-0.233 max_fifo=86/86
W (58594) kx134: FIFO seen at max capacity (86/86 frames) -- possible dropped samples
I (58594) kx134: epoch: n=2048 mean_g x=0.972 y=0.064 z=-0.235 max_fifo=86/86
W (58864) kx134: FIFO seen at max capacity (86/86 frames) -- possible dropped samples
I (58864) kx134: epoch: n=2048 mean_g x=0.970 y=0.063 z=-0.232 max_fifo=86/86
W (59134) kx134: FIFO seen at max capacity (86/86 frames) -- possible dropped samples
I (59134) kx134: epoch: n=2048 mean_g x=0.973 y=0.061 z=-0.234 max_fifo=86/86
W (59394) kx134: FIFO seen at max capacity (86/86 frames) -- possible dropped samples
I (59394) kx134: epoch: n=2048 mean_g x=0.970 y=0.065 z=-0.232 max_fifo=86/86
W (59674) kx134: FIFO seen at max capacity (86/86 frames) -- possible dropped samples
I (59674) kx134: epoch: n=2048 mean_g x=0.973 y=0.065 z=-0.234 max_fifo=86/86
W (59934) kx134: FIFO seen at max capacity (86/86 frames) -- possible dropped samples
I (59934) kx134: epoch: n=2048 mean_g x=0.972 y=0.064 z=-0.232 max_fifo=86/86
W (60204) kx134: FIFO seen at max capacity (86/86 frames) -- possible dropped samples
I (60204) kx134: epoch: n=2048 mean_g x=0.970 y=0.068 z=-0.233 max_fifo=86/86
W (60474) kx134: FIFO seen at max capacity (86/86 frames) -- possible dropped samples
I (60474) kx134: epoch: n=2048 mean_g x=0.974 y=0.063 z=-0.233 max_fifo=86/86
W (60744) kx134: FIFO seen at max capacity (86/86 frames) -- possible dropped samples
I (60744) kx134: epoch: n=2048 mean_g x=0.971 y=0.064 z=-0.235 max_fifo=86/86
W (61004) kx134: FIFO seen at max capacity (86/86 frames) -- possible dropped samples
I (61004) kx134: epoch: n=2048 mean_g x=0.972 y=0.065 z=-0.231 max_fifo=86/86
W (61264) kx134: FIFO seen at max capacity (86/86 frames) -- possible dropped samples
I (61264) kx134: epoch: n=2048 mean_g x=0.970 y=0.060 z=-0.234 max_fifo=86/86
W (61534) kx134: FIFO seen at max capacity (86/86 frames) -- possible dropped samples
I (61534) kx134: epoch: n=2048 mean_g x=0.972 y=0.068 z=-0.232 max_fifo=86/86
I (61614) DIAG: Stack HWM (bytes free): mic=7204 dsp=4120 rgb=1920 imu=1596 diag=844
I (61614) DIAG: CPU runtime:
rgb_led        	214279		<1%
diag           	95275		<1%
IDLE1          	59392689		98%
IDLE0          	46719640		77%
imu_task       	8917762		14%
net            	3251540		5%
tiT            	89248		<1%
wifi_prov      	1538		<1%
dsp_task       	749109		1%
mqtt_task      	31988		<1%
mic_task       	457331		<1%
main           	157643		<1%
ipc0           	37902		<1%
sys_evt        	4169		<1%
esp_timer      	12307		<1%
wifi           	697675		1%
Tmr Svc        	17		<1%
ipc1           	50576		<1%

I (61654) DIAG: Heap free: internal=30960 largest_free=21504 PSRAM=8209980 IRAM=0
I (61664) DIAG: wifi: connects=1 disconnects=0 retry_cnt=0
I (61664) DIAG: mqtt: connects=0 disconnects=4 publishes=0 publish_failures=0 cmds_received=0
I (61674) DIAG: wifi_prov: state=1 provisioning_entries=0 recovery_entries=0 recovery_successes=0
I (61684) DIAG: mic: blocks_ok=938 capture_failures=0 rb_drops=0
W (61694) DIAG: mic i2s: overflow_count=7 (cumulative) read_errors=0 short_reads=0 — check CPU load
I (61704) DIAG: dsp: fft_count=938 frames_emitted=234 rb_timeouts=0 last_fft_us=604
I (61704) DIAG: imu: epochs=224 read_errors=0 reinit_attempts=0 reinit_successes=0
I (61714) DIAG: accel: reads_ok=672 read_errors=0 fifo_max_hits=224
I (61734) DIAG: net: frames_built=270 build_failures=0 publish_failures=0 cmd_malformed=0 disconnect_reverts=0
I (61734) DIAG: led: state_changes=3 remote_updates=0 hw_errors=0
W (61804) kx134: FIFO seen at max capacity (86/86 frames) -- possible dropped samples
I (61804) kx134: epoch: n=2048 mean_g x=0.972 y=0.062 z=-0.232 max_fifo=86/86
W (62064) kx134: FIFO seen at max capacity (86/86 frames) -- possible dropped samples
I (62064) kx134: epoch: n=2048 mean_g x=0.973 y=0.062 z=-0.233 max_fifo=86/86
W (62314) kx134: FIFO seen at max capacity (86/86 frames) -- possible dropped samples
I (62314) kx134: epoch: n=2048 mean_g x=0.972 y=0.062 z=-0.230 max_fifo=86/86
W (62584) kx134: FIFO seen at max capacity (86/86 frames) -- possible dropped samples
I (62584) kx134: epoch: n=2048 mean_g x=0.970 y=0.068 z=-0.232 max_fifo=86/86
W (62854) kx134: FIFO seen at max capacity (86/86 frames) -- possible dropped samples
I (62854) kx134: epoch: n=2048 mean_g x=0.971 y=0.063 z=-0.231 max_fifo=86/86
W (63124) kx134: FIFO seen at max capacity (86/86 frames) -- possible dropped samples
I (63124) kx134: epoch: n=2048 mean_g x=0.971 y=0.064 z=-0.232 max_fifo=86/86
W (63384) kx134: FIFO seen at max capacity (86/86 frames) -- possible dropped samples
I (63384) kx134: epoch: n=2048 mean_g x=0.971 y=0.065 z=-0.229 max_fifo=86/86
W (63664) kx134: FIFO seen at max capacity (86/86 frames) -- possible dropped samples
I (63664) kx134: epoch: n=2048 mean_g x=0.969 y=0.064 z=-0.235 max_fifo=86/86
W (63934) kx134: FIFO seen at max capacity (86/86 frames) -- possible dropped samples
I (63934) kx134: epoch: n=2048 mean_g x=0.973 y=0.065 z=-0.233 max_fifo=86/86
W (64194) kx134: FIFO seen at max capacity (86/86 frames) -- possible dropped samples
I (64194) kx134: epoch: n=2048 mean_g x=0.972 y=0.064 z=-0.234 max_fifo=86/86
W (64464) kx134: FIFO seen at max capacity (86/86 frames) -- possible dropped samples
I (64464) kx134: epoch: n=2048 mean_g x=0.973 y=0.064 z=-0.233 max_fifo=86/86
W (64724) kx134: FIFO seen at max capacity (86/86 frames) -- possible dropped samples
I (64724) kx134: epoch: n=2048 mean_g x=0.970 y=0.062 z=-0.231 max_fifo=86/86
W (64994) kx134: FIFO seen at max capacity (86/86 frames) -- possible dropped samples
I (64994) kx134: epoch: n=2048 mean_g x=0.972 y=0.063 z=-0.234 max_fifo=86/86
W (65254) kx134: FIFO seen at max capacity (86/86 frames) -- possible dropped samples
I (65254) kx134: epoch: n=2048 mean_g x=0.971 y=0.063 z=-0.231 max_fifo=86/86
W (65524) kx134: FIFO seen at max capacity (86/86 frames) -- possible dropped samples
I (65524) kx134: epoch: n=2048 mean_g x=0.970 y=0.065 z=-0.233 max_fifo=86/86
I (65654) dsp_task: HST warmed up at frame 250
W (65794) kx134: FIFO seen at max capacity (86/86 frames) -- possible dropped samples
I (65794) kx134: epoch: n=2048 mean_g x=0.970 y=0.063 z=-0.235 max_fifo=86/86
W (66064) kx134: FIFO seen at max capacity (86/86 frames) -- possible dropped samples
I (66064) kx134: epoch: n=2048 mean_g x=0.971 y=0.063 z=-0.233 max_fifo=86/86
W (66324) kx134: FIFO seen at max capacity (86/86 frames) -- possible dropped samples
I (66324) kx134: epoch: n=2048 mean_g x=0.971 y=0.065 z=-0.235 max_fifo=86/86
W (66604) kx134: FIFO seen at max capacity (86/86 frames) -- possible dropped samples
I (66604) kx134: epoch: n=2048 mean_g x=0.972 y=0.064 z=-0.232 max_fifo=86/86
W (66864) kx134: FIFO seen at max capacity (86/86 frames) -- possible dropped samples
I (66864) kx134: epoch: n=2048 mean_g x=0.971 y=0.063 z=-0.234 max_fifo=86/86
W (67134) kx134: FIFO seen at max capacity (86/86 frames) -- possible dropped samples
I (67134) kx134: epoch: n=2048 mean_g x=0.969 y=0.065 z=-0.236 max_fifo=86/86
E (67274) esp-tls: [sock=54] select() timeout
E (67274) transport_base: Failed to open a new connection: 32774
E (67274) mqtt_client: Error transport connect
W (67274) link_mqtt: disconnected
W (67404) kx134: FIFO seen at max capacity (86/86 frames) -- possible dropped samples
I (67404) kx134: epoch: n=2048 mean_g x=0.973 y=0.062 z=-0.230 max_fifo=86/86
W (67674) kx134: FIFO seen at max capacity (86/86 frames) -- possible dropped samples
I (67674) kx134: epoch: n=2048 mean_g x=0.969 y=0.067 z=-0.235 max_fifo=86/86
W (67934) kx134: FIFO seen at max capacity (86/86 frames) -- possible dropped samples
I (67934) kx134: epoch: n=2048 mean_g x=0.972 y=0.063 z=-0.234 max_fifo=86/86
W (68194) kx134: FIFO seen at max capacity (86/86 frames) -- possible dropped samples
I (68194) kx134: epoch: n=2048 mean_g x=0.970 y=0.064 z=-0.234 max_fifo=86/86
W (68464) kx134: FIFO seen at max capacity (86/86 frames) -- possible dropped samples
I (68464) kx134: epoch: n=2048 mean_g x=0.974 y=0.063 z=-0.231 max_fifo=86/86
W (68734) kx134: FIFO seen at max capacity (86/86 frames) -- possible dropped samples
I (68734) kx134: epoch: n=2048 mean_g x=0.971 y=0.067 z=-0.236 max_fifo=86/86
W (69004) kx134: FIFO seen at max capacity (86/86 frames) -- possible dropped samples
I (69004) kx134: epoch: n=2048 mean_g x=0.972 y=0.062 z=-0.234 max_fifo=86/86
W (69264) kx134: FIFO seen at max capacity (86/86 frames) -- possible dropped samples
I (69264) kx134: epoch: n=2048 mean_g x=0.974 y=0.061 z=-0.233 max_fifo=86/86
W (69544) kx134: FIFO seen at max capacity (86/86 frames) -- possible dropped samples
I (69544) kx134: epoch: n=2048 mean_g x=0.971 y=0.064 z=-0.235 max_fifo=86/86
W (69804) kx134: FIFO seen at max capacity (86/86 frames) -- possible dropped samples
I (69804) kx134: epoch: n=2048 mean_g x=0.973 y=0.062 z=-0.235 max_fifo=86/86
W (70074) kx134: FIFO seen at max capacity (86/86 frames) -- possible dropped samples
I (70074) kx134: epoch: n=2048 mean_g x=0.972 y=0.066 z=-0.235 max_fifo=86/86
W (70344) kx134: FIFO seen at max capacity (86/86 frames) -- possible dropped samples
I (70344) kx134: epoch: n=2048 mean_g x=0.972 y=0.062 z=-0.233 max_fifo=86/86
W (70604) kx134: FIFO seen at max capacity (86/86 frames) -- possible dropped samples
I (70604) kx134: epoch: n=2048 mean_g x=0.969 y=0.068 z=-0.238 max_fifo=86/86
W (70874) kx134: FIFO seen at max capacity (86/86 frames) -- possible dropped samples
I (70874) kx134: epoch: n=2048 mean_g x=0.972 y=0.063 z=-0.235 max_fifo=86/86
W (71134) kx134: FIFO seen at max capacity (86/86 frames) -- possible dropped samples
I (71134) kx134: epoch: n=2048 mean_g x=0.975 y=0.063 z=-0.234 max_fifo=86/86
W (71404) kx134: FIFO seen at max capacity (86/86 frames) -- possible dropped samples
I (71404) kx134: epoch: n=2048 mean_g x=0.971 y=0.063 z=-0.233 max_fifo=86/86
W (71674) kx134: FIFO seen at max capacity (86/86 frames) -- possible dropped samples
I (71674) kx134: epoch: n=2048 mean_g x=0.973 y=0.064 z=-0.236 max_fifo=86/86
W (71944) kx134: FIFO seen at max capacity (86/86 frames) -- possible dropped samples
I (71944) kx134: epoch: n=2048 mean_g x=0.969 y=0.063 z=-0.232 max_fifo=86/86
W (72204) kx134: FIFO seen at max capacity (86/86 frames) -- possible dropped samples
I (72204) kx134: epoch: n=2048 mean_g x=0.970 y=0.062 z=-0.233 max_fifo=86/86
W (72484) kx134: FIFO seen at max capacity (86/86 frames) -- possible dropped samples
I (72484) kx134: epoch: n=2048 mean_g x=0.968 y=0.066 z=-0.234 max_fifo=86/86
W (72744) kx134: FIFO seen at max capacity (86/86 frames) -- possible dropped samples
I (72744) kx134: epoch: n=2048 mean_g x=0.968 y=0.066 z=-0.237 max_fifo=86/86
W (73014) kx134: FIFO seen at max capacity (86/86 frames) -- possible dropped samples
I (73014) kx134: epoch: n=2048 mean_g x=0.972 y=0.065 z=-0.233 max_fifo=86/86
W (73284) kx134: FIFO seen at max capacity (86/86 frames) -- possible dropped samples
I (73284) kx134: epoch: n=2048 mean_g x=0.972 y=0.064 z=-0.235 max_fifo=86/86
W (73554) kx134: FIFO seen at max capacity (86/86 frames) -- possible dropped samples
I (73554) kx134: epoch: n=2048 mean_g x=0.974 y=0.062 z=-0.233 max_fifo=86/86
W (73814) kx134: FIFO seen at max capacity (86/86 frames) -- possible dropped samples
I (73814) kx134: epoch: n=2048 mean_g x=0.971 y=0.064 z=-0.233 max_fifo=86/86
W (74074) kx134: FIFO seen at max capacity (86/86 frames) -- possible dropped samples
I (74074) kx134: epoch: n=2048 mean_g x=0.974 y=0.061 z=-0.233 max_fifo=86/86
W (74334) kx134: FIFO seen at max capacity (86/86 frames) -- possible dropped samples
I (74334) kx134: epoch: n=2048 mean_g x=0.977 y=0.058 z=-0.229 max_fifo=86/86
W (74604) kx134: FIFO seen at max capacity (86/86 frames) -- possible dropped samples
I (74604) kx134: epoch: n=2048 mean_g x=0.970 y=0.064 z=-0.239 max_fifo=86/86
W (74864) kx134: FIFO seen at max capacity (86/86 frames) -- possible dropped samples
I (74864) kx134: epoch: n=2048 mean_g x=0.970 y=0.065 z=-0.236 max_fifo=86/86
W (75124) kx134: FIFO seen at max capacity (86/86 frames) -- possible dropped samples
I (75124) kx134: epoch: n=2048 mean_g x=0.974 y=0.065 z=-0.235 max_fifo=86/86
W (75394) kx134: FIFO seen at max capacity (86/86 frames) -- possible dropped samples
I (75394) kx134: epoch: n=2048 mean_g x=0.973 y=0.063 z=-0.232 max_fifo=86/86
W (75664) kx134: FIFO seen at max capacity (86/86 frames) -- possible dropped samples
I (75664) kx134: epoch: n=2048 mean_g x=0.975 y=0.063 z=-0.233 max_fifo=86/86
W (75934) kx134: FIFO seen at max capacity (86/86 frames) -- possible dropped samples
I (75934) kx134: epoch: n=2048 mean_g x=0.972 y=0.065 z=-0.233 max_fifo=86/86
W (76194) kx134: FIFO seen at max capacity (86/86 frames) -- possible dropped samples
I (76194) kx134: epoch: n=2048 mean_g x=0.969 y=0.066 z=-0.235 max_fifo=86/86
W (76474) kx134: FIFO seen at max capacity (86/86 frames) -- possible dropped samples
I (76474) kx134: epoch: n=2048 mean_g x=0.974 y=0.062 z=-0.233 max_fifo=86/86
W (76744) kx134: FIFO seen at max capacity (86/86 frames) -- possible dropped samples
I (76744) kx134: epoch: n=2048 mean_g x=0.971 y=0.062 z=-0.233 max_fifo=86/86
W (77004) kx134: FIFO seen at max capacity (86/86 frames) -- possible dropped samples
I (77004) kx134: epoch: n=2048 mean_g x=0.972 y=0.063 z=-0.233 max_fifo=86/86
W (77274) kx134: FIFO seen at max capacity (86/86 frames) -- possible dropped samples
I (77274) kx134: epoch: n=2048 mean_g x=0.970 y=0.064 z=-0.236 max_fifo=86/86
W (77534) kx134: FIFO seen at max capacity (86/86 frames) -- possible dropped samples
I (77534) kx134: epoch: n=2048 mean_g x=0.969 y=0.065 z=-0.236 max_fifo=86/86
W (77804) kx134: FIFO seen at max capacity (86/86 frames) -- possible dropped samples
I (77804) kx134: epoch: n=2048 mean_g x=0.972 y=0.062 z=-0.235 max_fifo=86/86
W (78064) kx134: FIFO seen at max capacity (86/86 frames) -- possible dropped samples
I (78064) kx134: epoch: n=2048 mean_g x=0.974 y=0.059 z=-0.232 max_fifo=86/86
W (78334) kx134: FIFO seen at max capacity (86/86 frames) -- possible dropped samples
I (78334) kx134: epoch: n=2048 mean_g x=0.970 y=0.066 z=-0.235 max_fifo=86/86
W (78604) kx134: FIFO seen at max capacity (86/86 frames) -- possible dropped samples
I (78604) kx134: epoch: n=2048 mean_g x=0.974 y=0.060 z=-0.234 max_fifo=86/86
W (78874) kx134: FIFO seen at max capacity (86/86 frames) -- possible dropped samples
I (78874) kx134: epoch: n=2048 mean_g x=0.972 y=0.067 z=-0.233 max_fifo=86/86
W (79134) kx134: FIFO seen at max capacity (86/86 frames) -- possible dropped samples
I (79134) kx134: epoch: n=2048 mean_g x=0.973 y=0.061 z=-0.232 max_fifo=86/86
W (79414) kx134: FIFO seen at max capacity (86/86 frames) -- possible dropped samples
I (79414) kx134: epoch: n=2048 mean_g x=0.971 y=0.065 z=-0.233 max_fifo=86/86
W (79674) kx134: FIFO seen at max capacity (86/86 frames) -- possible dropped samples
I (79674) kx134: epoch: n=2048 mean_g x=0.969 y=0.067 z=-0.235 max_fifo=86/86
W (79944) kx134: FIFO seen at max capacity (86/86 frames) -- possible dropped samples
I (79944) kx134: epoch: n=2048 mean_g x=0.972 y=0.062 z=-0.233 max_fifo=86/86
W (80214) kx134: FIFO seen at max capacity (86/86 frames) -- possible dropped samples
I (80214) kx134: epoch: n=2048 mean_g x=0.972 y=0.062 z=-0.235 max_fifo=86/86
E (80284) esp-tls: [sock=54] select() timeout
E (80284) transport_base: Failed to open a new connection: 32774
E (80284) mqtt_client: Error transport connect
W (80284) link_mqtt: disconnected
W (80474) kx134: FIFO seen at max capacity (86/86 frames) -- possible dropped samples
I (80474) kx134: epoch: n=2048 mean_g x=0.970 y=0.063 z=-0.234 max_fifo=86/86
W (80744) kx134: FIFO seen at max capacity (86/86 frames) -- possible dropped samples
I (80744) kx134: epoch: n=2048 mean_g x=0.972 y=0.066 z=-0.236 max_fifo=86/86
W (81004) kx134: FIFO seen at max capacity (86/86 frames) -- possible dropped samples
I (81004) kx134: epoch: n=2048 mean_g x=0.971 y=0.064 z=-0.234 max_fifo=86/86
W (81274) kx134: FIFO seen at max capacity (86/86 frames) -- possible dropped samples
I (81274) kx134: epoch: n=2048 mean_g x=0.972 y=0.060 z=-0.231 max_fifo=86/86
W (81544) kx134: FIFO seen at max capacity (86/86 frames) -- possible dropped samples
I (81544) kx134: epoch: n=2048 mean_g x=0.971 y=0.060 z=-0.234 max_fifo=86/86
W (81814) kx134: FIFO seen at max capacity (86/86 frames) -- possible dropped samples
I (81814) kx134: epoch: n=2048 mean_g x=0.969 y=0.065 z=-0.236 max_fifo=86/86
W (82074) kx134: FIFO seen at max capacity (86/86 frames) -- possible dropped samples
I (82074) kx134: epoch: n=2048 mean_g x=0.970 y=0.063 z=-0.234 max_fifo=86/86
W (82354) kx134: FIFO seen at max capacity (86/86 frames) -- possible dropped samples
I (82354) kx134: epoch: n=2048 mean_g x=0.972 y=0.064 z=-0.233 max_fifo=86/86
W (82614) kx134: FIFO seen at max capacity (86/86 frames) -- possible dropped samples
I (82614) kx134: epoch: n=2048 mean_g x=0.971 y=0.063 z=-0.235 max_fifo=86/86
W (82884) kx134: FIFO seen at max capacity (86/86 frames) -- possible dropped samples
I (82884) kx134: epoch: n=2048 mean_g x=0.977 y=0.059 z=-0.230 max_fifo=86/86
W (83154) kx134: FIFO seen at max capacity (86/86 frames) -- possible dropped samples
I (83154) kx134: epoch: n=2048 mean_g x=0.973 y=0.063 z=-0.232 max_fifo=86/86
W (83414) kx134: FIFO seen at max capacity (86/86 frames) -- possible dropped samples
I (83414) kx134: epoch: n=2048 mean_g x=0.971 y=0.064 z=-0.234 max_fifo=86/86
W (83684) kx134: FIFO seen at max capacity (86/86 frames) -- possible dropped samples
I (83684) kx134: epoch: n=2048 mean_g x=0.972 y=0.064 z=-0.234 max_fifo=86/86
W (83944) kx134: FIFO seen at max capacity (86/86 frames) -- possible dropped samples
I (83944) kx134: epoch: n=2048 mean_g x=0.973 y=0.062 z=-0.234 max_fifo=86/86
W (84214) kx134: FIFO seen at max capacity (86/86 frames) -- possible dropped samples
I (84214) kx134: epoch: n=2048 mean_g x=0.974 y=0.061 z=-0.231 max_fifo=86/86
W (84484) kx134: FIFO seen at max capacity (86/86 frames) -- possible dropped samples
I (84484) kx134: epoch: n=2048 mean_g x=0.973 y=0.065 z=-0.235 max_fifo=86/86
W (84754) kx134: FIFO seen at max capacity (86/86 frames) -- possible dropped samples
I (84754) kx134: epoch: n=2048 mean_g x=0.975 y=0.063 z=-0.232 max_fifo=86/86
W (85014) kx134: FIFO seen at max capacity (86/86 frames) -- possible dropped samples
I (85014) kx134: epoch: n=2048 mean_g x=0.971 y=0.063 z=-0.233 max_fifo=86/86
W (85294) kx134: FIFO seen at max capacity (86/86 frames) -- possible dropped samples
I (85294) kx134: epoch: n=2048 mean_g x=0.971 y=0.062 z=-0.233 max_fifo=86/86
W (85554) kx134: FIFO seen at max capacity (86/86 frames) -- possible dropped samples
I (85554) kx134: epoch: n=2048 mean_g x=0.971 y=0.060 z=-0.235 max_fifo=86/86
W (85824) kx134: FIFO seen at max capacity (86/86 frames) -- possible dropped samples
I (85824) kx134: epoch: n=2048 mean_g x=0.970 y=0.063 z=-0.236 max_fifo=86/86
W (86094) kx134: FIFO seen at max capacity (86/86 frames) -- possible dropped samples
I (86094) kx134: epoch: n=2048 mean_g x=0.972 y=0.063 z=-0.235 max_fifo=86/86
W (86364) kx134: FIFO seen at max capacity (86/86 frames) -- possible dropped samples
I (86364) kx134: epoch: n=2048 mean_g x=0.970 y=0.062 z=-0.236 max_fifo=86/86
W (86624) kx134: FIFO seen at max capacity (86/86 frames) -- possible dropped samples
I (86624) kx134: epoch: n=2048 mean_g x=0.971 y=0.061 z=-0.235 max_fifo=86/86
W (86884) kx134: FIFO seen at max capacity (86/86 frames) -- possible dropped samples
I (86884) kx134: epoch: n=2048 mean_g x=0.973 y=0.065 z=-0.236 max_fifo=86/86
W (87154) kx134: FIFO seen at max capacity (86/86 frames) -- possible dropped samples
I (87154) kx134: epoch: n=2048 mean_g x=0.972 y=0.063 z=-0.235 max_fifo=86/86
W (87424) kx134: FIFO seen at max capacity (86/86 frames) -- possible dropped samples
I (87424) kx134: epoch: n=2048 mean_g x=0.972 y=0.062 z=-0.231 max_fifo=86/86
W (87694) kx134: FIFO seen at max capacity (86/86 frames) -- possible dropped samples
I (87694) kx134: epoch: n=2048 mean_g x=0.970 y=0.062 z=-0.234 max_fifo=86/86
W (87954) kx134: FIFO seen at max capacity (86/86 frames) -- possible dropped samples
I (87954) kx134: epoch: n=2048 mean_g x=0.972 y=0.067 z=-0.237 max_fifo=86/86
W (88234) kx134: FIFO seen at max capacity (86/86 frames) -- possible dropped samples
I (88234) kx134: epoch: n=2048 mean_g x=0.969 y=0.069 z=-0.236 max_fifo=86/86
W (88504) kx134: FIFO seen at max capacity (86/86 frames) -- possible dropped samples
I (88504) kx134: epoch: n=2048 mean_g x=0.971 y=0.062 z=-0.231 max_fifo=86/86
W (88764) kx134: FIFO seen at max capacity (86/86 frames) -- possible dropped samples
I (88764) kx134: epoch: n=2048 mean_g x=0.972 y=0.064 z=-0.235 max_fifo=86/86
W (89034) kx134: FIFO seen at max capacity (86/86 frames) -- possible dropped samples
I (89034) kx134: epoch: n=2048 mean_g x=0.973 y=0.060 z=-0.234 max_fifo=86/86
W (89294) kx134: FIFO seen at max capacity (86/86 frames) -- possible dropped samples
I (89294) kx134: epoch: n=2048 mean_g x=0.971 y=0.062 z=-0.233 max_fifo=86/86
W (89564) kx134: FIFO seen at max capacity (86/86 frames) -- possible dropped samples
I (89564) kx134: epoch: n=2048 mean_g x=0.973 y=0.064 z=-0.235 max_fifo=86/86
W (89824) kx134: FIFO seen at max capacity (86/86 frames) -- possible dropped samples
I (89824) kx134: epoch: n=2048 mean_g x=0.974 y=0.061 z=-0.233 max_fifo=86/86
W (90094) kx134: FIFO seen at max capacity (86/86 frames) -- possible dropped samples
I (90094) kx134: epoch: n=2048 mean_g x=0.973 y=0.063 z=-0.233 max_fifo=86/86
W (90364) kx134: FIFO seen at max capacity (86/86 frames) -- possible dropped samples
I (90364) kx134: epoch: n=2048 mean_g x=0.972 y=0.061 z=-0.235 max_fifo=86/86
W (90634) kx134: FIFO seen at max capacity (86/86 frames) -- possible dropped samples
I (90634) kx134: epoch: n=2048 mean_g x=0.971 y=0.063 z=-0.233 max_fifo=86/86
W (90894) kx134: FIFO seen at max capacity (86/86 frames) -- possible dropped samples
I (90894) kx134: epoch: n=2048 mean_g x=0.970 y=0.067 z=-0.236 max_fifo=86/86
W (91174) kx134: FIFO seen at max capacity (86/86 frames) -- possible dropped samples
I (91174) kx134: epoch: n=2048 mean_g x=0.970 y=0.065 z=-0.237 max_fifo=86/86
W (91434) kx134: FIFO seen at max capacity (86/86 frames) -- possible dropped samples
I (91434) kx134: epoch: n=2048 mean_g x=0.973 y=0.061 z=-0.234 max_fifo=86/86
W (91704) kx134: FIFO seen at max capacity (86/86 frames) -- possible dropped samples
I (91704) kx134: epoch: n=2048 mean_g x=0.970 y=0.063 z=-0.234 max_fifo=86/86
I (91734) DIAG: Stack HWM (bytes free): mic=7204 dsp=4120 rgb=1920 imu=1596 diag=844
I (91734) DIAG: CPU runtime:
diag           	201863		<1%
IDLE1          	89111275		98%
IDLE0          	70156046		77%
tiT            	131600		<1%
mic_task       	682724		<1%
imu_task       	13385899		14%
wifi_prov      	2134		<1%
mqtt_task      	46540		<1%
dsp_task       	1122998		1%
net            	4972586		5%
main           	157643		<1%
sys_evt        	4169		<1%
Tmr Svc        	17		<1%
rgb_led        	228790		<1%
esp_timer      	17072		<1%
wifi           	813655		<1%
ipc1           	50576		<1%
ipc0           	37902		<1%

I (91774) DIAG: Heap free: internal=30960 largest_free=21504 PSRAM=8209980 IRAM=0
I (91784) DIAG: wifi: connects=1 disconnects=0 retry_cnt=0
I (91794) DIAG: mqtt: connects=0 disconnects=6 publishes=0 publish_failures=0 cmds_received=0
I (91804) DIAG: wifi_prov: state=1 provisioning_entries=0 recovery_entries=0 recovery_successes=0
I (91804) DIAG: mic: blocks_ok=1408 capture_failures=0 rb_drops=0
W (91814) DIAG: mic i2s: overflow_count=7 (cumulative) read_errors=0 short_reads=0 — check CPU load
I (91824) DIAG: dsp: fft_count=1408 frames_emitted=352 rb_timeouts=0 last_fft_us=604
I (91834) DIAG: imu: epochs=337 read_errors=0 reinit_attempts=0 reinit_successes=0
I (91834) DIAG: accel: reads_ok=1011 read_errors=0 fifo_max_hits=337
I (91844) DIAG: net: frames_built=413 build_failures=0 publish_failures=0 cmd_malformed=0 disconnect_reverts=0
I (91854) DIAG: led: state_changes=4 remote_updates=0 hw_errors=0
W (91974) kx134: FIFO seen at max capacity (86/86 frames) -- possible dropped samples
I (91974) kx134: epoch: n=2048 mean_g x=0.971 y=0.061 z=-0.234 max_fifo=86/86
W (92234) kx134: FIFO seen at max capacity (86/86 frames) -- possible dropped samples
I (92234) kx134: epoch: n=2048 mean_g x=0.972 y=0.062 z=-0.234 max_fifo=86/86
W (92504) kx134: FIFO seen at max capacity (86/86 frames) -- possible dropped samples
I (92504) kx134: epoch: n=2048 mean_g x=0.971 y=0.065 z=-0.232 max_fifo=86/86
W (92764) kx134: FIFO seen at max capacity (86/86 frames) -- possible dropped samples
I (92764) kx134: epoch: n=2048 mean_g x=0.972 y=0.066 z=-0.236 max_fifo=86/86
W (93034) kx134: FIFO seen at max capacity (86/86 frames) -- possible dropped samples
I (93034) kx134: epoch: n=2048 mean_g x=0.974 y=0.066 z=-0.235 max_fifo=86/86
E (93294) esp-tls: [sock=54] select() timeout
E (93294) transport_base: Failed to open a new connection: 32774
E (93294) mqtt_client: Error transport connect
W (93294) link_mqtt: disconnected
W (93314) kx134: FIFO seen at max capacity (86/86 frames) -- possible dropped samples
I (93314) kx134: epoch: n=2048 mean_g x=0.972 y=0.065 z=-0.234 max_fifo=86/86
W (93574) kx134: FIFO seen at max capacity (86/86 frames) -- possible dropped samples
I (93574) kx134: epoch: n=2048 mean_g x=0.971 y=0.062 z=-0.235 max_fifo=86/86
W (93834) kx134: FIFO seen at max capacity (86/86 frames) -- possible dropped samples
I (93834) kx134: epoch: n=2048 mean_g x=0.972 y=0.065 z=-0.235 max_fifo=86/86
W (94114) kx134: FIFO seen at max capacity (86/86 frames) -- possible dropped samples
I (94114) kx134: epoch: n=2048 mean_g x=0.968 y=0.063 z=-0.233 max_fifo=86/86
W (94374) kx134: FIFO seen at max capacity (86/86 frames) -- possible dropped samples
I (94374) kx134: epoch: n=2048 mean_g x=0.973 y=0.062 z=-0.235 max_fifo=86/86
W (94644) kx134: FIFO seen at max capacity (86/86 frames) -- possible dropped samples
I (94644) kx134: epoch: n=2048 mean_g x=0.972 y=0.065 z=-0.235 max_fifo=86/86
W (94914) kx134: FIFO seen at max capacity (86/86 frames) -- possible dropped samples
I (94914) kx134: epoch: n=2048 mean_g x=0.971 y=0.066 z=-0.235 max_fifo=86/86
W (95174) kx134: FIFO seen at max capacity (86/86 frames) -- possible dropped samples
I (95174) kx134: epoch: n=2048 mean_g x=0.971 y=0.062 z=-0.235 max_fifo=86/86
W (95444) kx134: FIFO seen at max capacity (86/86 frames) -- possible dropped samples
I (95444) kx134: epoch: n=2048 mean_g x=0.972 y=0.065 z=-0.235 max_fifo=86/86
W (95704) kx134: FIFO seen at max capacity (86/86 frames) -- possible dropped samples
I (95704) kx134: epoch: n=2048 mean_g x=0.970 y=0.065 z=-0.236 max_fifo=86/86
W (95974) kx134: FIFO seen at max capacity (86/86 frames) -- possible dropped samples
I (95974) kx134: epoch: n=2048 mean_g x=0.970 y=0.066 z=-0.238 max_fifo=86/86
W (96244) kx134: FIFO seen at max capacity (86/86 frames) -- possible dropped samples
I (96244) kx134: epoch: n=2048 mean_g x=0.969 y=0.066 z=-0.233 max_fifo=86/86
W (96514) kx134: FIFO seen at max capacity (86/86 frames) -- possible dropped samples
I (96514) kx134: epoch: n=2048 mean_g x=0.971 y=0.063 z=-0.235 max_fifo=86/86
W (96774) kx134: FIFO seen at max capacity (86/86 frames) -- possible dropped samples
I (96774) kx134: epoch: n=2048 mean_g x=0.973 y=0.064 z=-0.237 max_fifo=86/86
W (97054) kx134: FIFO seen at max capacity (86/86 frames) -- possible dropped samples
I (97054) kx134: epoch: n=2048 mean_g x=0.971 y=0.062 z=-0.234 max_fifo=86/86
W (97314) kx134: FIFO seen at max capacity (86/86 frames) -- possible dropped samples
I (97314) kx134: epoch: n=2048 mean_g x=0.974 y=0.063 z=-0.235 max_fifo=86/86
W (97584) kx134: FIFO seen at max capacity (86/86 frames) -- possible dropped samples
I (97584) kx134: epoch: n=2048 mean_g x=0.968 y=0.064 z=-0.234 max_fifo=86/86
W (97854) kx134: FIFO seen at max capacity (86/86 frames) -- possible dropped samples
I (97854) kx134: epoch: n=2048 mean_g x=0.969 y=0.063 z=-0.234 max_fifo=86/86
W (98124) kx134: FIFO seen at max capacity (86/86 frames) -- possible dropped samples
I (98124) kx134: epoch: n=2048 mean_g x=0.971 y=0.064 z=-0.234 max_fifo=86/86
W (98384) kx134: FIFO seen at max capacity (86/86 frames) -- possible dropped samples
I (98384) kx134: epoch: n=2048 mean_g x=0.971 y=0.063 z=-0.235 max_fifo=86/86
W (98644) kx134: FIFO seen at max capacity (86/86 frames) -- possible dropped samples
I (98644) kx134: epoch: n=2048 mean_g x=0.972 y=0.064 z=-0.234 max_fifo=86/86
W (98904) kx134: FIFO seen at max capacity (86/86 frames) -- possible dropped samples
I (98904) kx134: epoch: n=2048 mean_g x=0.973 y=0.065 z=-0.234 max_fifo=86/86
W (99174) kx134: FIFO seen at max capacity (86/86 frames) -- possible dropped samples
I (99174) kx134: epoch: n=2048 mean_g x=0.974 y=0.065 z=-0.233 max_fifo=86/86
W (99434) kx134: FIFO seen at max capacity (86/86 frames) -- possible dropped samples
I (99434) kx134: epoch: n=2048 mean_g x=0.971 y=0.065 z=-0.236 max_fifo=86/86
W (99694) kx134: FIFO seen at max capacity (86/86 frames) -- possible dropped samples
I (99694) kx134: epoch: n=2048 mean_g x=0.969 y=0.065 z=-0.237 max_fifo=86/86
W (99964) kx134: FIFO seen at max capacity (86/86 frames) -- possible dropped samples
I (99964) kx134: epoch: n=2048 mean_g x=0.970 y=0.062 z=-0.235 max_fifo=86/86
W (100234) kx134: FIFO seen at max capacity (86/86 frames) -- possible dropped samples
I (100234) kx134: epoch: n=2048 mean_g x=0.969 y=0.063 z=-0.234 max_fifo=86/86
W (100504) kx134: FIFO seen at max capacity (86/86 frames) -- possible dropped samples
I (100504) kx134: epoch: n=2048 mean_g x=0.972 y=0.060 z=-0.232 max_fifo=86/86
W (100764) kx134: FIFO seen at max capacity (86/86 frames) -- possible dropped samples
I (100764) kx134: epoch: n=2048 mean_g x=0.972 y=0.062 z=-0.234 max_fifo=86/86
W (101044) kx134: FIFO seen at max capacity (86/86 frames) -- possible dropped samples
I (101044) kx134: epoch: n=2048 mean_g x=0.972 y=0.066 z=-0.236 max_fifo=86/86
W (101314) kx134: FIFO seen at max capacity (86/86 frames) -- possible dropped samples
I (101314) kx134: epoch: n=2048 mean_g x=0.975 y=0.061 z=-0.236 max_fifo=86/86
W (101574) kx134: FIFO seen at max capacity (86/86 frames) -- possible dropped samples
I (101574) kx134: epoch: n=2048 mean_g x=0.973 y=0.067 z=-0.235 max_fifo=86/86
W (101844) kx134: FIFO seen at max capacity (86/86 frames) -- possible dropped samples
I (101844) kx134: epoch: n=2048 mean_g x=0.974 y=0.061 z=-0.232 max_fifo=86/86
W (102104) kx134: FIFO seen at max capacity (86/86 frames) -- possible dropped samples
I (102104) kx134: epoch: n=2048 mean_g x=0.973 y=0.061 z=-0.233 max_fifo=86/86
W (102374) kx134: FIFO seen at max capacity (86/86 frames) -- possible dropped samples
I (102374) kx134: epoch: n=2048 mean_g x=0.969 y=0.064 z=-0.237 max_fifo=86/86
W (102634) kx134: FIFO seen at max capacity (86/86 frames) -- possible dropped samples
I (102634) kx134: epoch: n=2048 mean_g x=0.973 y=0.063 z=-0.235 max_fifo=86/86
W (102904) kx134: FIFO seen at max capacity (86/86 frames) -- possible dropped samples
I (102904) kx134: epoch: n=2048 mean_g x=0.970 y=0.065 z=-0.236 max_fifo=86/86
W (103174) kx134: FIFO seen at max capacity (86/86 frames) -- possible dropped samples
I (103174) kx134: epoch: n=2048 mean_g x=0.971 y=0.065 z=-0.235 max_fifo=86/86
W (103444) kx134: FIFO seen at max capacity (86/86 frames) -- possible dropped samples
I (103454) kx134: epoch: n=2048 mean_g x=0.972 y=0.062 z=-0.233 max_fifo=86/86
W (103704) kx134: FIFO seen at max capacity (86/86 frames) -- possible dropped samples
I (103704) kx134: epoch: n=2048 mean_g x=0.971 y=0.061 z=-0.233 max_fifo=86/86
W (103984) kx134: FIFO seen at max capacity (86/86 frames) -- possible dropped samples
I (103984) kx134: epoch: n=2048 mean_g x=0.969 y=0.067 z=-0.232 max_fifo=86/86
W (104244) kx134: FIFO seen at max capacity (86/86 frames) -- possible dropped samples
I (104244) kx134: epoch: n=2048 mean_g x=0.970 y=0.063 z=-0.232 max_fifo=86/86
W (104514) kx134: FIFO seen at max capacity (86/86 frames) -- possible dropped samples
I (104514) kx134: epoch: n=2048 mean_g x=0.968 y=0.068 z=-0.235 max_fifo=86/86
W (104784) kx134: FIFO seen at max capacity (86/86 frames) -- possible dropped samples
I (104784) kx134: epoch: n=2048 mean_g x=0.974 y=0.063 z=-0.231 max_fifo=86/86
W (105044) kx134: FIFO seen at max capacity (86/86 frames) -- possible dropped samples
I (105044) kx134: epoch: n=2048 mean_g x=0.971 y=0.063 z=-0.234 max_fifo=86/86
W (105314) kx134: FIFO seen at max capacity (86/86 frames) -- possible dropped samples
I (105314) kx134: epoch: n=2048 mean_g x=0.970 y=0.066 z=-0.235 max_fifo=86/86
W (105574) kx134: FIFO seen at max capacity (86/86 frames) -- possible dropped samples
I (105574) kx134: epoch: n=2048 mean_g x=0.972 y=0.061 z=-0.232 max_fifo=86/86
W (105844) kx134: FIFO seen at max capacity (86/86 frames) -- possible dropped samples
I (105844) kx134: epoch: n=2048 mean_g x=0.972 y=0.062 z=-0.237 max_fifo=86/86
W (106114) kx134: FIFO seen at max capacity (86/86 frames) -- possible dropped samples
I (106114) kx134: epoch: n=2048 mean_g x=0.970 y=0.065 z=-0.236 max_fifo=86/86
E (106304) esp-tls: [sock=54] select() timeout
E (106304) transport_base: Failed to open a new connection: 32774
E (106304) mqtt_client: Error transport connect
W (106304) link_mqtt: disconnected
W (106384) kx134: FIFO seen at max capacity (86/86 frames) -- possible dropped samples
I (106384) kx134: epoch: n=2048 mean_g x=0.970 y=0.067 z=-0.237 max_fifo=86/86
W (106644) kx134: FIFO seen at max capacity (86/86 frames) -- possible dropped samples
I (106644) kx134: epoch: n=2048 mean_g x=0.969 y=0.067 z=-0.239 max_fifo=86/86
W (106924) kx134: FIFO seen at max capacity (86/86 frames) -- possible dropped samples
I (106924) kx134: epoch: n=2048 mean_g x=0.971 y=0.064 z=-0.237 max_fifo=86/86
W (107184) kx134: FIFO seen at max capacity (86/86 frames) -- possible dropped samples
I (107184) kx134: epoch: n=2048 mean_g x=0.970 y=0.064 z=-0.235 max_fifo=86/86
W (107454) kx134: FIFO seen at max capacity (86/86 frames) -- possible dropped samples
I (107454) kx134: epoch: n=2048 mean_g x=0.972 y=0.064 z=-0.235 max_fifo=86/86
W (107724) kx134: FIFO seen at max capacity (86/86 frames) -- possible dropped samples
I (107724) kx134: epoch: n=2048 mean_g x=0.972 y=0.064 z=-0.236 max_fifo=86/86
W (107984) kx134: FIFO seen at max capacity (86/86 frames) -- possible dropped samples
I (107984) kx134: epoch: n=2048 mean_g x=0.970 y=0.065 z=-0.236 max_fifo=86/86
W (108254) kx134: FIFO seen at max capacity (86/86 frames) -- possible dropped samples
I (108254) kx134: epoch: n=2048 mean_g x=0.972 y=0.064 z=-0.236 max_fifo=86/86
W (108514) kx134: FIFO seen at max capacity (86/86 frames) -- possible dropped samples
I (108514) kx134: epoch: n=2048 mean_g x=0.970 y=0.066 z=-0.236 max_fifo=86/86
W (108784) kx134: FIFO seen at max capacity (86/86 frames) -- possible dropped samples
I (108784) kx134: epoch: n=2048 mean_g x=0.974 y=0.059 z=-0.234 max_fifo=86/86
W (109054) kx134: FIFO seen at max capacity (86/86 frames) -- possible dropped samples
I (109054) kx134: epoch: n=2048 mean_g x=0.973 y=0.065 z=-0.237 max_fifo=86/86
W (109324) kx134: FIFO seen at max capacity (86/86 frames) -- possible dropped samples
I (109324) kx134: epoch: n=2048 mean_g x=0.972 y=0.062 z=-0.232 max_fifo=86/86
W (109584) kx134: FIFO seen at max capacity (86/86 frames) -- possible dropped samples
I (109584) kx134: epoch: n=2048 mean_g x=0.972 y=0.065 z=-0.237 max_fifo=86/86
W (109864) kx134: FIFO seen at max capacity (86/86 frames) -- possible dropped samples
I (109864) kx134: epoch: n=2048 mean_g x=0.972 y=0.065 z=-0.236 max_fifo=86/86
W (110134) kx134: FIFO seen at max capacity (86/86 frames) -- possible dropped samples
I (110134) kx134: epoch: n=2048 mean_g x=0.970 y=0.062 z=-0.233 max_fifo=86/86
W (110394) kx134: FIFO seen at max capacity (86/86 frames) -- possible dropped samples
I (110394) kx134: epoch: n=2048 mean_g x=0.970 y=0.066 z=-0.236 max_fifo=86/86
W (110664) kx134: FIFO seen at max capacity (86/86 frames) -- possible dropped samples
I (110664) kx134: epoch: n=2048 mean_g x=0.969 y=0.065 z=-0.237 max_fifo=86/86
W (110934) kx134: FIFO seen at max capacity (86/86 frames) -- possible dropped samples
I (110934) kx134: epoch: n=2048 mean_g x=0.970 y=0.062 z=-0.237 max_fifo=86/86
W (111194) kx134: FIFO seen at max capacity (86/86 frames) -- possible dropped samples
I (111194) kx134: epoch: n=2048 mean_g x=0.970 y=0.066 z=-0.236 max_fifo=86/86
W (111454) kx134: FIFO seen at max capacity (86/86 frames) -- possible dropped samples
I (111454) kx134: epoch: n=2048 mean_g x=0.969 y=0.064 z=-0.236 max_fifo=86/86
W (111724) kx134: FIFO seen at max capacity (86/86 frames) -- possible dropped samples
I (111724) kx134: epoch: n=2048 mean_g x=0.971 y=0.058 z=-0.233 max_fifo=86/86
W (111994) kx134: FIFO seen at max capacity (86/86 frames) -- possible dropped samples
I (111994) kx134: epoch: n=2048 mean_g x=0.971 y=0.065 z=-0.237 max_fifo=86/86
W (112264) kx134: FIFO seen at max capacity (86/86 frames) -- possible dropped samples
I (112264) kx134: epoch: n=2048 mean_g x=0.974 y=0.062 z=-0.234 max_fifo=86/86
W (112524) kx134: FIFO seen at max capacity (86/86 frames) -- possible dropped samples
I (112524) kx134: epoch: n=2048 mean_g x=0.973 y=0.060 z=-0.234 max_fifo=86/86
W (112804) kx134: FIFO seen at max capacity (86/86 frames) -- possible dropped samples
I (112804) kx134: epoch: n=2048 mean_g x=0.972 y=0.066 z=-0.235 max_fifo=86/86
W (113074) kx134: FIFO seen at max capacity (86/86 frames) -- possible dropped samples
I (113074) kx134: epoch: n=2048 mean_g x=0.976 y=0.063 z=-0.232 max_fifo=86/86
W (113334) kx134: FIFO seen at max capacity (86/86 frames) -- possible dropped samples
I (113334) kx134: epoch: n=2048 mean_g x=0.973 y=0.060 z=-0.233 max_fifo=86/86
W (113604) kx134: FIFO seen at max capacity (86/86 frames) -- possible dropped samples
I (113604) kx134: epoch: n=2048 mean_g x=0.973 y=0.062 z=-0.233 max_fifo=86/86
W (113864) kx134: FIFO seen at max capacity (86/86 frames) -- possible dropped samples
I (113864) kx134: epoch: n=2048 mean_g x=0.973 y=0.063 z=-0.234 max_fifo=86/86
W (114134) kx134: FIFO seen at max capacity (86/86 frames) -- possible dropped samples
I (114134) kx134: epoch: n=2048 mean_g x=0.970 y=0.066 z=-0.233 max_fifo=86/86
W (114394) kx134: FIFO seen at max capacity (86/86 frames) -- possible dropped samples
I (114394) kx134: epoch: n=2048 mean_g x=0.972 y=0.062 z=-0.233 max_fifo=86/86
W (114664) kx134: FIFO seen at max capacity (86/86 frames) -- possible dropped samples
I (114664) kx134: epoch: n=2048 mean_g x=0.971 y=0.065 z=-0.235 max_fifo=86/86
W (114934) kx134: FIFO seen at max capacity (86/86 frames) -- possible dropped samples
I (114934) kx134: epoch: n=2048 mean_g x=0.973 y=0.062 z=-0.235 max_fifo=86/86
W (115204) kx134: FIFO seen at max capacity (86/86 frames) -- possible dropped samples
I (115204) kx134: epoch: n=2048 mean_g x=0.971 y=0.062 z=-0.233 max_fifo=86/86
W (115464) kx134: FIFO seen at max capacity (86/86 frames) -- possible dropped samples
I (115464) kx134: epoch: n=2048 mean_g x=0.974 y=0.067 z=-0.234 max_fifo=86/86
W (115744) kx134: FIFO seen at max capacity (86/86 frames) -- possible dropped samples
I (115744) kx134: epoch: n=2048 mean_g x=0.972 y=0.063 z=-0.235 max_fifo=86/86
W (116004) kx134: FIFO seen at max capacity (86/86 frames) -- possible dropped samples
I (116004) kx134: epoch: n=2048 mean_g x=0.973 y=0.065 z=-0.235 max_fifo=86/86
W (116274) kx134: FIFO seen at max capacity (86/86 frames) -- possible dropped samples
I (116274) kx134: epoch: n=2048 mean_g x=0.972 y=0.064 z=-0.234 max_fifo=86/86
W (116544) kx134: FIFO seen at max capacity (86/86 frames) -- possible dropped samples
I (116544) kx134: epoch: n=2048 mean_g x=0.970 y=0.066 z=-0.234 max_fifo=86/86
W (116804) kx134: FIFO seen at max capacity (86/86 frames) -- possible dropped samples
I (116804) kx134: epoch: n=2048 mean_g x=0.973 y=0.064 z=-0.234 max_fifo=86/86
W (117074) kx134: FIFO seen at max capacity (86/86 frames) -- possible dropped samples
I (117074) kx134: epoch: n=2048 mean_g x=0.973 y=0.062 z=-0.234 max_fifo=86/86
W (117334) kx134: FIFO seen at max capacity (86/86 frames) -- possible dropped samples
I (117334) kx134: epoch: n=2048 mean_g x=0.974 y=0.060 z=-0.232 max_fifo=86/86
W (117604) kx134: FIFO seen at max capacity (86/86 frames) -- possible dropped samples
I (117604) kx134: epoch: n=2048 mean_g x=0.971 y=0.064 z=-0.236 max_fifo=86/86
W (117874) kx134: FIFO seen at max capacity (86/86 frames) -- possible dropped samples
I (117874) kx134: epoch: n=2048 mean_g x=0.974 y=0.063 z=-0.232 max_fifo=86/86
W (118144) kx134: FIFO seen at max capacity (86/86 frames) -- possible dropped samples
I (118144) kx134: epoch: n=2048 mean_g x=0.973 y=0.063 z=-0.234 max_fifo=86/86
W (118404) kx134: FIFO seen at max capacity (86/86 frames) -- possible dropped samples
I (118404) kx134: epoch: n=2048 mean_g x=0.970 y=0.063 z=-0.235 max_fifo=86/86
W (118684) kx134: FIFO seen at max capacity (86/86 frames) -- possible dropped samples
I (118684) kx134: epoch: n=2048 mean_g x=0.970 y=0.063 z=-0.235 max_fifo=86/86
W (118944) kx134: FIFO seen at max capacity (86/86 frames) -- possible dropped samples
I (118944) kx134: epoch: n=2048 mean_g x=0.972 y=0.062 z=-0.235 max_fifo=86/86
W (119214) kx134: FIFO seen at max capacity (86/86 frames) -- possible dropped samples
I (119214) kx134: epoch: n=2048 mean_g x=0.974 y=0.062 z=-0.228 max_fifo=86/86
E (119314) esp-tls: [sock=54] select() timeout
E (119314) transport_base: Failed to open a new connection: 32774
E (119314) mqtt_client: Error transport connect
W (119314) link_mqtt: disconnected
W (119484) kx134: FIFO seen at max capacity (86/86 frames) -- possible dropped samples
I (119484) kx134: epoch: n=2048 mean_g x=0.974 y=0.061 z=-0.231 max_fifo=86/86
W (119744) kx134: FIFO seen at max capacity (86/86 frames) -- possible dropped samples
I (119744) kx134: epoch: n=2048 mean_g x=0.971 y=0.062 z=-0.232 max_fifo=86/86
W (120014) kx134: FIFO seen at max capacity (86/86 frames) -- possible dropped samples
I (120014) kx134: epoch: n=2048 mean_g x=0.974 y=0.063 z=-0.236 max_fifo=86/86
W (120274) kx134: FIFO seen at max capacity (86/86 frames) -- possible dropped samples
I (120274) kx134: epoch: n=2048 mean_g x=0.970 y=0.065 z=-0.235 max_fifo=86/86
W (120544) kx134: FIFO seen at max capacity (86/86 frames) -- possible dropped samples
I (120544) kx134: epoch: n=2048 mean_g x=0.971 y=0.067 z=-0.236 max_fifo=86/86
W (120814) kx134: FIFO seen at max capacity (86/86 frames) -- possible dropped samples
I (120814) kx134: epoch: n=2048 mean_g x=0.973 y=0.063 z=-0.236 max_fifo=86/86
W (121084) kx134: FIFO seen at max capacity (86/86 frames) -- possible dropped samples
I (121084) kx134: epoch: n=2048 mean_g x=0.970 y=0.064 z=-0.235 max_fifo=86/86
W (121344) kx134: FIFO seen at max capacity (86/86 frames) -- possible dropped samples
I (121344) kx134: epoch: n=2048 mean_g x=0.973 y=0.065 z=-0.235 max_fifo=86/86
W (121624) kx134: FIFO seen at max capacity (86/86 frames) -- possible dropped samples
I (121624) kx134: epoch: n=2048 mean_g x=0.971 y=0.066 z=-0.234 max_fifo=86/86
I (121864) DIAG: Stack HWM (bytes free): mic=7204 dsp=4120 rgb=1920 imu=1596 diag=828
I (121864) DIAG: CPU runtime:
diag           	310531		<1%
IDLE1          	118855494		98%
IDLE0          	93599845		77%
net            	6703127		5%
tiT            	173178		<1%
mqtt_task      	69346		<1%
wifi_prov      	2744		<1%
imu_task       	17835723		14%
dsp_task       	1495349		1%
mic_task       	907661		<1%
main           	157643		<1%
Tmr Svc        	17		<1%
rgb_led        	228790		<1%
ipc1           	50576		<1%
esp_timer      	21849		<1%
wifi           	927042		<1%
ipc0           	37902		<1%
sys_evt        	4169		<1%

W (121884) kx134: FIFO seen at max capacity (86/86 frames) -- possible dropped samples
I (121914) kx134: epoch: n=2048 mean_g x=0.974 y=0.062 z=-0.230 max_fifo=86/86
I (121944) DIAG: Heap free: internal=31548 largest_free=21504 PSRAM=8210148 IRAM=0
I (121944) DIAG: wifi: connects=1 disconnects=0 retry_cnt=0
I (121944) DIAG: mqtt: connects=0 disconnects=9 publishes=0 publish_failures=0 cmds_received=0
I (121954) DIAG: wifi_prov: state=1 provisioning_entries=0 recovery_entries=0 recovery_successes=0
I (121964) DIAG: mic: blocks_ok=1879 capture_failures=0 rb_drops=0
W (121964) DIAG: mic i2s: overflow_count=7 (cumulative) read_errors=0 short_reads=0 — check CPU load
I (121974) DIAG: dsp: fft_count=1880 frames_emitted=470 rb_timeouts=0 last_fft_us=604
I (121984) DIAG: imu: epochs=450 read_errors=0 reinit_attempts=0 reinit_successes=0
I (122004) DIAG: accel: reads_ok=1350 read_errors=0 fifo_max_hits=450
I (122004) DIAG: net: frames_built=557 build_failures=0 publish_failures=0 cmd_malformed=0 disconnect_reverts=0
I (122004) DIAG: led: state_changes=4 remote_updates=0 hw_errors=0
W (122174) kx134: FIFO seen at max capacity (86/86 frames) -- possible dropped samples
I (122174) kx134: epoch: n=2048 mean_g x=0.973 y=0.060 z=-0.233 max_fifo=86/86
W (122454) kx134: FIFO seen at max capacity (86/86 frames) -- possible dropped samples
I (122454) kx134: epoch: n=2048 mean_g x=0.972 y=0.063 z=-0.235 max_fifo=86/86
W (122724) kx134: FIFO seen at max capacity (86/86 frames) -- possible dropped samples
I (122724) kx134: epoch: n=2048 mean_g x=0.972 y=0.066 z=-0.238 max_fifo=86/86
W (122994) kx134: FIFO seen at max capacity (86/86 frames) -- possible dropped samples
I (122994) kx134: epoch: n=2048 mean_g x=0.970 y=0.064 z=-0.236 max_fifo=86/86
W (123264) kx134: FIFO seen at max capacity (86/86 frames) -- possible dropped samples
I (123264) kx134: epoch: n=2048 mean_g x=0.973 y=0.062 z=-0.236 max_fifo=86/86
W (123524) kx134: FIFO seen at max capacity (86/86 frames) -- possible dropped samples
I (123524) kx134: epoch: n=2048 mean_g x=0.974 y=0.061 z=-0.232 max_fifo=86/86
W (123794) kx134: FIFO seen at max capacity (86/86 frames) -- possible dropped samples
I (123794) kx134: epoch: n=2048 mean_g x=0.974 y=0.065 z=-0.235 max_fifo=86/86
W (124054) kx134: FIFO seen at max capacity (86/86 frames) -- possible dropped samples
I (124054) kx134: epoch: n=2048 mean_g x=0.970 y=0.063 z=-0.236 max_fifo=86/86
W (124324) kx134: FIFO seen at max capacity (86/86 frames) -- possible dropped samples
I (124324) kx134: epoch: n=2048 mean_g x=0.971 y=0.062 z=-0.234 max_fifo=86/86
W (124594) kx134: FIFO seen at max capacity (86/86 frames) -- possible dropped samples
I (124594) kx134: epoch: n=2048 mean_g x=0.973 y=0.063 z=-0.234 max_fifo=86/86
W (124864) kx134: FIFO seen at max capacity (86/86 frames) -- possible dropped samples
I (124864) kx134: epoch: n=2048 mean_g x=0.967 y=0.065 z=-0.239 max_fifo=86/86
W (125124) kx134: FIFO seen at max capacity (86/86 frames) -- possible dropped samples
I (125124) kx134: epoch: n=2048 mean_g x=0.974 y=0.061 z=-0.234 max_fifo=86/86
W (125404) kx134: FIFO seen at max capacity (86/86 frames) -- possible dropped samples
I (125404) kx134: epoch: n=2048 mean_g x=0.970 y=0.067 z=-0.237 max_fifo=86/86
W (125664) kx134: FIFO seen at max capacity (86/86 frames) -- possible dropped samples
I (125664) kx134: epoch: n=2048 mean_g x=0.968 y=0.065 z=-0.234 max_fifo=86/86
W (125934) kx134: FIFO seen at max capacity (86/86 frames) -- possible dropped samples
I (125934) kx134: epoch: n=2048 mean_g x=0.975 y=0.061 z=-0.235 max_fifo=86/86
W (126204) kx134: FIFO seen at max capacity (86/86 frames) -- possible dropped samples
I (126204) kx134: epoch: n=2048 mean_g x=0.970 y=0.065 z=-0.235 max_fifo=86/86
W (126464) kx134: FIFO seen at max capacity (86/86 frames) -- possible dropped samples
I (126464) kx134: epoch: n=2048 mean_g x=0.973 y=0.062 z=-0.235 max_fifo=86/86
W (126734) kx134: FIFO seen at max capacity (86/86 frames) -- possible dropped samples
I (126734) kx134: epoch: n=2048 mean_g x=0.970 y=0.065 z=-0.234 max_fifo=86/86
W (126994) kx134: FIFO seen at max capacity (86/86 frames) -- possible dropped samples
I (126994) kx134: epoch: n=2048 mean_g x=0.973 y=0.063 z=-0.237 max_fifo=86/86
W (127264) kx134: FIFO seen at max capacity (86/86 frames) -- possible dropped samples
I (127264) kx134: epoch: n=2048 mean_g x=0.971 y=0.062 z=-0.233 max_fifo=86/86
W (127534) kx134: FIFO seen at max capacity (86/86 frames) -- possible dropped samples
I (127534) kx134: epoch: n=2048 mean_g x=0.974 y=0.063 z=-0.234 max_fifo=86/86
W (127804) kx134: FIFO seen at max capacity (86/86 frames) -- possible dropped samples
I (127804) kx134: epoch: n=2048 mean_g x=0.970 y=0.065 z=-0.237 max_fifo=86/86
W (128064) kx134: FIFO seen at max capacity (86/86 frames) -- possible dropped samples
I (128064) kx134: epoch: n=2048 mean_g x=0.974 y=0.063 z=-0.234 max_fifo=86/86
W (128344) kx134: FIFO seen at max capacity (86/86 frames) -- possible dropped samples
I (128344) kx134: epoch: n=2048 mean_g x=0.969 y=0.066 z=-0.236 max_fifo=86/86
W (128604) kx134: FIFO seen at max capacity (86/86 frames) -- possible dropped samples
I (128604) kx134: epoch: n=2048 mean_g x=0.971 y=0.066 z=-0.235 max_fifo=86/86
W (128874) kx134: FIFO seen at max capacity (86/86 frames) -- possible dropped samples
I (128874) kx134: epoch: n=2048 mean_g x=0.971 y=0.062 z=-0.232 max_fifo=86/86
W (129144) kx134: FIFO seen at max capacity (86/86 frames) -- possible dropped samples
I (129144) kx134: epoch: n=2048 mean_g x=0.972 y=0.063 z=-0.232 max_fifo=86/86
W (129404) kx134: FIFO seen at max capacity (86/86 frames) -- possible dropped samples
I (129404) kx134: epoch: n=2048 mean_g x=0.972 y=0.067 z=-0.239 max_fifo=86/86
W (129674) kx134: FIFO seen at max capacity (86/86 frames) -- possible dropped samples
I (129674) kx134: epoch: n=2048 mean_g x=0.972 y=0.066 z=-0.233 max_fifo=86/86
W (129934) kx134: FIFO seen at max capacity (86/86 frames) -- possible dropped samples
I (129934) kx134: epoch: n=2048 mean_g x=0.970 y=0.063 z=-0.235 max_fifo=86/86
W (130204) kx134: FIFO seen at max capacity (86/86 frames) -- possible dropped samples
I (130204) kx134: epoch: n=2048 mean_g x=0.971 y=0.066 z=-0.235 max_fifo=86/86
W (130474) kx134: FIFO seen at max capacity (86/86 frames) -- possible dropped samples
I (130474) kx134: epoch: n=2048 mean_g x=0.972 y=0.064 z=-0.235 max_fifo=86/86
W (130744) kx134: FIFO seen at max capacity (86/86 frames) -- possible dropped samples
I (130744) kx134: epoch: n=2048 mean_g x=0.972 y=0.061 z=-0.232 max_fifo=86/86
W (131004) kx134: FIFO seen at max capacity (86/86 frames) -- possible dropped samples
I (131004) kx134: epoch: n=2048 mean_g x=0.972 y=0.066 z=-0.236 max_fifo=86/86
W (131284) kx134: FIFO seen at max capacity (86/86 frames) -- possible dropped samples
I (131284) kx134: epoch: n=2048 mean_g x=0.974 y=0.064 z=-0.235 max_fifo=86/86
W (131544) kx134: FIFO seen at max capacity (86/86 frames) -- possible dropped samples
I (131544) kx134: epoch: n=2048 mean_g x=0.972 y=0.063 z=-0.233 max_fifo=86/86
W (131814) kx134: FIFO seen at max capacity (86/86 frames) -- possible dropped samples
I (131814) kx134: epoch: n=2048 mean_g x=0.972 y=0.064 z=-0.235 max_fifo=86/86
W (132084) kx134: FIFO seen at max capacity (86/86 frames) -- possible dropped samples
I (132084) kx134: epoch: n=2048 mean_g x=0.971 y=0.065 z=-0.234 max_fifo=86/86
E (132324) esp-tls: [sock=54] select() timeout
E (132324) transport_base: Failed to open a new connection: 32774
E (132324) mqtt_client: Error transport connect
W (132324) link_mqtt: disconnected
W (132354) kx134: FIFO seen at max capacity (86/86 frames) -- possible dropped samples
I (132354) kx134: epoch: n=2048 mean_g x=0.972 y=0.062 z=-0.236 max_fifo=86/86
W (132614) kx134: FIFO seen at max capacity (86/86 frames) -- possible dropped samples
I (132614) kx134: epoch: n=2048 mean_g x=0.971 y=0.066 z=-0.235 max_fifo=86/86
W (132874) kx134: FIFO seen at max capacity (86/86 frames) -- possible dropped samples
I (132874) kx134: epoch: n=2048 mean_g x=0.971 y=0.063 z=-0.236 max_fifo=86/86
W (133134) kx134: FIFO seen at max capacity (86/86 frames) -- possible dropped samples
I (133134) kx134: epoch: n=2048 mean_g x=0.970 y=0.066 z=-0.236 max_fifo=86/86
W (133404) kx134: FIFO seen at max capacity (86/86 frames) -- possible dropped samples
I (133404) kx134: epoch: n=2048 mean_g x=0.972 y=0.067 z=-0.236 max_fifo=86/86
W (133664) kx134: FIFO seen at max capacity (86/86 frames) -- possible dropped samples
I (133664) kx134: epoch: n=2048 mean_g x=0.974 y=0.061 z=-0.234 max_fifo=86/86
W (133924) kx134: FIFO seen at max capacity (86/86 frames) -- possible dropped samples
I (133924) kx134: epoch: n=2048 mean_g x=0.972 y=0.065 z=-0.237 max_fifo=86/86
W (134194) kx134: FIFO seen at max capacity (86/86 frames) -- possible dropped samples
I (134194) kx134: epoch: n=2048 mean_g x=0.972 y=0.063 z=-0.236 max_fifo=86/86
W (134464) kx134: FIFO seen at max capacity (86/86 frames) -- possible dropped samples
I (134464) kx134: epoch: n=2048 mean_g x=0.973 y=0.060 z=-0.235 max_fifo=86/86
W (134734) kx134: FIFO seen at max capacity (86/86 frames) -- possible dropped samples
I (134734) kx134: epoch: n=2048 mean_g x=0.971 y=0.064 z=-0.234 max_fifo=86/86
W (134994) kx134: FIFO seen at max capacity (86/86 frames) -- possible dropped samples
I (134994) kx134: epoch: n=2048 mean_g x=0.973 y=0.065 z=-0.236 max_fifo=86/86
W (135274) kx134: FIFO seen at max capacity (86/86 frames) -- possible dropped samples
I (135274) kx134: epoch: n=2048 mean_g x=0.969 y=0.064 z=-0.234 max_fifo=86/86
W (135544) kx134: FIFO seen at max capacity (86/86 frames) -- possible dropped samples
I (135544) kx134: epoch: n=2048 mean_g x=0.972 y=0.063 z=-0.234 max_fifo=86/86
W (135804) kx134: FIFO seen at max capacity (86/86 frames) -- possible dropped samples
I (135804) kx134: epoch: n=2048 mean_g x=0.973 y=0.064 z=-0.234 max_fifo=86/86
W (136074) kx134: FIFO seen at max capacity (86/86 frames) -- possible dropped samples
I (136074) kx134: epoch: n=2048 mean_g x=0.972 y=0.064 z=-0.233 max_fifo=86/86
W (136334) kx134: FIFO seen at max capacity (86/86 frames) -- possible dropped samples
I (136334) kx134: epoch: n=2048 mean_g x=0.969 y=0.058 z=-0.234 max_fifo=86/86
W (136604) kx134: FIFO seen at max capacity (86/86 frames) -- possible dropped samples
I (136604) kx134: epoch: n=2048 mean_g x=0.972 y=0.062 z=-0.234 max_fifo=86/86
W (136864) kx134: FIFO seen at max capacity (86/86 frames) -- possible dropped samples
I (136864) kx134: epoch: n=2048 mean_g x=0.979 y=0.060 z=-0.231 max_fifo=86/86
W (137134) kx134: FIFO seen at max capacity (86/86 frames) -- possible dropped samples
I (137134) kx134: epoch: n=2048 mean_g x=0.975 y=0.062 z=-0.230 max_fifo=86/86
W (137404) kx134: FIFO seen at max capacity (86/86 frames) -- possible dropped samples
I (137404) kx134: epoch: n=2048 mean_g x=0.973 y=0.063 z=-0.231 max_fifo=86/86
W (137674) kx134: FIFO seen at max capacity (86/86 frames) -- possible dropped samples
I (137674) kx134: epoch: n=2048 mean_g x=0.970 y=0.062 z=-0.235 max_fifo=86/86
W (137934) kx134: FIFO seen at max capacity (86/86 frames) -- possible dropped samples
I (137934) kx134: epoch: n=2048 mean_g x=0.972 y=0.065 z=-0.235 max_fifo=86/86
W (138214) kx134: FIFO seen at max capacity (86/86 frames) -- possible dropped samples
I (138214) kx134: epoch: n=2048 mean_g x=0.974 y=0.062 z=-0.235 max_fifo=86/86
W (138474) kx134: FIFO seen at max capacity (86/86 frames) -- possible dropped samples
I (138474) kx134: epoch: n=2048 mean_g x=0.976 y=0.065 z=-0.235 max_fifo=86/86
W (138744) kx134: FIFO seen at max capacity (86/86 frames) -- possible dropped samples
I (138744) kx134: epoch: n=2048 mean_g x=0.969 y=0.064 z=-0.234 max_fifo=86/86
W (139014) kx134: FIFO seen at max capacity (86/86 frames) -- possible dropped samples
I (139014) kx134: epoch: n=2048 mean_g x=0.975 y=0.063 z=-0.233 max_fifo=86/86
W (139274) kx134: FIFO seen at max capacity (86/86 frames) -- possible dropped samples
I (139274) kx134: epoch: n=2048 mean_g x=0.971 y=0.065 z=-0.236 max_fifo=86/86
W (139544) kx134: FIFO seen at max capacity (86/86 frames) -- possible dropped samples
I (139544) kx134: epoch: n=2048 mean_g x=0.976 y=0.063 z=-0.232 max_fifo=86/86
W (139804) kx134: FIFO seen at max capacity (86/86 frames) -- possible dropped samples
I (139804) kx134: epoch: n=2048 mean_g x=0.965 y=0.069 z=-0.238 max_fifo=86/86
W (140074) kx134: FIFO seen at max capacity (86/86 frames) -- possible dropped samples
I (140074) kx134: epoch: n=2048 mean_g x=0.973 y=0.064 z=-0.233 max_fifo=86/86
W (140344) kx134: FIFO seen at max capacity (86/86 frames) -- possible dropped samples
I (140344) kx134: epoch: n=2048 mean_g x=0.972 y=0.061 z=-0.233 max_fifo=86/86
W (140614) kx134: FIFO seen at max capacity (86/86 frames) -- possible dropped samples
I (140614) kx134: epoch: n=2048 mean_g x=0.972 y=0.063 z=-0.232 max_fifo=86/86
W (140874) kx134: FIFO seen at max capacity (86/86 frames) -- possible dropped samples
I (140874) kx134: epoch: n=2048 mean_g x=0.969 y=0.063 z=-0.235 max_fifo=86/86
W (141154) kx134: FIFO seen at max capacity (86/86 frames) -- possible dropped samples
I (141154) kx134: epoch: n=2048 mean_g x=0.973 y=0.061 z=-0.233 max_fifo=86/86
W (141414) kx134: FIFO seen at max capacity (86/86 frames) -- possible dropped samples
I (141414) kx134: epoch: n=2048 mean_g x=0.970 y=0.065 z=-0.236 max_fifo=86/86
W (141684) kx134: FIFO seen at max capacity (86/86 frames) -- possible dropped samples
I (141684) kx134: epoch: n=2048 mean_g x=0.966 y=0.069 z=-0.239 max_fifo=86/86
W (141954) kx134: FIFO seen at max capacity (86/86 frames) -- possible dropped samples
I (141954) kx134: epoch: n=2048 mean_g x=0.972 y=0.066 z=-0.234 max_fifo=86/86
W (142214) kx134: FIFO seen at max capacity (86/86 frames) -- possible dropped samples
I (142214) kx134: epoch: n=2048 mean_g x=0.977 y=0.059 z=-0.228 max_fifo=86/86
W (142484) kx134: FIFO seen at max capacity (86/86 frames) -- possible dropped samples
I (142484) kx134: epoch: n=2048 mean_g x=0.974 y=0.064 z=-0.233 max_fifo=86/86
W (142744) kx134: FIFO seen at max capacity (86/86 frames) -- possible dropped samples
I (142744) kx134: epoch: n=2048 mean_g x=0.972 y=0.066 z=-0.236 max_fifo=86/86
W (143014) kx134: FIFO seen at max capacity (86/86 frames) -- possible dropped samples
I (143014) kx134: epoch: n=2048 mean_g x=0.972 y=0.065 z=-0.232 max_fifo=86/86
W (143284) kx134: FIFO seen at max capacity (86/86 frames) -- possible dropped samples
I (143284) kx134: epoch: n=2048 mean_g x=0.972 y=0.065 z=-0.232 max_fifo=86/86
W (143554) kx134: FIFO seen at max capacity (86/86 frames) -- possible dropped samples
I (143554) kx134: epoch: n=2048 mean_g x=0.972 y=0.062 z=-0.231 max_fifo=86/86
W (143814) kx134: FIFO seen at max capacity (86/86 frames) -- possible dropped samples
I (143814) kx134: epoch: n=2048 mean_g x=0.971 y=0.064 z=-0.236 max_fifo=86/86
W (144094) kx134: FIFO seen at max capacity (86/86 frames) -- possible dropped samples
I (144094) kx134: epoch: n=2048 mean_g x=0.971 y=0.064 z=-0.235 max_fifo=86/86
W (144354) kx134: FIFO seen at max capacity (86/86 frames) -- possible dropped samples
I (144354) kx134: epoch: n=2048 mean_g x=0.969 y=0.068 z=-0.237 max_fifo=86/86
W (144624) kx134: FIFO seen at max capacity (86/86 frames) -- possible dropped samples
I (144624) kx134: epoch: n=2048 mean_g x=0.968 y=0.064 z=-0.234 max_fifo=86/86
W (144894) kx134: FIFO seen at max capacity (86/86 frames) -- possible dropped samples
I (144894) kx134: epoch: n=2048 mean_g x=0.973 y=0.060 z=-0.231 max_fifo=86/86
W (145164) kx134: FIFO seen at max capacity (86/86 frames) -- possible dropped samples
I (145164) kx134: epoch: n=2048 mean_g x=0.971 y=0.063 z=-0.235 max_fifo=86/86
E (145334) esp-tls: [sock=54] select() timeout
E (145334) transport_base: Failed to open a new connection: 32774
E (145334) mqtt_client: Error transport connect
W (145334) link_mqtt: disconnected
W (145434) kx134: FIFO seen at max capacity (86/86 frames) -- possible dropped samples
I (145434) kx134: epoch: n=2048 mean_g x=0.973 y=0.062 z=-0.233 max_fifo=86/86
W (145684) kx134: FIFO seen at max capacity (86/86 frames) -- possible dropped samples
I (145684) kx134: epoch: n=2048 mean_g x=0.970 y=0.067 z=-0.237 max_fifo=86/86
W (145954) kx134: FIFO seen at max capacity (86/86 frames) -- possible dropped samples
I (145954) kx134: epoch: n=2048 mean_g x=0.970 y=0.062 z=-0.234 max_fifo=86/86
W (146224) kx134: FIFO seen at max capacity (86/86 frames) -- possible dropped samples
I (146224) kx134: epoch: n=2048 mean_g x=0.974 y=0.065 z=-0.233 max_fifo=86/86
W (146494) kx134: FIFO seen at max capacity (86/86 frames) -- possible dropped samples
I (146494) kx134: epoch: n=2048 mean_g x=0.976 y=0.062 z=-0.231 max_fifo=86/86
W (146754) kx134: FIFO seen at max capacity (86/86 frames) -- possible dropped samples
I (146754) kx134: epoch: n=2048 mean_g x=0.972 y=0.063 z=-0.235 max_fifo=86/86
W (147034) kx134: FIFO seen at max capacity (86/86 frames) -- possible dropped samples
I (147034) kx134: epoch: n=2048 mean_g x=0.971 y=0.066 z=-0.235 max_fifo=86/86
W (147304) kx134: FIFO seen at max capacity (86/86 frames) -- possible dropped samples
I (147304) kx134: epoch: n=2048 mean_g x=0.975 y=0.063 z=-0.233 max_fifo=86/86
W (147564) kx134: FIFO seen at max capacity (86/86 frames) -- possible dropped samples
I (147564) kx134: epoch: n=2048 mean_g x=0.975 y=0.060 z=-0.234 max_fifo=86/86
W (147834) kx134: FIFO seen at max capacity (86/86 frames) -- possible dropped samples
I (147834) kx134: epoch: n=2048 mean_g x=0.973 y=0.066 z=-0.236 max_fifo=86/86
W (148094) kx134: FIFO seen at max capacity (86/86 frames) -- possible dropped samples
I (148094) kx134: epoch: n=2048 mean_g x=0.973 y=0.062 z=-0.232 max_fifo=86/86
W (148364) kx134: FIFO seen at max capacity (86/86 frames) -- possible dropped samples
I (148364) kx134: epoch: n=2048 mean_g x=0.972 y=0.063 z=-0.236 max_fifo=86/86
W (148624) kx134: FIFO seen at max capacity (86/86 frames) -- possible dropped samples
I (148624) kx134: epoch: n=2048 mean_g x=0.972 y=0.065 z=-0.237 max_fifo=86/86
W (148884) kx134: FIFO seen at max capacity (86/86 frames) -- possible dropped samples
I (148884) kx134: epoch: n=2048 mean_g x=0.969 y=0.066 z=-0.239 max_fifo=86/86
W (149144) kx134: FIFO seen at max capacity (86/86 frames) -- possible dropped samples
I (149144) kx134: epoch: n=2048 mean_g x=0.970 y=0.064 z=-0.234 max_fifo=86/86
W (149414) kx134: FIFO seen at max capacity (86/86 frames) -- possible dropped samples
I (149414) kx134: epoch: n=2048 mean_g x=0.975 y=0.062 z=-0.234 max_fifo=86/86
W (149674) kx134: FIFO seen at max capacity (86/86 frames) -- possible dropped samples
I (149674) kx134: epoch: n=2048 mean_g x=0.972 y=0.064 z=-0.236 max_fifo=86/86
W (149944) kx134: FIFO seen at max capacity (86/86 frames) -- possible dropped samples
I (149944) kx134: epoch: n=2048 mean_g x=0.971 y=0.063 z=-0.237 max_fifo=86/86
W (150214) kx134: FIFO seen at max capacity (86/86 frames) -- possible dropped samples
I (150214) kx134: epoch: n=2048 mean_g x=0.973 y=0.062 z=-0.234 max_fifo=86/86
W (150484) kx134: FIFO seen at max capacity (86/86 frames) -- possible dropped samples
I (150484) kx134: epoch: n=2048 mean_g x=0.972 y=0.064 z=-0.235 max_fifo=86/86
W (150744) kx134: FIFO seen at max capacity (86/86 frames) -- possible dropped samples
I (150744) kx134: epoch: n=2048 mean_g x=0.972 y=0.060 z=-0.235 max_fifo=86/86
W (151024) kx134: FIFO seen at max capacity (86/86 frames) -- possible dropped samples
I (151024) kx134: epoch: n=2048 mean_g x=0.973 y=0.064 z=-0.233 max_fifo=86/86
W (151284) kx134: FIFO seen at max capacity (86/86 frames) -- possible dropped samples
I (151284) kx134: epoch: n=2048 mean_g x=0.971 y=0.066 z=-0.237 max_fifo=86/86
W (151554) kx134: FIFO seen at max capacity (86/86 frames) -- possible dropped samples
I (151554) kx134: epoch: n=2048 mean_g x=0.973 y=0.064 z=-0.232 max_fifo=86/86
W (151824) kx134: FIFO seen at max capacity (86/86 frames) -- possible dropped samples
I (151824) kx134: epoch: n=2048 mean_g x=0.970 y=0.063 z=-0.237 max_fifo=86/86
I (152014) DIAG: Stack HWM (bytes free): mic=7204 dsp=4120 rgb=1920 imu=1596 diag=828
I (152014) DIAG: CPU runtime:
diag           	413623		<1%
IDLE0          	117045913		77%
IDLE1          	148619737		98%
mic_task       	1131925		<1%
tiT            	216780		<1%
wifi_prov      	3329		<1%
imu_task       	22327708		14%
dsp_task       	1867604		1%
mqtt_task      	87170		<1%
net            	8421791		5%
main           	157643		<1%
rgb_led        	228790		<1%
ipc1           	50576		<1%
ipc0           	37902		<1%
esp_timer      	26619		<1%
wifi           	1039391		<1%
sys_evt        	4169		<1%
Tmr Svc        	17		<1%

I (152054) DIAG: Heap free: internal=30976 largest_free=21504 PSRAM=8209980 IRAM=0
I (152064) DIAG: wifi: connects=1 disconnects=0 retry_cnt=0
I (152074) DIAG: mqtt: connects=0 disconnects=11 publishes=0 publish_failures=0 cmds_received=0
I (152074) DIAG: wifi_prov: state=1 provisioning_entries=0 recovery_entries=0 recovery_successes=0
W (152084) kx134: FIFO seen at max capacity (86/86 frames) -- possible dropped samples
I (152094) kx134: epoch: n=2048 mean_g x=0.970 y=0.065 z=-0.237 max_fifo=86/86
I (152124) DIAG: mic: blocks_ok=2351 capture_failures=0 rb_drops=0
W (152124) DIAG: mic i2s: overflow_count=7 (cumulative) read_errors=0 short_reads=0 — check CPU load
I (152124) DIAG: dsp: fft_count=2351 frames_emitted=587 rb_timeouts=0 last_fft_us=604
I (152134) DIAG: imu: epochs=563 read_errors=0 reinit_attempts=0 reinit_successes=0
I (152144) DIAG: accel: reads_ok=1689 read_errors=0 fifo_max_hits=563
I (152144) DIAG: net: frames_built=700 build_failures=0 publish_failures=0 cmd_malformed=0 disconnect_reverts=0
I (152154) DIAG: led: state_changes=4 remote_updates=0 hw_errors=0
W (152364) kx134: FIFO seen at max capacity (86/86 frames) -- possible dropped samples
I (152364) kx134: epoch: n=2048 mean_g x=0.972 y=0.062 z=-0.234 max_fifo=86/86
W (152624) kx134: FIFO seen at max capacity (86/86 frames) -- possible dropped samples
I (152624) kx134: epoch: n=2048 mean_g x=0.969 y=0.066 z=-0.239 max_fifo=86/86
W (152904) kx134: FIFO seen at max capacity (86/86 frames) -- possible dropped samples
I (152904) kx134: epoch: n=2048 mean_g x=0.972 y=0.062 z=-0.234 max_fifo=86/86
W (153174) kx134: FIFO seen at max capacity (86/86 frames) -- possible dropped samples
I (153174) kx134: epoch: n=2048 mean_g x=0.971 y=0.065 z=-0.238 max_fifo=86/86
W (153444) kx134: FIFO seen at max capacity (86/86 frames) -- possible dropped samples
I (153444) kx134: epoch: n=2048 mean_g x=0.969 y=0.067 z=-0.235 max_fifo=86/86
W (153714) kx134: FIFO seen at max capacity (86/86 frames) -- possible dropped samples
I (153714) kx134: epoch: n=2048 mean_g x=0.971 y=0.066 z=-0.237 max_fifo=86/86
W (153974) kx134: FIFO seen at max capacity (86/86 frames) -- possible dropped samples
I (153974) kx134: epoch: n=2048 mean_g x=0.975 y=0.061 z=-0.232 max_fifo=86/86
W (154244) kx134: FIFO seen at max capacity (86/86 frames) -- possible dropped samples
I (154244) kx134: epoch: n=2048 mean_g x=0.972 y=0.066 z=-0.234 max_fifo=86/86
W (154504) kx134: FIFO seen at max capacity (86/86 frames) -- possible dropped samples
I (154504) kx134: epoch: n=2048 mean_g x=0.970 y=0.064 z=-0.235 max_fifo=86/86
W (154774) kx134: FIFO seen at max capacity (86/86 frames) -- possible dropped samples
I (154774) kx134: epoch: n=2048 mean_g x=0.975 y=0.064 z=-0.232 max_fifo=86/86
W (155044) kx134: FIFO seen at max capacity (86/86 frames) -- possible dropped samples
I (155044) kx134: epoch: n=2048 mean_g x=0.976 y=0.061 z=-0.230 max_fifo=86/86
W (155314) kx134: FIFO seen at max capacity (86/86 frames) -- possible dropped samples
I (155314) kx134: epoch: n=2048 mean_g x=0.972 y=0.063 z=-0.235 max_fifo=86/86
W (155574) kx134: FIFO seen at max capacity (86/86 frames) -- possible dropped samples
I (155574) kx134: epoch: n=2048 mean_g x=0.971 y=0.060 z=-0.234 max_fifo=86/86
W (155854) kx134: FIFO seen at max capacity (86/86 frames) -- possible dropped samples
I (155854) kx134: epoch: n=2048 mean_g x=0.972 y=0.062 z=-0.235 max_fifo=86/86
W (156114) kx134: FIFO seen at max capacity (86/86 frames) -- possible dropped samples
I (156114) kx134: epoch: n=2048 mean_g x=0.971 y=0.064 z=-0.233 max_fifo=86/86
W (156384) kx134: FIFO seen at max capacity (86/86 frames) -- possible dropped samples
I (156384) kx134: epoch: n=2048 mean_g x=0.971 y=0.062 z=-0.231 max_fifo=86/86
W (156654) kx134: FIFO seen at max capacity (86/86 frames) -- possible dropped samples
I (156654) kx134: epoch: n=2048 mean_g x=0.971 y=0.065 z=-0.233 max_fifo=86/86
W (156924) kx134: FIFO seen at max capacity (86/86 frames) -- possible dropped samples
I (156924) kx134: epoch: n=2048 mean_g x=0.970 y=0.063 z=-0.234 max_fifo=86/86
W (157184) kx134: FIFO seen at max capacity (86/86 frames) -- possible dropped samples
I (157184) kx134: epoch: n=2048 mean_g x=0.973 y=0.065 z=-0.235 max_fifo=86/86
W (157444) kx134: FIFO seen at max capacity (86/86 frames) -- possible dropped samples
I (157444) kx134: epoch: n=2048 mean_g x=0.973 y=0.060 z=-0.230 max_fifo=86/86
W (157714) kx134: FIFO seen at max capacity (86/86 frames) -- possible dropped samples
I (157714) kx134: epoch: n=2048 mean_g x=0.968 y=0.065 z=-0.234 max_fifo=86/86
W (157984) kx134: FIFO seen at max capacity (86/86 frames) -- possible dropped samples
I (157984) kx134: epoch: n=2048 mean_g x=0.972 y=0.063 z=-0.235 max_fifo=86/86
W (158254) kx134: FIFO seen at max capacity (86/86 frames) -- possible dropped samples
I (158254) kx134: epoch: n=2048 mean_g x=0.974 y=0.063 z=-0.233 max_fifo=86/86
E (158344) esp-tls: [sock=54] select() timeout
E (158344) transport_base: Failed to open a new connection: 32774
E (158344) mqtt_client: Error transport connect
W (158344) link_mqtt: disconnected
W (158514) kx134: FIFO seen at max capacity (86/86 frames) -- possible dropped samples
I (158514) kx134: epoch: n=2048 mean_g x=0.970 y=0.063 z=-0.236 max_fifo=86/86
W (158794) kx134: FIFO seen at max capacity (86/86 frames) -- possible dropped samples
I (158794) kx134: epoch: n=2048 mean_g x=0.969 y=0.065 z=-0.235 max_fifo=86/86
W (159064) kx134: FIFO seen at max capacity (86/86 frames) -- possible dropped samples
I (159064) kx134: epoch: n=2048 mean_g x=0.965 y=0.066 z=-0.236 max_fifo=86/86
W (159324) kx134: FIFO seen at max capacity (86/86 frames) -- possible dropped samples
I (159324) kx134: epoch: n=2048 mean_g x=0.969 y=0.064 z=-0.234 max_fifo=86/86
W (159594) kx134: FIFO seen at max capacity (86/86 frames) -- possible dropped samples
I (159594) kx134: epoch: n=2048 mean_g x=0.967 y=0.065 z=-0.237 max_fifo=86/86
W (159854) kx134: FIFO seen at max capacity (86/86 frames) -- possible dropped samples
I (159854) kx134: epoch: n=2048 mean_g x=0.973 y=0.062 z=-0.233 max_fifo=86/86
W (160124) kx134: FIFO seen at max capacity (86/86 frames) -- possible dropped samples
I (160124) kx134: epoch: n=2048 mean_g x=0.969 y=0.060 z=-0.233 max_fifo=86/86
W (160384) kx134: FIFO seen at max capacity (86/86 frames) -- possible dropped samples
I (160384) kx134: epoch: n=2048 mean_g x=0.970 y=0.066 z=-0.235 max_fifo=86/86
W (160654) kx134: FIFO seen at max capacity (86/86 frames) -- possible dropped samples
I (160654) kx134: epoch: n=2048 mean_g x=0.970 y=0.068 z=-0.235 max_fifo=86/86
W (160924) kx134: FIFO seen at max capacity (86/86 frames) -- possible dropped samples
I (160924) kx134: epoch: n=2048 mean_g x=0.968 y=0.068 z=-0.237 max_fifo=86/86
W (161194) kx134: FIFO seen at max capacity (86/86 frames) -- possible dropped samples
I (161194) kx134: epoch: n=2048 mean_g x=0.971 y=0.064 z=-0.233 max_fifo=86/86
W (161454) kx134: FIFO seen at max capacity (86/86 frames) -- possible dropped samples
I (161454) kx134: epoch: n=2048 mean_g x=0.974 y=0.064 z=-0.236 max_fifo=86/86
W (161734) kx134: FIFO seen at max capacity (86/86 frames) -- possible dropped samples
I (161734) kx134: epoch: n=2048 mean_g x=0.974 y=0.062 z=-0.231 max_fifo=86/86
W (161994) kx134: FIFO seen at max capacity (86/86 frames) -- possible dropped samples
I (161994) kx134: epoch: n=2048 mean_g x=0.970 y=0.065 z=-0.232 max_fifo=86/86
W (162264) kx134: FIFO seen at max capacity (86/86 frames) -- possible dropped samples
I (162264) kx134: epoch: n=2048 mean_g x=0.974 y=0.062 z=-0.234 max_fifo=86/86
W (162534) kx134: FIFO seen at max capacity (86/86 frames) -- possible dropped samples
I (162534) kx134: epoch: n=2048 mean_g x=0.973 y=0.063 z=-0.233 max_fifo=86/86
W (162794) kx134: FIFO seen at max capacity (86/86 frames) -- possible dropped samples
I (162794) kx134: epoch: n=2048 mean_g x=0.972 y=0.064 z=-0.237 max_fifo=86/86
W (163064) kx134: FIFO seen at max capacity (86/86 frames) -- possible dropped samples
I (163064) kx134: epoch: n=2048 mean_g x=0.973 y=0.066 z=-0.235 max_fifo=86/86
W (163324) kx134: FIFO seen at max capacity (86/86 frames) -- possible dropped samples
I (163324) kx134: epoch: n=2048 mean_g x=0.973 y=0.062 z=-0.231 max_fifo=86/86
W (163594) kx134: FIFO seen at max capacity (86/86 frames) -- possible dropped samples
I (163594) kx134: epoch: n=2048 mean_g x=0.973 y=0.065 z=-0.234 max_fifo=86/86
W (163864) kx134: FIFO seen at max capacity (86/86 frames) -- possible dropped samples
I (163864) kx134: epoch: n=2048 mean_g x=0.974 y=0.063 z=-0.230 max_fifo=86/86
W (164134) kx134: FIFO seen at max capacity (86/86 frames) -- possible dropped samples
I (164134) kx134: epoch: n=2048 mean_g x=0.973 y=0.066 z=-0.237 max_fifo=86/86
W (164394) kx134: FIFO seen at max capacity (86/86 frames) -- possible dropped samples
I (164394) kx134: epoch: n=2048 mean_g x=0.971 y=0.067 z=-0.236 max_fifo=86/86
W (164674) kx134: FIFO seen at max capacity (86/86 frames) -- possible dropped samples
I (164674) kx134: epoch: n=2048 mean_g x=0.970 y=0.062 z=-0.237 max_fifo=86/86
W (164934) kx134: FIFO seen at max capacity (86/86 frames) -- possible dropped samples
I (164934) kx134: epoch: n=2048 mean_g x=0.973 y=0.065 z=-0.239 max_fifo=86/86
W (165204) kx134: FIFO seen at max capacity (86/86 frames) -- possible dropped samples
I (165204) kx134: epoch: n=2048 mean_g x=0.971 y=0.065 z=-0.236 max_fifo=86/86
W (165474) kx134: FIFO seen at max capacity (86/86 frames) -- possible dropped samples
I (165474) kx134: epoch: n=2048 mean_g x=0.973 y=0.062 z=-0.232 max_fifo=86/86
W (165734) kx134: FIFO seen at max capacity (86/86 frames) -- possible dropped samples
I (165734) kx134: epoch: n=2048 mean_g x=0.970 y=0.064 z=-0.237 max_fifo=86/86
W (166004) kx134: FIFO seen at max capacity (86/86 frames) -- possible dropped samples
I (166004) kx134: epoch: n=2048 mean_g x=0.972 y=0.062 z=-0.234 max_fifo=86/86
W (166264) kx134: FIFO seen at max capacity (86/86 frames) -- possible dropped samples
I (166264) kx134: epoch: n=2048 mean_g x=0.972 y=0.066 z=-0.235 max_fifo=86/86
W (166534) kx134: FIFO seen at max capacity (86/86 frames) -- possible dropped samples
I (166534) kx134: epoch: n=2048 mean_g x=0.973 y=0.063 z=-0.236 max_fifo=86/86
W (166804) kx134: FIFO seen at max capacity (86/86 frames) -- possible dropped samples
I (166804) kx134: epoch: n=2048 mean_g x=0.971 y=0.064 z=-0.236 max_fifo=86/86
W (167074) kx134: FIFO seen at max capacity (86/86 frames) -- possible dropped samples
I (167074) kx134: epoch: n=2048 mean_g x=0.975 y=0.062 z=-0.234 max_fifo=86/86
W (167334) kx134: FIFO seen at max capacity (86/86 frames) -- possible dropped samples
I (167334) kx134: epoch: n=2048 mean_g x=0.971 y=0.065 z=-0.236 max_fifo=86/86
W (167614) kx134: FIFO seen at max capacity (86/86 frames) -- possible dropped samples
I (167614) kx134: epoch: n=2048 mean_g x=0.972 y=0.064 z=-0.235 max_fifo=86/86
W (167874) kx134: FIFO seen at max capacity (86/86 frames) -- possible dropped samples
I (167874) kx134: epoch: n=2048 mean_g x=0.973 y=0.061 z=-0.233 max_fifo=86/86
W (168144) kx134: FIFO seen at max capacity (86/86 frames) -- possible dropped samples
I (168144) kx134: epoch: n=2048 mean_g x=0.969 y=0.068 z=-0.238 max_fifo=86/86
W (168414) kx134: FIFO seen at max capacity (86/86 frames) -- possible dropped samples
I (168414) kx134: epoch: n=2048 mean_g x=0.972 y=0.064 z=-0.235 max_fifo=86/86
W (168684) kx134: FIFO seen at max capacity (86/86 frames) -- possible dropped samples
I (168684) kx134: epoch: n=2048 mean_g x=0.973 y=0.060 z=-0.234 max_fifo=86/86
W (168944) kx134: FIFO seen at max capacity (86/86 frames) -- possible dropped samples
I (168944) kx134: epoch: n=2048 mean_g x=0.972 y=0.063 z=-0.236 max_fifo=86/86
W (169204) kx134: FIFO seen at max capacity (86/86 frames) -- possible dropped samples
I (169204) kx134: epoch: n=2048 mean_g x=0.969 y=0.067 z=-0.238 max_fifo=86/86
W (169474) kx134: FIFO seen at max capacity (86/86 frames) -- possible dropped samples
I (169474) kx134: epoch: n=2048 mean_g x=0.972 y=0.063 z=-0.235 max_fifo=86/86
W (169744) kx134: FIFO seen at max capacity (86/86 frames) -- possible dropped samples
I (169744) kx134: epoch: n=2048 mean_g x=0.970 y=0.066 z=-0.238 max_fifo=86/86
W (170014) kx134: FIFO seen at max capacity (86/86 frames) -- possible dropped samples
I (170014) kx134: epoch: n=2048 mean_g x=0.971 y=0.063 z=-0.237 max_fifo=86/86
W (170274) kx134: FIFO seen at max capacity (86/86 frames) -- possible dropped samples
I (170274) kx134: epoch: n=2048 mean_g x=0.971 y=0.065 z=-0.234 max_fifo=86/86
W (170554) kx134: FIFO seen at max capacity (86/86 frames) -- possible dropped samples
I (170554) kx134: epoch: n=2048 mean_g x=0.971 y=0.065 z=-0.237 max_fifo=86/86
W (170824) kx134: FIFO seen at max capacity (86/86 frames) -- possible dropped samples
I (170824) kx134: epoch: n=2048 mean_g x=0.969 y=0.062 z=-0.237 max_fifo=86/86
W (171084) kx134: FIFO seen at max capacity (86/86 frames) -- possible dropped samples
I (171084) kx134: epoch: n=2048 mean_g x=0.970 y=0.067 z=-0.236 max_fifo=86/86
E (171354) esp-tls: [sock=54] select() timeout
E (171354) transport_base: Failed to open a new connection: 32774
E (171354) mqtt_client: Error transport connect
W (171354) link_mqtt: disconnected
W (171354) kx134: FIFO seen at max capacity (86/86 frames) -- possible dropped samples
I (171364) kx134: epoch: n=2048 mean_g x=0.972 y=0.064 z=-0.235 max_fifo=86/86
W (171634) kx134: FIFO seen at max capacity (86/86 frames) -- possible dropped samples
I (171634) kx134: epoch: n=2048 mean_g x=0.973 y=0.061 z=-0.235 max_fifo=86/86
W (171904) kx134: FIFO seen at max capacity (86/86 frames) -- possible dropped samples
I (171904) kx134: epoch: n=2048 mean_g x=0.970 y=0.062 z=-0.235 max_fifo=86/86
W (172164) kx134: FIFO seen at max capacity (86/86 frames) -- possible dropped samples
I (172164) kx134: epoch: n=2048 mean_g x=0.973 y=0.065 z=-0.235 max_fifo=86/86
W (172444) kx134: FIFO seen at max capacity (86/86 frames) -- possible dropped samples
I (172444) kx134: epoch: n=2048 mean_g x=0.972 y=0.066 z=-0.236 max_fifo=86/86
W (172704) kx134: FIFO seen at max capacity (86/86 frames) -- possible dropped samples
I (172704) kx134: epoch: n=2048 mean_g x=0.971 y=0.062 z=-0.234 max_fifo=86/86
W (172974) kx134: FIFO seen at max capacity (86/86 frames) -- possible dropped samples
I (172974) kx134: epoch: n=2048 mean_g x=0.973 y=0.061 z=-0.236 max_fifo=86/86
W (173244) kx134: FIFO seen at max capacity (86/86 frames) -- possible dropped samples
I (173244) kx134: epoch: n=2048 mean_g x=0.972 y=0.068 z=-0.236 max_fifo=86/86
W (173504) kx134: FIFO seen at max capacity (86/86 frames) -- possible dropped samples
I (173504) kx134: epoch: n=2048 mean_g x=0.971 y=0.064 z=-0.235 max_fifo=86/86
W (173774) kx134: FIFO seen at max capacity (86/86 frames) -- possible dropped samples
I (173774) kx134: epoch: n=2048 mean_g x=0.971 y=0.065 z=-0.236 max_fifo=86/86
W (174034) kx134: FIFO seen at max capacity (86/86 frames) -- possible dropped samples
I (174034) kx134: epoch: n=2048 mean_g x=0.971 y=0.065 z=-0.237 max_fifo=86/86
W (174304) kx134: FIFO seen at max capacity (86/86 frames) -- possible dropped samples
I (174304) kx134: epoch: n=2048 mean_g x=0.971 y=0.068 z=-0.234 max_fifo=86/86
W (174574) kx134: FIFO seen at max capacity (86/86 frames) -- possible dropped samples
I (174574) kx134: epoch: n=2048 mean_g x=0.972 y=0.062 z=-0.235 max_fifo=86/86
W (174844) kx134: FIFO seen at max capacity (86/86 frames) -- possible dropped samples
I (174844) kx134: epoch: n=2048 mean_g x=0.972 y=0.064 z=-0.235 max_fifo=86/86
W (175104) kx134: FIFO seen at max capacity (86/86 frames) -- possible dropped samples
I (175104) kx134: epoch: n=2048 mean_g x=0.973 y=0.062 z=-0.233 max_fifo=86/86
W (175384) kx134: FIFO seen at max capacity (86/86 frames) -- possible dropped samples
I (175384) kx134: epoch: n=2048 mean_g x=0.971 y=0.064 z=-0.234 max_fifo=86/86
W (175644) kx134: FIFO seen at max capacity (86/86 frames) -- possible dropped samples
I (175644) kx134: epoch: n=2048 mean_g x=0.973 y=0.064 z=-0.234 max_fifo=86/86
W (175914) kx134: FIFO seen at max capacity (86/86 frames) -- possible dropped samples
I (175914) kx134: epoch: n=2048 mean_g x=0.971 y=0.062 z=-0.235 max_fifo=86/86
W (176184) kx134: FIFO seen at max capacity (86/86 frames) -- possible dropped samples
I (176184) kx134: epoch: n=2048 mean_g x=0.974 y=0.062 z=-0.237 max_fifo=86/86
W (176444) kx134: FIFO seen at max capacity (86/86 frames) -- possible dropped samples
I (176444) kx134: epoch: n=2048 mean_g x=0.972 y=0.065 z=-0.237 max_fifo=86/86
W (176714) kx134: FIFO seen at max capacity (86/86 frames) -- possible dropped samples
I (176714) kx134: epoch: n=2048 mean_g x=0.970 y=0.064 z=-0.237 max_fifo=86/86
W (176974) kx134: FIFO seen at max capacity (86/86 frames) -- possible dropped samples
I (176974) kx134: epoch: n=2048 mean_g x=0.972 y=0.064 z=-0.235 max_fifo=86/86
W (177244) kx134: FIFO seen at max capacity (86/86 frames) -- possible dropped samples
I (177244) kx134: epoch: n=2048 mean_g x=0.973 y=0.062 z=-0.233 max_fifo=86/86
W (177514) kx134: FIFO seen at max capacity (86/86 frames) -- possible dropped samples
I (177514) kx134: epoch: n=2048 mean_g x=0.971 y=0.059 z=-0.236 max_fifo=86/86
W (177784) kx134: FIFO seen at max capacity (86/86 frames) -- possible dropped samples
I (177784) kx134: epoch: n=2048 mean_g x=0.970 y=0.063 z=-0.236 max_fifo=86/86
W (178044) kx134: FIFO seen at max capacity (86/86 frames) -- possible dropped samples
I (178044) kx134: epoch: n=2048 mean_g x=0.969 y=0.062 z=-0.236 max_fifo=86/86
W (178324) kx134: FIFO seen at max capacity (86/86 frames) -- possible dropped samples
I (178324) kx134: epoch: n=2048 mean_g x=0.973 y=0.065 z=-0.237 max_fifo=86/86
W (178584) kx134: FIFO seen at max capacity (86/86 frames) -- possible dropped samples
I (178584) kx134: epoch: n=2048 mean_g x=0.973 y=0.060 z=-0.234 max_fifo=86/86
W (178854) kx134: FIFO seen at max capacity (86/86 frames) -- possible dropped samples
I (178854) kx134: epoch: n=2048 mean_g x=0.971 y=0.062 z=-0.236 max_fifo=86/86
W (179124) kx134: FIFO seen at max capacity (86/86 frames) -- possible dropped samples
I (179124) kx134: epoch: n=2048 mean_g x=0.969 y=0.066 z=-0.236 max_fifo=86/86
W (179394) kx134: FIFO seen at max capacity (86/86 frames) -- possible dropped samples
I (179394) kx134: epoch: n=2048 mean_g x=0.973 y=0.061 z=-0.236 max_fifo=86/86
W (179654) kx134: FIFO seen at max capacity (86/86 frames) -- possible dropped samples
I (179654) kx134: epoch: n=2048 mean_g x=0.971 y=0.065 z=-0.238 max_fifo=86/86
W (179914) kx134: FIFO seen at max capacity (86/86 frames) -- possible dropped samples
I (179914) kx134: epoch: n=2048 mean_g x=0.970 y=0.066 z=-0.236 max_fifo=86/86
W (180184) kx134: FIFO seen at max capacity (86/86 frames) -- possible dropped samples
I (180184) kx134: epoch: n=2048 mean_g x=0.974 y=0.064 z=-0.237 max_fifo=86/86
W (180454) kx134: FIFO seen at max capacity (86/86 frames) -- possible dropped samples
I (180454) kx134: epoch: n=2048 mean_g x=0.971 y=0.064 z=-0.238 max_fifo=86/86
W (180724) kx134: FIFO seen at max capacity (86/86 frames) -- possible dropped samples
I (180724) kx134: epoch: n=2048 mean_g x=0.971 y=0.065 z=-0.235 max_fifo=86/86
W (180984) kx134: FIFO seen at max capacity (86/86 frames) -- possible dropped samples
I (180984) kx134: epoch: n=2048 mean_g x=0.972 y=0.063 z=-0.233 max_fifo=86/86
W (181264) kx134: FIFO seen at max capacity (86/86 frames) -- possible dropped samples
I (181264) kx134: epoch: n=2048 mean_g x=0.972 y=0.065 z=-0.236 max_fifo=86/86
W (181534) kx134: FIFO seen at max capacity (86/86 frames) -- possible dropped samples
I (181534) kx134: epoch: n=2048 mean_g x=0.972 y=0.064 z=-0.237 max_fifo=86/86
W (181794) kx134: FIFO seen at max capacity (86/86 frames) -- possible dropped samples
I (181794) kx134: epoch: n=2048 mean_g x=0.971 y=0.066 z=-0.237 max_fifo=86/86
W (182064) kx134: FIFO seen at max capacity (86/86 frames) -- possible dropped samples
I (182064) kx134: epoch: n=2048 mean_g x=0.971 y=0.065 z=-0.236 max_fifo=86/86
I (182164) DIAG: Stack HWM (bytes free): mic=7204 dsp=4120 rgb=1920 imu=1596 diag=828
I (182164) DIAG: CPU runtime:
diag           	514701		<1%
IDLE1          	178383479		98%
IDLE0          	140472348		77%
tiT            	261924		<1%
net            	10152502		5%
wifi_prov      	3934		<1%
imu_task       	26825101		14%
dsp_task       	2239291		1%
mqtt_task      	103468		<1%
mic_task       	1357718		<1%
main           	157643		<1%
ipc1           	50576		<1%
ipc0           	37902		<1%
sys_evt        	4169		<1%
esp_timer      	31402		<1%
wifi           	1157335		<1%
Tmr Svc        	17		<1%
rgb_led        	228790		<1%

I (182204) DIAG: Heap free: internal=30976 largest_free=21504 PSRAM=8209980 IRAM=0
I (182214) DIAG: wifi: connects=1 disconnects=0 retry_cnt=0
I (182224) DIAG: mqtt: connects=0 disconnects=13 publishes=0 publish_failures=0 cmds_received=0
I (182224) DIAG: wifi_prov: state=1 provisioning_entries=0 recovery_entries=0 recovery_successes=0
I (182234) DIAG: mic: blocks_ok=2821 capture_failures=0 rb_drops=0
W (182244) DIAG: mic i2s: overflow_count=7 (cumulative) read_errors=0 short_reads=0 — check CPU load
I (182254) DIAG: dsp: fft_count=2821 frames_emitted=705 rb_timeouts=0 last_fft_us=604
I (182274) DIAG: imu: epochs=675 read_errors=0 reinit_attempts=0 reinit_successes=0
I (182274) DIAG: accel: reads_ok=2025 read_errors=0 fifo_max_hits=675
I (182274) DIAG: net: frames_built=844 build_failures=0 publish_failures=0 cmd_malformed=0 disconnect_reverts=0
I (182284) DIAG: led: state_changes=4 remote_updates=0 hw_errors=0
W (182324) kx134: FIFO seen at max capacity (86/86 frames) -- possible dropped samples
I (182324) kx134: epoch: n=2048 mean_g x=0.974 y=0.059 z=-0.232 max_fifo=86/86
W (182594) kx134: FIFO seen at max capacity (86/86 frames) -- possible dropped samples
I (182594) kx134: epoch: n=2048 mean_g x=0.972 y=0.064 z=-0.234 max_fifo=86/86
W (182854) kx134: FIFO seen at max capacity (86/86 frames) -- possible dropped samples
I (182854) kx134: epoch: n=2048 mean_g x=0.972 y=0.065 z=-0.238 max_fifo=86/86
W (183124) kx134: FIFO seen at max capacity (86/86 frames) -- possible dropped samples
I (183124) kx134: epoch: n=2048 mean_g x=0.973 y=0.061 z=-0.235 max_fifo=86/86
W (183394) kx134: FIFO seen at max capacity (86/86 frames) -- possible dropped samples
I (183394) kx134: epoch: n=2048 mean_g x=0.972 y=0.064 z=-0.236 max_fifo=86/86
W (183664) kx134: FIFO seen at max capacity (86/86 frames) -- possible dropped samples
I (183664) kx134: epoch: n=2048 mean_g x=0.974 y=0.060 z=-0.237 max_fifo=86/86
W (183924) kx134: FIFO seen at max capacity (86/86 frames) -- possible dropped samples
I (183924) kx134: epoch: n=2048 mean_g x=0.969 y=0.065 z=-0.234 max_fifo=86/86
W (184204) kx134: FIFO seen at max capacity (86/86 frames) -- possible dropped samples
I (184204) kx134: epoch: n=2048 mean_g x=0.972 y=0.064 z=-0.234 max_fifo=86/86
E (184364) esp-tls: [sock=54] select() timeout
E (184364) transport_base: Failed to open a new connection: 32774
E (184364) mqtt_client: Error transport connect
W (184364) link_mqtt: disconnected
W (184474) kx134: FIFO seen at max capacity (86/86 frames) -- possible dropped samples
I (184474) kx134: epoch: n=2048 mean_g x=0.971 y=0.065 z=-0.236 max_fifo=86/86
W (184734) kx134: FIFO seen at max capacity (86/86 frames) -- possible dropped samples
I (184734) kx134: epoch: n=2048 mean_g x=0.971 y=0.065 z=-0.235 max_fifo=86/86
W (185004) kx134: FIFO seen at max capacity (86/86 frames) -- possible dropped samples
I (185004) kx134: epoch: n=2048 mean_g x=0.974 y=0.062 z=-0.233 max_fifo=86/86
W (185264) kx134: FIFO seen at max capacity (86/86 frames) -- possible dropped samples
I (185264) kx134: epoch: n=2048 mean_g x=0.972 y=0.066 z=-0.235 max_fifo=86/86
W (185534) kx134: FIFO seen at max capacity (86/86 frames) -- possible dropped samples
I (185534) kx134: epoch: n=2048 mean_g x=0.969 y=0.066 z=-0.236 max_fifo=86/86
W (185794) kx134: FIFO seen at max capacity (86/86 frames) -- possible dropped samples
I (185794) kx134: epoch: n=2048 mean_g x=0.970 y=0.066 z=-0.236 max_fifo=86/86
W (186054) kx134: FIFO seen at max capacity (86/86 frames) -- possible dropped samples
I (186054) kx134: epoch: n=2048 mean_g x=0.971 y=0.064 z=-0.236 max_fifo=86/86
W (186314) kx134: FIFO seen at max capacity (86/86 frames) -- possible dropped samples
I (186314) kx134: epoch: n=2048 mean_g x=0.971 y=0.067 z=-0.236 max_fifo=86/86
W (186584) kx134: FIFO seen at max capacity (86/86 frames) -- possible dropped samples
I (186584) kx134: epoch: n=2048 mean_g x=0.972 y=0.063 z=-0.239 max_fifo=86/86
W (186844) kx134: FIFO seen at max capacity (86/86 frames) -- possible dropped samples
I (186844) kx134: epoch: n=2048 mean_g x=0.972 y=0.068 z=-0.236 max_fifo=86/86
W (187114) kx134: FIFO seen at max capacity (86/86 frames) -- possible dropped samples
I (187114) kx134: epoch: n=2048 mean_g x=0.974 y=0.062 z=-0.237 max_fifo=86/86
W (187384) kx134: FIFO seen at max capacity (86/86 frames) -- possible dropped samples
I (187384) kx134: epoch: n=2048 mean_g x=0.972 y=0.060 z=-0.235 max_fifo=86/86
W (187654) kx134: FIFO seen at max capacity (86/86 frames) -- possible dropped samples
I (187654) kx134: epoch: n=2048 mean_g x=0.971 y=0.061 z=-0.235 max_fifo=86/86
W (187914) kx134: FIFO seen at max capacity (86/86 frames) -- possible dropped samples
I (187914) kx134: epoch: n=2048 mean_g x=0.972 y=0.065 z=-0.236 max_fifo=86/86
W (188194) kx134: FIFO seen at max capacity (86/86 frames) -- possible dropped samples
I (188194) kx134: epoch: n=2048 mean_g x=0.968 y=0.068 z=-0.235 max_fifo=86/86
W (188464) kx134: FIFO seen at max capacity (86/86 frames) -- possible dropped samples
I (188464) kx134: epoch: n=2048 mean_g x=0.972 y=0.064 z=-0.237 max_fifo=86/86
W (188724) kx134: FIFO seen at max capacity (86/86 frames) -- possible dropped samples
I (188724) kx134: epoch: n=2048 mean_g x=0.971 y=0.063 z=-0.235 max_fifo=86/86
W (188994) kx134: FIFO seen at max capacity (86/86 frames) -- possible dropped samples
I (188994) kx134: epoch: n=2048 mean_g x=0.972 y=0.064 z=-0.234 max_fifo=86/86
W (189254) kx134: FIFO seen at max capacity (86/86 frames) -- possible dropped samples
I (189254) kx134: epoch: n=2048 mean_g x=0.974 y=0.062 z=-0.235 max_fifo=86/86
W (189524) kx134: FIFO seen at max capacity (86/86 frames) -- possible dropped samples
I (189524) kx134: epoch: n=2048 mean_g x=0.973 y=0.062 z=-0.236 max_fifo=86/86
W (189784) kx134: FIFO seen at max capacity (86/86 frames) -- possible dropped samples
I (189784) kx134: epoch: n=2048 mean_g x=0.970 y=0.069 z=-0.234 max_fifo=86/86
W (190054) kx134: FIFO seen at max capacity (86/86 frames) -- possible dropped samples
I (190054) kx134: epoch: n=2048 mean_g x=0.975 y=0.064 z=-0.236 max_fifo=86/86
W (190324) kx134: FIFO seen at max capacity (86/86 frames) -- possible dropped samples
I (190324) kx134: epoch: n=2048 mean_g x=0.974 y=0.058 z=-0.235 max_fifo=86/86
W (190594) kx134: FIFO seen at max capacity (86/86 frames) -- possible dropped samples
I (190594) kx134: epoch: n=2048 mean_g x=0.972 y=0.063 z=-0.235 max_fifo=86/86
W (190854) kx134: FIFO seen at max capacity (86/86 frames) -- possible dropped samples
I (190854) kx134: epoch: n=2048 mean_g x=0.972 y=0.065 z=-0.236 max_fifo=86/86
W (191134) kx134: FIFO seen at max capacity (86/86 frames) -- possible dropped samples
I (191134) kx134: epoch: n=2048 mean_g x=0.968 y=0.064 z=-0.235 max_fifo=86/86
W (191394) kx134: FIFO seen at max capacity (86/86 frames) -- possible dropped samples
I (191394) kx134: epoch: n=2048 mean_g x=0.970 y=0.064 z=-0.236 max_fifo=86/86
W (191664) kx134: FIFO seen at max capacity (86/86 frames) -- possible dropped samples
I (191664) kx134: epoch: n=2048 mean_g x=0.972 y=0.068 z=-0.235 max_fifo=86/86
W (191934) kx134: FIFO seen at max capacity (86/86 frames) -- possible dropped samples
I (191934) kx134: epoch: n=2048 mean_g x=0.971 y=0.064 z=-0.235 max_fifo=86/86
W (192204) kx134: FIFO seen at max capacity (86/86 frames) -- possible dropped samples
I (192204) kx134: epoch: n=2048 mean_g x=0.973 y=0.064 z=-0.235 max_fifo=86/86
W (192464) kx134: FIFO seen at max capacity (86/86 frames) -- possible dropped samples
I (192464) kx134: epoch: n=2048 mean_g x=0.970 y=0.063 z=-0.236 max_fifo=86/86
W (192724) kx134: FIFO seen at max capacity (86/86 frames) -- possible dropped samples
I (192724) kx134: epoch: n=2048 mean_g x=0.972 y=0.068 z=-0.234 max_fifo=86/86
W (192994) kx134: FIFO seen at max capacity (86/86 frames) -- possible dropped samples
I (192994) kx134: epoch: n=2048 mean_g x=0.970 y=0.063 z=-0.237 max_fifo=86/86
W (193264) kx134: FIFO seen at max capacity (86/86 frames) -- possible dropped samples
I (193264) kx134: epoch: n=2048 mean_g x=0.974 y=0.065 z=-0.237 max_fifo=86/86
W (193534) kx134: FIFO seen at max capacity (86/86 frames) -- possible dropped samples
I (193534) kx134: epoch: n=2048 mean_g x=0.973 y=0.065 z=-0.234 max_fifo=86/86
W (193794) kx134: FIFO seen at max capacity (86/86 frames) -- possible dropped samples
I (193794) kx134: epoch: n=2048 mean_g x=0.971 y=0.062 z=-0.236 max_fifo=86/86
W (194074) kx134: FIFO seen at max capacity (86/86 frames) -- possible dropped samples
I (194074) kx134: epoch: n=2048 mean_g x=0.970 y=0.064 z=-0.236 max_fifo=86/86
W (194344) kx134: FIFO seen at max capacity (86/86 frames) -- possible dropped samples
I (194344) kx134: epoch: n=2048 mean_g x=0.971 y=0.062 z=-0.235 max_fifo=86/86
W (194604) kx134: FIFO seen at max capacity (86/86 frames) -- possible dropped samples
I (194604) kx134: epoch: n=2048 mean_g x=0.971 y=0.065 z=-0.238 max_fifo=86/86
W (194874) kx134: FIFO seen at max capacity (86/86 frames) -- possible dropped samples
I (194874) kx134: epoch: n=2048 mean_g x=0.971 y=0.061 z=-0.235 max_fifo=86/86
W (195134) kx134: FIFO seen at max capacity (86/86 frames) -- possible dropped samples
I (195134) kx134: epoch: n=2048 mean_g x=0.972 y=0.063 z=-0.234 max_fifo=86/86
W (195404) kx134: FIFO seen at max capacity (86/86 frames) -- possible dropped samples
I (195404) kx134: epoch: n=2048 mean_g x=0.969 y=0.061 z=-0.235 max_fifo=86/86
W (195664) kx134: FIFO seen at max capacity (86/86 frames) -- possible dropped samples
I (195664) kx134: epoch: n=2048 mean_g x=0.972 y=0.062 z=-0.235 max_fifo=86/86
W (195934) kx134: FIFO seen at max capacity (86/86 frames) -- possible dropped samples
I (195934) kx134: epoch: n=2048 mean_g x=0.973 y=0.066 z=-0.236 max_fifo=86/86
W (196204) kx134: FIFO seen at max capacity (86/86 frames) -- possible dropped samples
I (196204) kx134: epoch: n=2048 mean_g x=0.972 y=0.064 z=-0.235 max_fifo=86/86
W (196474) kx134: FIFO seen at max capacity (86/86 frames) -- possible dropped samples
I (196474) kx134: epoch: n=2048 mean_g x=0.972 y=0.061 z=-0.235 max_fifo=86/86
W (196734) kx134: FIFO seen at max capacity (86/86 frames) -- possible dropped samples
I (196734) kx134: epoch: n=2048 mean_g x=0.971 y=0.063 z=-0.235 max_fifo=86/86
W (197014) kx134: FIFO seen at max capacity (86/86 frames) -- possible dropped samples
I (197014) kx134: epoch: n=2048 mean_g x=0.972 y=0.065 z=-0.237 max_fifo=86/86
W (197274) kx134: FIFO seen at max capacity (86/86 frames) -- possible dropped samples
I (197274) kx134: epoch: n=2048 mean_g x=0.974 y=0.064 z=-0.235 max_fifo=86/86
E (197374) esp-tls: [sock=54] select() timeout
E (197374) transport_base: Failed to open a new connection: 32774
E (197374) mqtt_client: Error transport connect
W (197374) link_mqtt: disconnected
W (197544) kx134: FIFO seen at max capacity (86/86 frames) -- possible dropped samples
I (197544) kx134: epoch: n=2048 mean_g x=0.972 y=0.062 z=-0.237 max_fifo=86/86
W (197814) kx134: FIFO seen at max capacity (86/86 frames) -- possible dropped samples
I (197814) kx134: epoch: n=2048 mean_g x=0.972 y=0.066 z=-0.233 max_fifo=86/86
W (198074) kx134: FIFO seen at max capacity (86/86 frames) -- possible dropped samples
I (198074) kx134: epoch: n=2048 mean_g x=0.971 y=0.066 z=-0.238 max_fifo=86/86
W (198344) kx134: FIFO seen at max capacity (86/86 frames) -- possible dropped samples
I (198344) kx134: epoch: n=2048 mean_g x=0.971 y=0.063 z=-0.237 max_fifo=86/86
W (198604) kx134: FIFO seen at max capacity (86/86 frames) -- possible dropped samples
I (198604) kx134: epoch: n=2048 mean_g x=0.972 y=0.064 z=-0.236 max_fifo=86/86
W (198874) kx134: FIFO seen at max capacity (86/86 frames) -- possible dropped samples
I (198874) kx134: epoch: n=2048 mean_g x=0.968 y=0.065 z=-0.240 max_fifo=86/86
W (199144) kx134: FIFO seen at max capacity (86/86 frames) -- possible dropped samples
I (199144) kx134: epoch: n=2048 mean_g x=0.971 y=0.063 z=-0.237 max_fifo=86/86
W (199414) kx134: FIFO seen at max capacity (86/86 frames) -- possible dropped samples
I (199414) kx134: epoch: n=2048 mean_g x=0.973 y=0.062 z=-0.234 max_fifo=86/86
W (199674) kx134: FIFO seen at max capacity (86/86 frames) -- possible dropped samples
I (199674) kx134: epoch: n=2048 mean_g x=0.969 y=0.067 z=-0.238 max_fifo=86/86
W (199954) kx134: FIFO seen at max capacity (86/86 frames) -- possible dropped samples
I (199954) kx134: epoch: n=2048 mean_g x=0.972 y=0.067 z=-0.237 max_fifo=86/86
W (200214) kx134: FIFO seen at max capacity (86/86 frames) -- possible dropped samples
I (200214) kx134: epoch: n=2048 mean_g x=0.975 y=0.058 z=-0.233 max_fifo=86/86
W (200484) kx134: FIFO seen at max capacity (86/86 frames) -- possible dropped samples
I (200484) kx134: epoch: n=2048 mean_g x=0.970 y=0.069 z=-0.236 max_fifo=86/86
W (200754) kx134: FIFO seen at max capacity (86/86 frames) -- possible dropped samples
I (200754) kx134: epoch: n=2048 mean_g x=0.969 y=0.067 z=-0.239 max_fifo=86/86
W (201014) kx134: FIFO seen at max capacity (86/86 frames) -- possible dropped samples
I (201014) kx134: epoch: n=2048 mean_g x=0.973 y=0.064 z=-0.237 max_fifo=86/86
W (201284) kx134: FIFO seen at max capacity (86/86 frames) -- possible dropped samples
I (201284) kx134: epoch: n=2048 mean_g x=0.973 y=0.064 z=-0.233 max_fifo=86/86
W (201544) kx134: FIFO seen at max capacity (86/86 frames) -- possible dropped samples
I (201544) kx134: epoch: n=2048 mean_g x=0.969 y=0.064 z=-0.234 max_fifo=86/86
W (201814) kx134: FIFO seen at max capacity (86/86 frames) -- possible dropped samples
I (201814) kx134: epoch: n=2048 mean_g x=0.972 y=0.061 z=-0.235 max_fifo=86/86
W (202084) kx134: FIFO seen at max capacity (86/86 frames) -- possible dropped samples
I (202084) kx134: epoch: n=2048 mean_g x=0.971 y=0.063 z=-0.236 max_fifo=86/86
W (202354) kx134: FIFO seen at max capacity (86/86 frames) -- possible dropped samples
I (202354) kx134: epoch: n=2048 mean_g x=0.970 y=0.064 z=-0.234 max_fifo=86/86
W (202614) kx134: FIFO seen at max capacity (86/86 frames) -- possible dropped samples
I (202614) kx134: epoch: n=2048 mean_g x=0.972 y=0.061 z=-0.236 max_fifo=86/86
W (202894) kx134: FIFO seen at max capacity (86/86 frames) -- possible dropped samples
I (202894) kx134: epoch: n=2048 mean_g x=0.969 y=0.063 z=-0.235 max_fifo=86/86
W (203154) kx134: FIFO seen at max capacity (86/86 frames) -- possible dropped samples
I (203154) kx134: epoch: n=2048 mean_g x=0.971 y=0.067 z=-0.235 max_fifo=86/86
W (203424) kx134: FIFO seen at max capacity (86/86 frames) -- possible dropped samples
I (203424) kx134: epoch: n=2048 mean_g x=0.970 y=0.065 z=-0.232 max_fifo=86/86
W (203694) kx134: FIFO seen at max capacity (86/86 frames) -- possible dropped samples
I (203694) kx134: epoch: n=2048 mean_g x=0.972 y=0.063 z=-0.235 max_fifo=86/86
W (203964) kx134: FIFO seen at max capacity (86/86 frames) -- possible dropped samples
I (203964) kx134: epoch: n=2048 mean_g x=0.973 y=0.065 z=-0.236 max_fifo=86/86
W (204224) kx134: FIFO seen at max capacity (86/86 frames) -- possible dropped samples
I (204224) kx134: epoch: n=2048 mean_g x=0.972 y=0.067 z=-0.237 max_fifo=86/86
W (204484) kx134: FIFO seen at max capacity (86/86 frames) -- possible dropped samples
I (204484) kx134: epoch: n=2048 mean_g x=0.974 y=0.064 z=-0.237 max_fifo=86/86
W (204754) kx134: FIFO seen at max capacity (86/86 frames) -- possible dropped samples
I (204754) kx134: epoch: n=2048 mean_g x=0.973 y=0.065 z=-0.235 max_fifo=86/86
W (205024) kx134: FIFO seen at max capacity (86/86 frames) -- possible dropped samples
I (205024) kx134: epoch: n=2048 mean_g x=0.969 y=0.064 z=-0.236 max_fifo=86/86
W (205294) kx134: FIFO seen at max capacity (86/86 frames) -- possible dropped samples
I (205294) kx134: epoch: n=2048 mean_g x=0.970 y=0.065 z=-0.237 max_fifo=86/86
W (205554) kx134: FIFO seen at max capacity (86/86 frames) -- possible dropped samples
I (205554) kx134: epoch: n=2048 mean_g x=0.971 y=0.062 z=-0.237 max_fifo=86/86
W (205834) kx134: FIFO seen at max capacity (86/86 frames) -- possible dropped samples
I (205834) kx134: epoch: n=2048 mean_g x=0.971 y=0.063 z=-0.235 max_fifo=86/86
W (206104) kx134: FIFO seen at max capacity (86/86 frames) -- possible dropped samples
I (206104) kx134: epoch: n=2048 mean_g x=0.974 y=0.064 z=-0.235 max_fifo=86/86
W (206364) kx134: FIFO seen at max capacity (86/86 frames) -- possible dropped samples
I (206364) kx134: epoch: n=2048 mean_g x=0.967 y=0.065 z=-0.237 max_fifo=86/86
W (206634) kx134: FIFO seen at max capacity (86/86 frames) -- possible dropped samples
I (206634) kx134: epoch: n=2048 mean_g x=0.971 y=0.063 z=-0.236 max_fifo=86/86
W (206894) kx134: FIFO seen at max capacity (86/86 frames) -- possible dropped samples
I (206894) kx134: epoch: n=2048 mean_g x=0.971 y=0.063 z=-0.235 max_fifo=86/86
W (207164) kx134: FIFO seen at max capacity (86/86 frames) -- possible dropped samples
I (207164) kx134: epoch: n=2048 mean_g x=0.972 y=0.062 z=-0.235 max_fifo=86/86
W (207424) kx134: FIFO seen at max capacity (86/86 frames) -- possible dropped samples
I (207424) kx134: epoch: n=2048 mean_g x=0.971 y=0.063 z=-0.234 max_fifo=86/86
W (207694) kx134: FIFO seen at max capacity (86/86 frames) -- possible dropped samples
I (207694) kx134: epoch: n=2048 mean_g x=0.971 y=0.068 z=-0.236 max_fifo=86/86
W (207964) kx134: FIFO seen at max capacity (86/86 frames) -- possible dropped samples
I (207964) kx134: epoch: n=2048 mean_g x=0.972 y=0.066 z=-0.234 max_fifo=86/86
W (208234) kx134: FIFO seen at max capacity (86/86 frames) -- possible dropped samples
I (208234) kx134: epoch: n=2048 mean_g x=0.972 y=0.064 z=-0.236 max_fifo=86/86
W (208494) kx134: FIFO seen at max capacity (86/86 frames) -- possible dropped samples
I (208494) kx134: epoch: n=2048 mean_g x=0.971 y=0.063 z=-0.235 max_fifo=86/86
W (208774) kx134: FIFO seen at max capacity (86/86 frames) -- possible dropped samples
I (208774) kx134: epoch: n=2048 mean_g x=0.972 y=0.063 z=-0.235 max_fifo=86/86
W (209034) kx134: FIFO seen at max capacity (86/86 frames) -- possible dropped samples
I (209034) kx134: epoch: n=2048 mean_g x=0.971 y=0.062 z=-0.238 max_fifo=86/86
W (209304) kx134: FIFO seen at max capacity (86/86 frames) -- possible dropped samples
I (209304) kx134: epoch: n=2048 mean_g x=0.969 y=0.061 z=-0.235 max_fifo=86/86
W (209574) kx134: FIFO seen at max capacity (86/86 frames) -- possible dropped samples
I (209574) kx134: epoch: n=2048 mean_g x=0.970 y=0.067 z=-0.238 max_fifo=86/86
W (209834) kx134: FIFO seen at max capacity (86/86 frames) -- possible dropped samples
I (209834) kx134: epoch: n=2048 mean_g x=0.972 y=0.064 z=-0.235 max_fifo=86/86
W (210104) kx134: FIFO seen at max capacity (86/86 frames) -- possible dropped samples
I (210104) kx134: epoch: n=2048 mean_g x=0.970 y=0.064 z=-0.236 max_fifo=86/86
W (210364) kx134: FIFO seen at max capacity (86/86 frames) -- possible dropped samples
I (210364) kx134: epoch: n=2048 mean_g x=0.970 y=0.067 z=-0.235 max_fifo=86/86
E (210384) esp-tls: [sock=54] select() timeout
E (210384) transport_base: Failed to open a new connection: 32774
E (210384) mqtt_client: Error transport connect
W (210384) link_mqtt: disconnected
W (210634) kx134: FIFO seen at max capacity (86/86 frames) -- possible dropped samples
I (210634) kx134: epoch: n=2048 mean_g x=0.973 y=0.061 z=-0.236 max_fifo=86/86
W (210904) kx134: FIFO seen at max capacity (86/86 frames) -- possible dropped samples
I (210904) kx134: epoch: n=2048 mean_g x=0.972 y=0.065 z=-0.236 max_fifo=86/86
W (211174) kx134: FIFO seen at max capacity (86/86 frames) -- possible dropped samples
I (211174) kx134: epoch: n=2048 mean_g x=0.971 y=0.062 z=-0.237 max_fifo=86/86
W (211434) kx134: FIFO seen at max capacity (86/86 frames) -- possible dropped samples
I (211434) kx134: epoch: n=2048 mean_g x=0.974 y=0.064 z=-0.237 max_fifo=86/86
W (211714) kx134: FIFO seen at max capacity (86/86 frames) -- possible dropped samples
I (211714) kx134: epoch: n=2048 mean_g x=0.972 y=0.064 z=-0.236 max_fifo=86/86
W (211974) kx134: FIFO seen at max capacity (86/86 frames) -- possible dropped samples
I (211974) kx134: epoch: n=2048 mean_g x=0.972 y=0.063 z=-0.235 max_fifo=86/86
W (212244) kx134: FIFO seen at max capacity (86/86 frames) -- possible dropped samples
I (212244) kx134: epoch: n=2048 mean_g x=0.970 y=0.067 z=-0.235 max_fifo=86/86
I (212304) DIAG: Stack HWM (bytes free): mic=7204 dsp=4120 rgb=1920 imu=1596 diag=828
I (212304) DIAG: CPU runtime:
diag           	620388		<1%
IDLE1          	208137615		98%
IDLE0          	163889167		77%
imu_task       	31313769		14%
mqtt_task      	126414		<1%
net            	11884163		5%
wifi_prov      	4537		<1%
tiT            	304458		<1%
dsp_task       	2611524		1%
mic_task       	1582579		<1%
main           	157643		<1%
ipc0           	37902		<1%
sys_evt        	4169		<1%
Tmr Svc        	17		<1%
esp_timer      	36166		<1%
wifi           	1273159		<1%
rgb_led        	228790		<1%
ipc1           	50576		<1%

I (212344) DIAG: Heap free: internal=31568 largest_free=21504 PSRAM=8210148 IRAM=0
I (212354) DIAG: wifi: connects=1 disconnects=0 retry_cnt=0
I (212364) DIAG: mqtt: connects=0 disconnects=16 publishes=0 publish_failures=0 cmds_received=0
I (212374) DIAG: wifi_prov: state=1 provisioning_entries=0 recovery_entries=0 recovery_successes=0
I (212374) DIAG: mic: blocks_ok=3292 capture_failures=0 rb_drops=0
W (212384) DIAG: mic i2s: overflow_count=7 (cumulative) read_errors=0 short_reads=0 — check CPU load
I (212394) DIAG: dsp: fft_count=3292 frames_emitted=823 rb_timeouts=0 last_fft_us=604
I (212404) DIAG: imu: epochs=788 read_errors=0 reinit_attempts=0 reinit_successes=0
I (212404) DIAG: accel: reads_ok=2364 read_errors=0 fifo_max_hits=788
I (212414) DIAG: net: frames_built=987 build_failures=0 publish_failures=0 cmd_malformed=0 disconnect_reverts=0
I (212424) DIAG: led: state_changes=4 remote_updates=0 hw_errors=0
W (212514) kx134: FIFO seen at max capacity (86/86 frames) -- possible dropped samples
I (212514) kx134: epoch: n=2048 mean_g x=0.970 y=0.064 z=-0.234 max_fifo=86/86
W (212774) kx134: FIFO seen at max capacity (86/86 frames) -- possible dropped samples
I (212774) kx134: epoch: n=2048 mean_g x=0.971 y=0.063 z=-0.236 max_fifo=86/86
W (213044) kx134: FIFO seen at max capacity (86/86 frames) -- possible dropped samples
I (213044) kx134: epoch: n=2048 mean_g x=0.973 y=0.063 z=-0.235 max_fifo=86/86
W (213304) kx134: FIFO seen at max capacity (86/86 frames) -- possible dropped samples
I (213304) kx134: epoch: n=2048 mean_g x=0.971 y=0.062 z=-0.237 max_fifo=86/86
W (213574) kx134: FIFO seen at max capacity (86/86 frames) -- possible dropped samples
I (213574) kx134: epoch: n=2048 mean_g x=0.974 y=0.063 z=-0.238 max_fifo=86/86
W (213844) kx134: FIFO seen at max capacity (86/86 frames) -- possible dropped samples
I (213844) kx134: epoch: n=2048 mean_g x=0.972 y=0.064 z=-0.232 max_fifo=86/86
W (214114) kx134: FIFO seen at max capacity (86/86 frames) -- possible dropped samples
I (214114) kx134: epoch: n=2048 mean_g x=0.971 y=0.065 z=-0.236 max_fifo=86/86
W (214374) kx134: FIFO seen at max capacity (86/86 frames) -- possible dropped samples
I (214374) kx134: epoch: n=2048 mean_g x=0.973 y=0.063 z=-0.235 max_fifo=86/86
W (214654) kx134: FIFO seen at max capacity (86/86 frames) -- possible dropped samples
I (214654) kx134: epoch: n=2048 mean_g x=0.969 y=0.064 z=-0.234 max_fifo=86/86
W (214914) kx134: FIFO seen at max capacity (86/86 frames) -- possible dropped samples
I (214914) kx134: epoch: n=2048 mean_g x=0.972 y=0.064 z=-0.234 max_fifo=86/86
W (215184) kx134: FIFO seen at max capacity (86/86 frames) -- possible dropped samples
I (215184) kx134: epoch: n=2048 mean_g x=0.972 y=0.063 z=-0.235 max_fifo=86/86
W (215454) kx134: FIFO seen at max capacity (86/86 frames) -- possible dropped samples
I (215454) kx134: epoch: n=2048 mean_g x=0.973 y=0.068 z=-0.236 max_fifo=86/86
W (215724) kx134: FIFO seen at max capacity (86/86 frames) -- possible dropped samples
I (215724) kx134: epoch: n=2048 mean_g x=0.972 y=0.064 z=-0.236 max_fifo=86/86
W (215984) kx134: FIFO seen at max capacity (86/86 frames) -- possible dropped samples
I (215984) kx134: epoch: n=2048 mean_g x=0.974 y=0.063 z=-0.238 max_fifo=86/86
W (216244) kx134: FIFO seen at max capacity (86/86 frames) -- possible dropped samples
I (216244) kx134: epoch: n=2048 mean_g x=0.972 y=0.064 z=-0.237 max_fifo=86/86
W (216514) kx134: FIFO seen at max capacity (86/86 frames) -- possible dropped samples
I (216514) kx134: epoch: n=2048 mean_g x=0.972 y=0.065 z=-0.235 max_fifo=86/86
W (216784) kx134: FIFO seen at max capacity (86/86 frames) -- possible dropped samples
I (216784) kx134: epoch: n=2048 mean_g x=0.970 y=0.066 z=-0.237 max_fifo=86/86
W (217054) kx134: FIFO seen at max capacity (86/86 frames) -- possible dropped samples
I (217054) kx134: epoch: n=2048 mean_g x=0.973 y=0.066 z=-0.234 max_fifo=86/86
W (217314) kx134: FIFO seen at max capacity (86/86 frames) -- possible dropped samples
I (217314) kx134: epoch: n=2048 mean_g x=0.974 y=0.061 z=-0.235 max_fifo=86/86
W (217594) kx134: FIFO seen at max capacity (86/86 frames) -- possible dropped samples
I (217594) kx134: epoch: n=2048 mean_g x=0.969 y=0.064 z=-0.236 max_fifo=86/86
W (217864) kx134: FIFO seen at max capacity (86/86 frames) -- possible dropped samples
I (217864) kx134: epoch: n=2048 mean_g x=0.970 y=0.065 z=-0.235 max_fifo=86/86
W (218124) kx134: FIFO seen at max capacity (86/86 frames) -- possible dropped samples
I (218124) kx134: epoch: n=2048 mean_g x=0.969 y=0.064 z=-0.237 max_fifo=86/86
W (218394) kx134: FIFO seen at max capacity (86/86 frames) -- possible dropped samples
I (218394) kx134: epoch: n=2048 mean_g x=0.972 y=0.064 z=-0.235 max_fifo=86/86
W (218654) kx134: FIFO seen at max capacity (86/86 frames) -- possible dropped samples
I (218654) kx134: epoch: n=2048 mean_g x=0.973 y=0.064 z=-0.234 max_fifo=86/86
W (218924) kx134: FIFO seen at max capacity (86/86 frames) -- possible dropped samples
I (218924) kx134: epoch: n=2048 mean_g x=0.974 y=0.063 z=-0.233 max_fifo=86/86
W (219184) kx134: FIFO seen at max capacity (86/86 frames) -- possible dropped samples
I (219184) kx134: epoch: n=2048 mean_g x=0.971 y=0.067 z=-0.234 max_fifo=86/86
W (219454) kx134: FIFO seen at max capacity (86/86 frames) -- possible dropped samples
I (219454) kx134: epoch: n=2048 mean_g x=0.972 y=0.064 z=-0.236 max_fifo=86/86
W (219724) kx134: FIFO seen at max capacity (86/86 frames) -- possible dropped samples
I (219724) kx134: epoch: n=2048 mean_g x=0.975 y=0.064 z=-0.235 max_fifo=86/86
W (219994) kx134: FIFO seen at max capacity (86/86 frames) -- possible dropped samples
I (219994) kx134: epoch: n=2048 mean_g x=0.972 y=0.065 z=-0.235 max_fifo=86/86
W (220254) kx134: FIFO seen at max capacity (86/86 frames) -- possible dropped samples
I (220254) kx134: epoch: n=2048 mean_g x=0.971 y=0.062 z=-0.235 max_fifo=86/86
W (220534) kx134: FIFO seen at max capacity (86/86 frames) -- possible dropped samples
I (220534) kx134: epoch: n=2048 mean_g x=0.971 y=0.066 z=-0.235 max_fifo=86/86
W (220794) kx134: FIFO seen at max capacity (86/86 frames) -- possible dropped samples
I (220794) kx134: epoch: n=2048 mean_g x=0.971 y=0.065 z=-0.235 max_fifo=86/86
W (221064) kx134: FIFO seen at max capacity (86/86 frames) -- possible dropped samples
I (221064) kx134: epoch: n=2048 mean_g x=0.971 y=0.060 z=-0.235 max_fifo=86/86
W (221334) kx134: FIFO seen at max capacity (86/86 frames) -- possible dropped samples
I (221334) kx134: epoch: n=2048 mean_g x=0.970 y=0.064 z=-0.236 max_fifo=86/86
W (221594) kx134: FIFO seen at max capacity (86/86 frames) -- possible dropped samples
I (221594) kx134: epoch: n=2048 mean_g x=0.972 y=0.063 z=-0.238 max_fifo=86/86
W (221864) kx134: FIFO seen at max capacity (86/86 frames) -- possible dropped samples
I (221864) kx134: epoch: n=2048 mean_g x=0.972 y=0.065 z=-0.236 max_fifo=86/86
W (222124) kx134: FIFO seen at max capacity (86/86 frames) -- possible dropped samples
I (222124) kx134: epoch: n=2048 mean_g x=0.971 y=0.064 z=-0.235 max_fifo=86/86
W (222394) kx134: FIFO seen at max capacity (86/86 frames) -- possible dropped samples
I (222394) kx134: epoch: n=2048 mean_g x=0.973 y=0.064 z=-0.235 max_fifo=86/86
W (222664) kx134: FIFO seen at max capacity (86/86 frames) -- possible dropped samples
I (222664) kx134: epoch: n=2048 mean_g x=0.972 y=0.064 z=-0.236 max_fifo=86/86
W (222934) kx134: FIFO seen at max capacity (86/86 frames) -- possible dropped samples
I (222934) kx134: epoch: n=2048 mean_g x=0.972 y=0.063 z=-0.238 max_fifo=86/86
W (223194) kx134: FIFO seen at max capacity (86/86 frames) -- possible dropped samples
I (223194) kx134: epoch: n=2048 mean_g x=0.972 y=0.064 z=-0.235 max_fifo=86/86
E (223394) esp-tls: [sock=54] select() timeout
E (223394) transport_base: Failed to open a new connection: 32774
E (223394) mqtt_client: Error transport connect
W (223394) link_mqtt: disconnected
W (223474) kx134: FIFO seen at max capacity (86/86 frames) -- possible dropped samples
I (223484) kx134: epoch: n=2048 mean_g x=0.975 y=0.064 z=-0.235 max_fifo=86/86
W (223744) kx134: FIFO seen at max capacity (86/86 frames) -- possible dropped samples
I (223744) kx134: epoch: n=2048 mean_g x=0.972 y=0.067 z=-0.236 max_fifo=86/86
W (224004) kx134: FIFO seen at max capacity (86/86 frames) -- possible dropped samples
I (224004) kx134: epoch: n=2048 mean_g x=0.972 y=0.063 z=-0.237 max_fifo=86/86
W (224274) kx134: FIFO seen at max capacity (86/86 frames) -- possible dropped samples
I (224274) kx134: epoch: n=2048 mean_g x=0.972 y=0.064 z=-0.235 max_fifo=86/86
W (224534) kx134: FIFO seen at max capacity (86/86 frames) -- possible dropped samples
I (224534) kx134: epoch: n=2048 mean_g x=0.969 y=0.067 z=-0.237 max_fifo=86/86
W (224804) kx134: FIFO seen at max capacity (86/86 frames) -- possible dropped samples
I (224804) kx134: epoch: n=2048 mean_g x=0.971 y=0.066 z=-0.238 max_fifo=86/86
W (225064) kx134: FIFO seen at max capacity (86/86 frames) -- possible dropped samples
I (225064) kx134: epoch: n=2048 mean_g x=0.971 y=0.069 z=-0.235 max_fifo=86/86
W (225334) kx134: FIFO seen at max capacity (86/86 frames) -- possible dropped samples
I (225334) kx134: epoch: n=2048 mean_g x=0.967 y=0.065 z=-0.237 max_fifo=86/86
W (225604) kx134: FIFO seen at max capacity (86/86 frames) -- possible dropped samples
I (225604) kx134: epoch: n=2048 mean_g x=0.972 y=0.065 z=-0.235 max_fifo=86/86
W (225874) kx134: FIFO seen at max capacity (86/86 frames) -- possible dropped samples
I (225874) kx134: epoch: n=2048 mean_g x=0.971 y=0.065 z=-0.236 max_fifo=86/86
W (226134) kx134: FIFO seen at max capacity (86/86 frames) -- possible dropped samples
I (226134) kx134: epoch: n=2048 mean_g x=0.971 y=0.065 z=-0.236 max_fifo=86/86
W (226414) kx134: FIFO seen at max capacity (86/86 frames) -- possible dropped samples
I (226414) kx134: epoch: n=2048 mean_g x=0.974 y=0.064 z=-0.232 max_fifo=86/86
W (226674) kx134: FIFO seen at max capacity (86/86 frames) -- possible dropped samples
I (226674) kx134: epoch: n=2048 mean_g x=0.970 y=0.066 z=-0.236 max_fifo=86/86
W (226944) kx134: FIFO seen at max capacity (86/86 frames) -- possible dropped samples
I (226944) kx134: epoch: n=2048 mean_g x=0.969 y=0.062 z=-0.236 max_fifo=86/86
W (227214) kx134: FIFO seen at max capacity (86/86 frames) -- possible dropped samples
I (227214) kx134: epoch: n=2048 mean_g x=0.971 y=0.064 z=-0.235 max_fifo=86/86
W (227484) kx134: FIFO seen at max capacity (86/86 frames) -- possible dropped samples
I (227484) kx134: epoch: n=2048 mean_g x=0.973 y=0.064 z=-0.234 max_fifo=86/86
W (227744) kx134: FIFO seen at max capacity (86/86 frames) -- possible dropped samples
I (227744) kx134: epoch: n=2048 mean_g x=0.970 y=0.066 z=-0.233 max_fifo=86/86
W (228004) kx134: FIFO seen at max capacity (86/86 frames) -- possible dropped samples
I (228004) kx134: epoch: n=2048 mean_g x=0.973 y=0.061 z=-0.230 max_fifo=86/86
W (228274) kx134: FIFO seen at max capacity (86/86 frames) -- possible dropped samples
I (228274) kx134: epoch: n=2048 mean_g x=0.972 y=0.064 z=-0.233 max_fifo=86/86
W (228544) kx134: FIFO seen at max capacity (86/86 frames) -- possible dropped samples
I (228544) kx134: epoch: n=2048 mean_g x=0.975 y=0.066 z=-0.232 max_fifo=86/86
W (228814) kx134: FIFO seen at max capacity (86/86 frames) -- possible dropped samples
I (228814) kx134: epoch: n=2048 mean_g x=0.971 y=0.064 z=-0.234 max_fifo=86/86
W (229074) kx134: FIFO seen at max capacity (86/86 frames) -- possible dropped samples
I (229074) kx134: epoch: n=2048 mean_g x=0.974 y=0.062 z=-0.236 max_fifo=86/86
W (229354) kx134: FIFO seen at max capacity (86/86 frames) -- possible dropped samples
I (229354) kx134: epoch: n=2048 mean_g x=0.971 y=0.064 z=-0.236 max_fifo=86/86
W (229624) kx134: FIFO seen at max capacity (86/86 frames) -- possible dropped samples
I (229624) kx134: epoch: n=2048 mean_g x=0.973 y=0.064 z=-0.233 max_fifo=86/86
W (229884) kx134: FIFO seen at max capacity (86/86 frames) -- possible dropped samples
I (229884) kx134: epoch: n=2048 mean_g x=0.971 y=0.065 z=-0.234 max_fifo=86/86
W (230154) kx134: FIFO seen at max capacity (86/86 frames) -- possible dropped samples
I (230154) kx134: epoch: n=2048 mean_g x=0.970 y=0.064 z=-0.237 max_fifo=86/86
W (230414) kx134: FIFO seen at max capacity (86/86 frames) -- possible dropped samples
I (230414) kx134: epoch: n=2048 mean_g x=0.973 y=0.066 z=-0.235 max_fifo=86/86
W (230684) kx134: FIFO seen at max capacity (86/86 frames) -- possible dropped samples
I (230684) kx134: epoch: n=2048 mean_g x=0.973 y=0.063 z=-0.233 max_fifo=86/86
W (230944) kx134: FIFO seen at max capacity (86/86 frames) -- possible dropped samples
I (230944) kx134: epoch: n=2048 mean_g x=0.972 y=0.063 z=-0.236 max_fifo=86/86
W (231214) kx134: FIFO seen at max capacity (86/86 frames) -- possible dropped samples
I (231214) kx134: epoch: n=2048 mean_g x=0.973 y=0.064 z=-0.235 max_fifo=86/86
W (231484) kx134: FIFO seen at max capacity (86/86 frames) -- possible dropped samples
I (231484) kx134: epoch: n=2048 mean_g x=0.974 y=0.065 z=-0.237 max_fifo=86/86
W (231754) kx134: FIFO seen at max capacity (86/86 frames) -- possible dropped samples
I (231754) kx134: epoch: n=2048 mean_g x=0.971 y=0.065 z=-0.235 max_fifo=86/86
W (232014) kx134: FIFO seen at max capacity (86/86 frames) -- possible dropped samples
I (232014) kx134: epoch: n=2048 mean_g x=0.973 y=0.066 z=-0.233 max_fifo=86/86
W (232294) kx134: FIFO seen at max capacity (86/86 frames) -- possible dropped samples
I (232294) kx134: epoch: n=2048 mean_g x=0.973 y=0.066 z=-0.235 max_fifo=86/86
W (232554) kx134: FIFO seen at max capacity (86/86 frames) -- possible dropped samples
I (232554) kx134: epoch: n=2048 mean_g x=0.972 y=0.062 z=-0.235 max_fifo=86/86
W (232824) kx134: FIFO seen at max capacity (86/86 frames) -- possible dropped samples
I (232824) kx134: epoch: n=2048 mean_g x=0.971 y=0.066 z=-0.234 max_fifo=86/86
W (233094) kx134: FIFO seen at max capacity (86/86 frames) -- possible dropped samples
I (233094) kx134: epoch: n=2048 mean_g x=0.973 y=0.063 z=-0.234 max_fifo=86/86
W (233354) kx134: FIFO seen at max capacity (86/86 frames) -- possible dropped samples
I (233354) kx134: epoch: n=2048 mean_g x=0.968 y=0.064 z=-0.236 max_fifo=86/86
W (233624) kx134: FIFO seen at max capacity (86/86 frames) -- possible dropped samples
I (233624) kx134: epoch: n=2048 mean_g x=0.972 y=0.064 z=-0.235 max_fifo=86/86
W (233884) kx134: FIFO seen at max capacity (86/86 frames) -- possible dropped samples
I (233884) kx134: epoch: n=2048 mean_g x=0.971 y=0.067 z=-0.236 max_fifo=86/86
W (234154) kx134: FIFO seen at max capacity (86/86 frames) -- possible dropped samples
I (234154) kx134: epoch: n=2048 mean_g x=0.972 y=0.067 z=-0.235 max_fifo=86/86
W (234424) kx134: FIFO seen at max capacity (86/86 frames) -- possible dropped samples
I (234424) kx134: epoch: n=2048 mean_g x=0.972 y=0.064 z=-0.236 max_fifo=86/86
W (234694) kx134: FIFO seen at max capacity (86/86 frames) -- possible dropped samples
I (234694) kx134: epoch: n=2048 mean_g x=0.973 y=0.065 z=-0.232 max_fifo=86/86
W (234954) kx134: FIFO seen at max capacity (86/86 frames) -- possible dropped samples
I (234954) kx134: epoch: n=2048 mean_g x=0.972 y=0.065 z=-0.234 max_fifo=86/86
W (235234) kx134: FIFO seen at max capacity (86/86 frames) -- possible dropped samples
I (235234) kx134: epoch: n=2048 mean_g x=0.971 y=0.063 z=-0.236 max_fifo=86/86
W (235494) kx134: FIFO seen at max capacity (86/86 frames) -- possible dropped samples
I (235494) kx134: epoch: n=2048 mean_g x=0.970 y=0.063 z=-0.236 max_fifo=86/86
W (235764) kx134: FIFO seen at max capacity (86/86 frames) -- possible dropped samples
I (235764) kx134: epoch: n=2048 mean_g x=0.972 y=0.067 z=-0.235 max_fifo=86/86
W (236034) kx134: FIFO seen at max capacity (86/86 frames) -- possible dropped samples
I (236034) kx134: epoch: n=2048 mean_g x=0.974 y=0.068 z=-0.236 max_fifo=86/86
W (236294) kx134: FIFO seen at max capacity (86/86 frames) -- possible dropped samples
I (236294) kx134: epoch: n=2048 mean_g x=0.972 y=0.064 z=-0.237 max_fifo=86/86
E (236404) esp-tls: [sock=54] select() timeout
E (236404) transport_base: Failed to open a new connection: 32774
E (236404) mqtt_client: Error transport connect
W (236404) link_mqtt: disconnected
W (236574) kx134: FIFO seen at max capacity (86/86 frames) -- possible dropped samples
I (236574) kx134: epoch: n=2048 mean_g x=0.973 y=0.062 z=-0.233 max_fifo=86/86
W (236824) kx134: FIFO seen at max capacity (86/86 frames) -- possible dropped samples
I (236824) kx134: epoch: n=2048 mean_g x=0.972 y=0.066 z=-0.234 max_fifo=86/86
W (237094) kx134: FIFO seen at max capacity (86/86 frames) -- possible dropped samples
I (237094) kx134: epoch: n=2048 mean_g x=0.975 y=0.064 z=-0.233 max_fifo=86/86
W (237364) kx134: FIFO seen at max capacity (86/86 frames) -- possible dropped samples
I (237364) kx134: epoch: n=2048 mean_g x=0.971 y=0.065 z=-0.235 max_fifo=86/86
W (237634) kx134: FIFO seen at max capacity (86/86 frames) -- possible dropped samples
I (237634) kx134: epoch: n=2048 mean_g x=0.969 y=0.067 z=-0.237 max_fifo=86/86
W (237894) kx134: FIFO seen at max capacity (86/86 frames) -- possible dropped samples
I (237894) kx134: epoch: n=2048 mean_g x=0.971 y=0.066 z=-0.237 max_fifo=86/86
W (238174) kx134: FIFO seen at max capacity (86/86 frames) -- possible dropped samples
I (238174) kx134: epoch: n=2048 mean_g x=0.970 y=0.064 z=-0.236 max_fifo=86/86
W (238434) kx134: FIFO seen at max capacity (86/86 frames) -- possible dropped samples
I (238434) kx134: epoch: n=2048 mean_g x=0.972 y=0.061 z=-0.236 max_fifo=86/86
W (238704) kx134: FIFO seen at max capacity (86/86 frames) -- possible dropped samples
I (238704) kx134: epoch: n=2048 mean_g x=0.970 y=0.063 z=-0.234 max_fifo=86/86
W (238974) kx134: FIFO seen at max capacity (86/86 frames) -- possible dropped samples
I (238974) kx134: epoch: n=2048 mean_g x=0.971 y=0.060 z=-0.238 max_fifo=86/86
W (239244) kx134: FIFO seen at max capacity (86/86 frames) -- possible dropped samples
I (239244) kx134: epoch: n=2048 mean_g x=0.973 y=0.062 z=-0.236 max_fifo=86/86
W (239504) kx134: FIFO seen at max capacity (86/86 frames) -- possible dropped samples
I (239504) kx134: epoch: n=2048 mean_g x=0.971 y=0.063 z=-0.234 max_fifo=86/86
W (239764) kx134: FIFO seen at max capacity (86/86 frames) -- possible dropped samples
I (239764) kx134: epoch: n=2048 mean_g x=0.973 y=0.064 z=-0.233 max_fifo=86/86
W (240034) kx134: FIFO seen at max capacity (86/86 frames) -- possible dropped samples
I (240034) kx134: epoch: n=2048 mean_g x=0.971 y=0.064 z=-0.234 max_fifo=86/86
W (240304) kx134: FIFO seen at max capacity (86/86 frames) -- possible dropped samples
I (240304) kx134: epoch: n=2048 mean_g x=0.971 y=0.064 z=-0.234 max_fifo=86/86
W (240574) kx134: FIFO seen at max capacity (86/86 frames) -- possible dropped samples
I (240574) kx134: epoch: n=2048 mean_g x=0.973 y=0.063 z=-0.235 max_fifo=86/86
W (240834) kx134: FIFO seen at max capacity (86/86 frames) -- possible dropped samples
I (240834) kx134: epoch: n=2048 mean_g x=0.973 y=0.062 z=-0.235 max_fifo=86/86
W (241114) kx134: FIFO seen at max capacity (86/86 frames) -- possible dropped samples
I (241114) kx134: epoch: n=2048 mean_g x=0.970 y=0.062 z=-0.234 max_fifo=86/86
W (241384) kx134: FIFO seen at max capacity (86/86 frames) -- possible dropped samples
I (241384) kx134: epoch: n=2048 mean_g x=0.973 y=0.066 z=-0.235 max_fifo=86/86
W (241644) kx134: FIFO seen at max capacity (86/86 frames) -- possible dropped samples
I (241644) kx134: epoch: n=2048 mean_g x=0.972 y=0.062 z=-0.236 max_fifo=86/86
W (241914) kx134: FIFO seen at max capacity (86/86 frames) -- possible dropped samples
I (241914) kx134: epoch: n=2048 mean_g x=0.970 y=0.066 z=-0.236 max_fifo=86/86
W (242174) kx134: FIFO seen at max capacity (86/86 frames) -- possible dropped samples
I (242174) kx134: epoch: n=2048 mean_g x=0.970 y=0.066 z=-0.240 max_fifo=86/86
I (242434) DIAG: Stack HWM (bytes free): mic=7204 dsp=4120 rgb=1920 imu=1596 diag=828
I (242434) DIAG: CPU runtime:
diag           	740023		<1%
IDLE0          	187329568		77%
IDLE1          	237883161		98%
net            	13603881		5%
tiT            	347371		<1%
wifi_prov      	5136		<1%
imu_task       	35770881		14%
dsp_task       	2984247		1%
mqtt_task      	144218		<1%
mic_task       	1807363		<1%
main           	157643		<1%
sys_evt        	4169		<1%
Tmr Svc        	17		<1%
rgb_led        	228790		<1%
wifi           	1384649		<1%
esp_timer      	41092		<1%
ipc1           	50576		<1%
ipc0           	37902		<1%

W (242444) kx134: FIFO seen at max capacity (86/86 frames) -- possible dropped samples
I (242484) kx134: epoch: n=2048 mean_g x=0.970 y=0.067 z=-0.237 max_fifo=86/86
I (242514) DIAG: Heap free: internal=30976 largest_free=21504 PSRAM=8209980 IRAM=0
I (242514) DIAG: wifi: connects=1 disconnects=0 retry_cnt=0
I (242514) DIAG: mqtt: connects=0 disconnects=18 publishes=0 publish_failures=0 cmds_received=0
I (242524) DIAG: wifi_prov: state=1 provisioning_entries=0 recovery_entries=0 recovery_successes=0
I (242544) DIAG: mic: blocks_ok=3763 capture_failures=0 rb_drops=0
W (242544) DIAG: mic i2s: overflow_count=7 (cumulative) read_errors=0 short_reads=0 — check CPU load
I (242544) DIAG: dsp: fft_count=3763 frames_emitted=940 rb_timeouts=0 last_fft_us=604
I (242554) DIAG: imu: epochs=901 read_errors=0 reinit_attempts=0 reinit_successes=0
I (242564) DIAG: accel: reads_ok=2703 read_errors=0 fifo_max_hits=901
I (242564) DIAG: net: frames_built=1131 build_failures=0 publish_failures=0 cmd_malformed=0 disconnect_reverts=0
I (242574) DIAG: led: state_changes=4 remote_updates=0 hw_errors=0
W (242754) kx134: FIFO seen at max capacity (86/86 frames) -- possible dropped samples
I (242754) kx134: epoch: n=2048 mean_g x=0.971 y=0.064 z=-0.236 max_fifo=86/86
W (243014) kx134: FIFO seen at max capacity (86/86 frames) -- possible dropped samples
I (243014) kx134: epoch: n=2048 mean_g x=0.971 y=0.064 z=-0.237 max_fifo=86/86
W (243284) kx134: FIFO seen at max capacity (86/86 frames) -- possible dropped samples
I (243284) kx134: epoch: n=2048 mean_g x=0.972 y=0.061 z=-0.236 max_fifo=86/86
W (243544) kx134: FIFO seen at max capacity (86/86 frames) -- possible dropped samples
I (243544) kx134: epoch: n=2048 mean_g x=0.972 y=0.062 z=-0.236 max_fifo=86/86
W (243814) kx134: FIFO seen at max capacity (86/86 frames) -- possible dropped samples
I (243814) kx134: epoch: n=2048 mean_g x=0.969 y=0.067 z=-0.234 max_fifo=86/86
W (244084) kx134: FIFO seen at max capacity (86/86 frames) -- possible dropped samples
I (244084) kx134: epoch: n=2048 mean_g x=0.972 y=0.064 z=-0.236 max_fifo=86/86
W (244354) kx134: FIFO seen at max capacity (86/86 frames) -- possible dropped samples
I (244354) kx134: epoch: n=2048 mean_g x=0.971 y=0.062 z=-0.233 max_fifo=86/86
W (244614) kx134: FIFO seen at max capacity (86/86 frames) -- possible dropped samples
I (244614) kx134: epoch: n=2048 mean_g x=0.972 y=0.063 z=-0.235 max_fifo=86/86
W (244894) kx134: FIFO seen at max capacity (86/86 frames) -- possible dropped samples
I (244894) kx134: epoch: n=2048 mean_g x=0.971 y=0.065 z=-0.235 max_fifo=86/86
W (245154) kx134: FIFO seen at max capacity (86/86 frames) -- possible dropped samples
I (245154) kx134: epoch: n=2048 mean_g x=0.973 y=0.064 z=-0.235 max_fifo=86/86
W (245424) kx134: FIFO seen at max capacity (86/86 frames) -- possible dropped samples
I (245424) kx134: epoch: n=2048 mean_g x=0.976 y=0.061 z=-0.235 max_fifo=86/86
W (245694) kx134: FIFO seen at max capacity (86/86 frames) -- possible dropped samples
I (245694) kx134: epoch: n=2048 mean_g x=0.973 y=0.062 z=-0.233 max_fifo=86/86
W (245954) kx134: FIFO seen at max capacity (86/86 frames) -- possible dropped samples
I (245954) kx134: epoch: n=2048 mean_g x=0.972 y=0.065 z=-0.237 max_fifo=86/86
W (246224) kx134: FIFO seen at max capacity (86/86 frames) -- possible dropped samples
I (246224) kx134: epoch: n=2048 mean_g x=0.968 y=0.069 z=-0.234 max_fifo=86/86
W (246484) kx134: FIFO seen at max capacity (86/86 frames) -- possible dropped samples
I (246484) kx134: epoch: n=2048 mean_g x=0.973 y=0.059 z=-0.232 max_fifo=86/86
W (246754) kx134: FIFO seen at max capacity (86/86 frames) -- possible dropped samples
I (246754) kx134: epoch: n=2048 mean_g x=0.971 y=0.061 z=-0.237 max_fifo=86/86
W (247024) kx134: FIFO seen at max capacity (86/86 frames) -- possible dropped samples
I (247024) kx134: epoch: n=2048 mean_g x=0.971 y=0.065 z=-0.235 max_fifo=86/86
W (247294) kx134: FIFO seen at max capacity (86/86 frames) -- possible dropped samples
I (247294) kx134: epoch: n=2048 mean_g x=0.969 y=0.065 z=-0.234 max_fifo=86/86
W (247554) kx134: FIFO seen at max capacity (86/86 frames) -- possible dropped samples
I (247554) kx134: epoch: n=2048 mean_g x=0.973 y=0.066 z=-0.236 max_fifo=86/86
W (247834) kx134: FIFO seen at max capacity (86/86 frames) -- possible dropped samples
I (247834) kx134: epoch: n=2048 mean_g x=0.971 y=0.062 z=-0.234 max_fifo=86/86
W (248094) kx134: FIFO seen at max capacity (86/86 frames) -- possible dropped samples
I (248094) kx134: epoch: n=2048 mean_g x=0.971 y=0.062 z=-0.234 max_fifo=86/86
W (248364) kx134: FIFO seen at max capacity (86/86 frames) -- possible dropped samples
I (248364) kx134: epoch: n=2048 mean_g x=0.972 y=0.064 z=-0.234 max_fifo=86/86
W (248634) kx134: FIFO seen at max capacity (86/86 frames) -- possible dropped samples
I (248634) kx134: epoch: n=2048 mean_g x=0.973 y=0.063 z=-0.236 max_fifo=86/86
W (248904) kx134: FIFO seen at max capacity (86/86 frames) -- possible dropped samples
I (248904) kx134: epoch: n=2048 mean_g x=0.971 y=0.063 z=-0.237 max_fifo=86/86
W (249164) kx134: FIFO seen at max capacity (86/86 frames) -- possible dropped samples
I (249164) kx134: epoch: n=2048 mean_g x=0.972 y=0.060 z=-0.234 max_fifo=86/86
E (249414) esp-tls: [sock=54] select() timeout
E (249414) transport_base: Failed to open a new connection: 32774
E (249414) mqtt_client: Error transport connect
W (249414) link_mqtt: disconnected
W (249434) kx134: FIFO seen at max capacity (86/86 frames) -- possible dropped samples
I (249434) kx134: epoch: n=2048 mean_g x=0.970 y=0.067 z=-0.235 max_fifo=86/86
W (249694) kx134: FIFO seen at max capacity (86/86 frames) -- possible dropped samples
I (249694) kx134: epoch: n=2048 mean_g x=0.970 y=0.066 z=-0.235 max_fifo=86/86
W (249964) kx134: FIFO seen at max capacity (86/86 frames) -- possible dropped samples
I (249964) kx134: epoch: n=2048 mean_g x=0.969 y=0.065 z=-0.237 max_fifo=86/86
W (250234) kx134: FIFO seen at max capacity (86/86 frames) -- possible dropped samples
I (250234) kx134: epoch: n=2048 mean_g x=0.968 y=0.067 z=-0.237 max_fifo=86/86
W (250494) kx134: FIFO seen at max capacity (86/86 frames) -- possible dropped samples
I (250494) kx134: epoch: n=2048 mean_g x=0.972 y=0.062 z=-0.236 max_fifo=86/86
W (250774) kx134: FIFO seen at max capacity (86/86 frames) -- possible dropped samples
I (250774) kx134: epoch: n=2048 mean_g x=0.970 y=0.066 z=-0.237 max_fifo=86/86
W (251044) kx134: FIFO seen at max capacity (86/86 frames) -- possible dropped samples
I (251044) kx134: epoch: n=2048 mean_g x=0.972 y=0.061 z=-0.235 max_fifo=86/86
W (251304) kx134: FIFO seen at max capacity (86/86 frames) -- possible dropped samples
I (251304) kx134: epoch: n=2048 mean_g x=0.973 y=0.065 z=-0.235 max_fifo=86/86
W (251574) kx134: FIFO seen at max capacity (86/86 frames) -- possible dropped samples
I (251574) kx134: epoch: n=2048 mean_g x=0.970 y=0.066 z=-0.235 max_fifo=86/86
W (251834) kx134: FIFO seen at max capacity (86/86 frames) -- possible dropped samples
I (251834) kx134: epoch: n=2048 mean_g x=0.968 y=0.067 z=-0.237 max_fifo=86/86
W (252104) kx134: FIFO seen at max capacity (86/86 frames) -- possible dropped samples
I (252104) kx134: epoch: n=2048 mean_g x=0.971 y=0.065 z=-0.237 max_fifo=86/86
W (252364) kx134: FIFO seen at max capacity (86/86 frames) -- possible dropped samples
I (252364) kx134: epoch: n=2048 mean_g x=0.971 y=0.063 z=-0.233 max_fifo=86/86
W (252634) kx134: FIFO seen at max capacity (86/86 frames) -- possible dropped samples
I (252634) kx134: epoch: n=2048 mean_g x=0.972 y=0.062 z=-0.232 max_fifo=86/86
W (252904) kx134: FIFO seen at max capacity (86/86 frames) -- possible dropped samples
I (252904) kx134: epoch: n=2048 mean_g x=0.969 y=0.066 z=-0.234 max_fifo=86/86
W (253174) kx134: FIFO seen at max capacity (86/86 frames) -- possible dropped samples
I (253174) kx134: epoch: n=2048 mean_g x=0.970 y=0.067 z=-0.236 max_fifo=86/86
W (253434) kx134: FIFO seen at max capacity (86/86 frames) -- possible dropped samples
I (253434) kx134: epoch: n=2048 mean_g x=0.970 y=0.064 z=-0.235 max_fifo=86/86
W (253714) kx134: FIFO seen at max capacity (86/86 frames) -- possible dropped samples
I (253714) kx134: epoch: n=2048 mean_g x=0.970 y=0.064 z=-0.236 max_fifo=86/86
W (253974) kx134: FIFO seen at max capacity (86/86 frames) -- possible dropped samples
I (253974) kx134: epoch: n=2048 mean_g x=0.975 y=0.063 z=-0.237 max_fifo=86/86
W (254244) kx134: FIFO seen at max capacity (86/86 frames) -- possible dropped samples
I (254244) kx134: epoch: n=2048 mean_g x=0.972 y=0.064 z=-0.235 max_fifo=86/86
W (254514) kx134: FIFO seen at max capacity (86/86 frames) -- possible dropped samples
I (254514) kx134: epoch: n=2048 mean_g x=0.969 y=0.066 z=-0.234 max_fifo=86/86
W (254774) kx134: FIFO seen at max capacity (86/86 frames) -- possible dropped samples
I (254774) kx134: epoch: n=2048 mean_g x=0.972 y=0.065 z=-0.235 max_fifo=86/86
W (255044) kx134: FIFO seen at max capacity (86/86 frames) -- possible dropped samples
I (255044) kx134: epoch: n=2048 mean_g x=0.970 y=0.065 z=-0.236 max_fifo=86/86
W (255304) kx134: FIFO seen at max capacity (86/86 frames) -- possible dropped samples
I (255304) kx134: epoch: n=2048 mean_g x=0.972 y=0.061 z=-0.238 max_fifo=86/86
W (255574) kx134: FIFO seen at max capacity (86/86 frames) -- possible dropped samples
I (255574) kx134: epoch: n=2048 mean_g x=0.972 y=0.063 z=-0.234 max_fifo=86/86
W (255844) kx134: FIFO seen at max capacity (86/86 frames) -- possible dropped samples
I (255844) kx134: epoch: n=2048 mean_g x=0.974 y=0.065 z=-0.236 max_fifo=86/86
W (256114) kx134: FIFO seen at max capacity (86/86 frames) -- possible dropped samples
I (256114) kx134: epoch: n=2048 mean_g x=0.970 y=0.065 z=-0.236 max_fifo=86/86
W (256374) kx134: FIFO seen at max capacity (86/86 frames) -- possible dropped samples
I (256374) kx134: epoch: n=2048 mean_g x=0.974 y=0.066 z=-0.235 max_fifo=86/86
W (256654) kx134: FIFO seen at max capacity (86/86 frames) -- possible dropped samples
I (256654) kx134: epoch: n=2048 mean_g x=0.972 y=0.063 z=-0.235 max_fifo=86/86
W (256914) kx134: FIFO seen at max capacity (86/86 frames) -- possible dropped samples
I (256914) kx134: epoch: n=2048 mean_g x=0.969 y=0.067 z=-0.235 max_fifo=86/86
W (257184) kx134: FIFO seen at max capacity (86/86 frames) -- possible dropped samples
I (257184) kx134: epoch: n=2048 mean_g x=0.966 y=0.062 z=-0.229 max_fifo=86/86
W (257454) kx134: FIFO seen at max capacity (86/86 frames) -- possible dropped samples
I (257454) kx134: epoch: n=2048 mean_g x=0.969 y=0.065 z=-0.236 max_fifo=86/86
W (257714) kx134: FIFO seen at max capacity (86/86 frames) -- possible dropped samples
I (257714) kx134: epoch: n=2048 mean_g x=0.972 y=0.063 z=-0.236 max_fifo=86/86
W (257984) kx134: FIFO seen at max capacity (86/86 frames) -- possible dropped samples
I (257984) kx134: epoch: n=2048 mean_g x=0.969 y=0.063 z=-0.233 max_fifo=86/86
W (258244) kx134: FIFO seen at max capacity (86/86 frames) -- possible dropped samples
I (258244) kx134: epoch: n=2048 mean_g x=0.970 y=0.064 z=-0.236 max_fifo=86/86
W (258514) kx134: FIFO seen at max capacity (86/86 frames) -- possible dropped samples
I (258514) kx134: epoch: n=2048 mean_g x=0.972 y=0.067 z=-0.236 max_fifo=86/86
W (258784) kx134: FIFO seen at max capacity (86/86 frames) -- possible dropped samples
I (258784) kx134: epoch: n=2048 mean_g x=0.972 y=0.064 z=-0.236 max_fifo=86/86
W (259054) kx134: FIFO seen at max capacity (86/86 frames) -- possible dropped samples
I (259054) kx134: epoch: n=2048 mean_g x=0.972 y=0.065 z=-0.235 max_fifo=86/86
W (259314) kx134: FIFO seen at max capacity (86/86 frames) -- possible dropped samples
I (259314) kx134: epoch: n=2048 mean_g x=0.973 y=0.062 z=-0.236 max_fifo=86/86
W (259594) kx134: FIFO seen at max capacity (86/86 frames) -- possible dropped samples
I (259594) kx134: epoch: n=2048 mean_g x=0.972 y=0.063 z=-0.237 max_fifo=86/86
W (259854) kx134: FIFO seen at max capacity (86/86 frames) -- possible dropped samples
I (259854) kx134: epoch: n=2048 mean_g x=0.970 y=0.063 z=-0.234 max_fifo=86/86
W (260124) kx134: FIFO seen at max capacity (86/86 frames) -- possible dropped samples
I (260124) kx134: epoch: n=2048 mean_g x=0.969 y=0.063 z=-0.232 max_fifo=86/86
W (260394) kx134: FIFO seen at max capacity (86/86 frames) -- possible dropped samples
I (260394) kx134: epoch: n=2048 mean_g x=0.969 y=0.067 z=-0.233 max_fifo=86/86
W (260664) kx134: FIFO seen at max capacity (86/86 frames) -- possible dropped samples
I (260664) kx134: epoch: n=2048 mean_g x=0.974 y=0.064 z=-0.237 max_fifo=86/86
W (260924) kx134: FIFO seen at max capacity (86/86 frames) -- possible dropped samples
I (260924) kx134: epoch: n=2048 mean_g x=0.973 y=0.062 z=-0.236 max_fifo=86/86
W (261184) kx134: FIFO seen at max capacity (86/86 frames) -- possible dropped samples
I (261184) kx134: epoch: n=2048 mean_g x=0.970 y=0.066 z=-0.235 max_fifo=86/86
W (261454) kx134: FIFO seen at max capacity (86/86 frames) -- possible dropped samples
I (261454) kx134: epoch: n=2048 mean_g x=0.973 y=0.066 z=-0.237 max_fifo=86/86
W (261724) kx134: FIFO seen at max capacity (86/86 frames) -- possible dropped samples
I (261724) kx134: epoch: n=2048 mean_g x=0.970 y=0.068 z=-0.235 max_fifo=86/86
W (261994) kx134: FIFO seen at max capacity (86/86 frames) -- possible dropped samples
I (261994) kx134: epoch: n=2048 mean_g x=0.973 y=0.058 z=-0.239 max_fifo=86/86
W (262254) kx134: FIFO seen at max capacity (86/86 frames) -- possible dropped samples
I (262254) kx134: epoch: n=2048 mean_g x=0.970 y=0.061 z=-0.235 max_fifo=86/86
E (262424) esp-tls: [sock=54] select() timeout
E (262424) transport_base: Failed to open a new connection: 32774
E (262424) mqtt_client: Error transport connect
W (262424) link_mqtt: disconnected
W (262534) kx134: FIFO seen at max capacity (86/86 frames) -- possible dropped samples
I (262544) kx134: epoch: n=2048 mean_g x=0.971 y=0.062 z=-0.237 max_fifo=86/86
W (262804) kx134: FIFO seen at max capacity (86/86 frames) -- possible dropped samples
I (262804) kx134: epoch: n=2048 mean_g x=0.972 y=0.061 z=-0.238 max_fifo=86/86
W (263064) kx134: FIFO seen at max capacity (86/86 frames) -- possible dropped samples
I (263064) kx134: epoch: n=2048 mean_g x=0.971 y=0.061 z=-0.237 max_fifo=86/86
W (263334) kx134: FIFO seen at max capacity (86/86 frames) -- possible dropped samples
I (263334) kx134: epoch: n=2048 mean_g x=0.970 y=0.063 z=-0.235 max_fifo=86/86
W (263594) kx134: FIFO seen at max capacity (86/86 frames) -- possible dropped samples
I (263594) kx134: epoch: n=2048 mean_g x=0.972 y=0.060 z=-0.235 max_fifo=86/86
W (263864) kx134: FIFO seen at max capacity (86/86 frames) -- possible dropped samples
I (263864) kx134: epoch: n=2048 mean_g x=0.972 y=0.062 z=-0.236 max_fifo=86/86
W (264124) kx134: FIFO seen at max capacity (86/86 frames) -- possible dropped samples
I (264124) kx134: epoch: n=2048 mean_g x=0.972 y=0.062 z=-0.237 max_fifo=86/86
W (264394) kx134: FIFO seen at max capacity (86/86 frames) -- possible dropped samples
I (264394) kx134: epoch: n=2048 mean_g x=0.971 y=0.066 z=-0.235 max_fifo=86/86
W (264664) kx134: FIFO seen at max capacity (86/86 frames) -- possible dropped samples
I (264664) kx134: epoch: n=2048 mean_g x=0.970 y=0.065 z=-0.233 max_fifo=86/86
W (264934) kx134: FIFO seen at max capacity (86/86 frames) -- possible dropped samples
I (264934) kx134: epoch: n=2048 mean_g x=0.972 y=0.064 z=-0.237 max_fifo=86/86
W (265194) kx134: FIFO seen at max capacity (86/86 frames) -- possible dropped samples
I (265194) kx134: epoch: n=2048 mean_g x=0.971 y=0.064 z=-0.236 max_fifo=86/86
W (265474) kx134: FIFO seen at max capacity (86/86 frames) -- possible dropped samples
I (265474) kx134: epoch: n=2048 mean_g x=0.973 y=0.064 z=-0.235 max_fifo=86/86
W (265744) kx134: FIFO seen at max capacity (86/86 frames) -- possible dropped samples
I (265744) kx134: epoch: n=2048 mean_g x=0.971 y=0.063 z=-0.235 max_fifo=86/86
W (266004) kx134: FIFO seen at max capacity (86/86 frames) -- possible dropped samples
I (266004) kx134: epoch: n=2048 mean_g x=0.969 y=0.064 z=-0.234 max_fifo=86/86
W (266274) kx134: FIFO seen at max capacity (86/86 frames) -- possible dropped samples
I (266274) kx134: epoch: n=2048 mean_g x=0.970 y=0.064 z=-0.235 max_fifo=86/86
W (266534) kx134: FIFO seen at max capacity (86/86 frames) -- possible dropped samples
I (266534) kx134: epoch: n=2048 mean_g x=0.969 y=0.063 z=-0.235 max_fifo=86/86
W (266804) kx134: FIFO seen at max capacity (86/86 frames) -- possible dropped samples
I (266804) kx134: epoch: n=2048 mean_g x=0.970 y=0.066 z=-0.233 max_fifo=86/86
W (267064) kx134: FIFO seen at max capacity (86/86 frames) -- possible dropped samples
I (267064) kx134: epoch: n=2048 mean_g x=0.971 y=0.062 z=-0.234 max_fifo=86/86
W (267334) kx134: FIFO seen at max capacity (86/86 frames) -- possible dropped samples
I (267334) kx134: epoch: n=2048 mean_g x=0.970 y=0.065 z=-0.234 max_fifo=86/86
W (267604) kx134: FIFO seen at max capacity (86/86 frames) -- possible dropped samples
I (267604) kx134: epoch: n=2048 mean_g x=0.974 y=0.061 z=-0.237 max_fifo=86/86
W (267874) kx134: FIFO seen at max capacity (86/86 frames) -- possible dropped samples
I (267874) kx134: epoch: n=2048 mean_g x=0.971 y=0.063 z=-0.236 max_fifo=86/86
W (268134) kx134: FIFO seen at max capacity (86/86 frames) -- possible dropped samples
I (268134) kx134: epoch: n=2048 mean_g x=0.973 y=0.065 z=-0.237 max_fifo=86/86
W (268414) kx134: FIFO seen at max capacity (86/86 frames) -- possible dropped samples
I (268414) kx134: epoch: n=2048 mean_g x=0.970 y=0.065 z=-0.235 max_fifo=86/86
W (268674) kx134: FIFO seen at max capacity (86/86 frames) -- possible dropped samples
I (268674) kx134: epoch: n=2048 mean_g x=0.972 y=0.067 z=-0.235 max_fifo=86/86
W (268944) kx134: FIFO seen at max capacity (86/86 frames) -- possible dropped samples
I (268944) kx134: epoch: n=2048 mean_g x=0.968 y=0.064 z=-0.234 max_fifo=86/86
W (269214) kx134: FIFO seen at max capacity (86/86 frames) -- possible dropped samples
I (269214) kx134: epoch: n=2048 mean_g x=0.967 y=0.064 z=-0.234 max_fifo=86/86
W (269474) kx134: FIFO seen at max capacity (86/86 frames) -- possible dropped samples
I (269474) kx134: epoch: n=2048 mean_g x=0.971 y=0.064 z=-0.237 max_fifo=86/86
W (269744) kx134: FIFO seen at max capacity (86/86 frames) -- possible dropped samples
I (269744) kx134: epoch: n=2048 mean_g x=0.970 y=0.068 z=-0.236 max_fifo=86/86
W (270004) kx134: FIFO seen at max capacity (86/86 frames) -- possible dropped samples
I (270004) kx134: epoch: n=2048 mean_g x=0.973 y=0.065 z=-0.235 max_fifo=86/86
W (270274) kx134: FIFO seen at max capacity (86/86 frames) -- possible dropped samples
I (270274) kx134: epoch: n=2048 mean_g x=0.969 y=0.063 z=-0.237 max_fifo=86/86
W (270544) kx134: FIFO seen at max capacity (86/86 frames) -- possible dropped samples
I (270544) kx134: epoch: n=2048 mean_g x=0.973 y=0.061 z=-0.235 max_fifo=86/86
W (270814) kx134: FIFO seen at max capacity (86/86 frames) -- possible dropped samples
I (270814) kx134: epoch: n=2048 mean_g x=0.972 y=0.062 z=-0.235 max_fifo=86/86
W (271074) kx134: FIFO seen at max capacity (86/86 frames) -- possible dropped samples
I (271074) kx134: epoch: n=2048 mean_g x=0.971 y=0.061 z=-0.233 max_fifo=86/86
W (271354) kx134: FIFO seen at max capacity (86/86 frames) -- possible dropped samples
I (271354) kx134: epoch: n=2048 mean_g x=0.971 y=0.066 z=-0.237 max_fifo=86/86
W (271614) kx134: FIFO seen at max capacity (86/86 frames) -- possible dropped samples
I (271614) kx134: epoch: n=2048 mean_g x=0.968 y=0.064 z=-0.235 max_fifo=86/86
W (271884) kx134: FIFO seen at max capacity (86/86 frames) -- possible dropped samples
I (271884) kx134: epoch: n=2048 mean_g x=0.970 y=0.063 z=-0.235 max_fifo=86/86
W (272154) kx134: FIFO seen at max capacity (86/86 frames) -- possible dropped samples
I (272154) kx134: epoch: n=2048 mean_g x=0.971 y=0.065 z=-0.237 max_fifo=86/86
W (272424) kx134: FIFO seen at max capacity (86/86 frames) -- possible dropped samples
I (272424) kx134: epoch: n=2048 mean_g x=0.972 y=0.063 z=-0.235 max_fifo=86/86
I (272584) DIAG: Stack HWM (bytes free): mic=7204 dsp=4120 rgb=1920 imu=1596 diag=828
I (272584) DIAG: CPU runtime:
diag           	844076		<1%
IDLE0          	210776349		77%
IDLE1          	267650242		98%
tiT            	388790		<1%
wifi_prov      	5706		<1%
net            	15335188		5%
imu_task       	40257024		14%
dsp_task       	3356160		1%
mqtt_task      	160562		<1%
mic_task       	2031801		<1%
main           	157643		<1%
Tmr Svc        	17		<1%
rgb_led        	228790		<1%
ipc1           	50576		<1%
esp_timer      	45867		<1%
wifi           	1489825		<1%
ipc0           	37902		<1%
sys_evt        	4169		<1%

I (272624) DIAG: Heap free: internal=30976 largest_free=21504 PSRAM=8209980 IRAM=0
I (272634) DIAG: wifi: connects=1 disconnects=0 retry_cnt=0
I (272634) DIAG: mqtt: connects=0 disconnects=20 publishes=0 publish_failures=0 cmds_received=0
I (272644) DIAG: wifi_prov: state=1 provisioning_entries=0 recovery_entries=0 recovery_successes=0
I (272654) DIAG: mic: blocks_ok=4234 capture_failures=0 rb_drops=0
W (272664) DIAG: mic i2s: overflow_count=7 (cumulative) read_errors=0 short_reads=0 — check CPU load
I (272674) DIAG: dsp: fft_count=4234 frames_emitted=1058 rb_timeouts=0 last_fft_us=604
I (272674) DIAG: imu: epochs=1013 read_errors=0 reinit_attempts=0 reinit_successes=0
W (272684) kx134: FIFO seen at max capacity (86/86 frames) -- possible dropped samples
I (272694) kx134: epoch: n=2048 mean_g x=0.969 y=0.064 z=-0.237 max_fifo=86/86
I (272724) DIAG: accel: reads_ok=3042 read_errors=0 fifo_max_hits=1014
I (272724) DIAG: net: frames_built=1274 build_failures=0 publish_failures=0 cmd_malformed=0 disconnect_reverts=0
I (272724) DIAG: led: state_changes=4 remote_updates=0 hw_errors=0
W (272954) kx134: FIFO seen at max capacity (86/86 frames) -- possible dropped samples
I (272954) kx134: epoch: n=2048 mean_g x=0.972 y=0.063 z=-0.237 max_fifo=86/86
W (273214) kx134: FIFO seen at max capacity (86/86 frames) -- possible dropped samples
I (273214) kx134: epoch: n=2048 mean_g x=0.975 y=0.064 z=-0.235 max_fifo=86/86
W (273484) kx134: FIFO seen at max capacity (86/86 frames) -- possible dropped samples
I (273484) kx134: epoch: n=2048 mean_g x=0.970 y=0.062 z=-0.235 max_fifo=86/86
W (273754) kx134: FIFO seen at max capacity (86/86 frames) -- possible dropped samples
I (273754) kx134: epoch: n=2048 mean_g x=0.969 y=0.062 z=-0.237 max_fifo=86/86
W (274014) kx134: FIFO seen at max capacity (86/86 frames) -- possible dropped samples
I (274014) kx134: epoch: n=2048 mean_g x=0.972 y=0.063 z=-0.236 max_fifo=86/86
W (274294) kx134: FIFO seen at max capacity (86/86 frames) -- possible dropped samples
I (274294) kx134: epoch: n=2048 mean_g x=0.974 y=0.063 z=-0.236 max_fifo=86/86
W (274564) kx134: FIFO seen at max capacity (86/86 frames) -- possible dropped samples
I (274564) kx134: epoch: n=2048 mean_g x=0.974 y=0.065 z=-0.237 max_fifo=86/86
W (274824) kx134: FIFO seen at max capacity (86/86 frames) -- possible dropped samples
I (274824) kx134: epoch: n=2048 mean_g x=0.973 y=0.062 z=-0.233 max_fifo=86/86
W (275094) kx134: FIFO seen at max capacity (86/86 frames) -- possible dropped samples
I (275094) kx134: epoch: n=2048 mean_g x=0.973 y=0.064 z=-0.235 max_fifo=86/86
W (275354) kx134: FIFO seen at max capacity (86/86 frames) -- possible dropped samples
I (275354) kx134: epoch: n=2048 mean_g x=0.972 y=0.060 z=-0.235 max_fifo=86/86
E (275434) esp-tls: [sock=54] select() timeout
E (275434) transport_base: Failed to open a new connection: 32774
E (275434) mqtt_client: Error transport connect
W (275434) link_mqtt: disconnected
W (275624) kx134: FIFO seen at max capacity (86/86 frames) -- possible dropped samples
I (275624) kx134: epoch: n=2048 mean_g x=0.970 y=0.067 z=-0.236 max_fifo=86/86
W (275884) kx134: FIFO seen at max capacity (86/86 frames) -- possible dropped samples
I (275884) kx134: epoch: n=2048 mean_g x=0.972 y=0.064 z=-0.237 max_fifo=86/86
W (276154) kx134: FIFO seen at max capacity (86/86 frames) -- possible dropped samples
I (276154) kx134: epoch: n=2048 mean_g x=0.971 y=0.064 z=-0.234 max_fifo=86/86
W (276424) kx134: FIFO seen at max capacity (86/86 frames) -- possible dropped samples
I (276424) kx134: epoch: n=2048 mean_g x=0.970 y=0.062 z=-0.236 max_fifo=86/86
W (276694) kx134: FIFO seen at max capacity (86/86 frames) -- possible dropped samples
I (276694) kx134: epoch: n=2048 mean_g x=0.971 y=0.062 z=-0.236 max_fifo=86/86
W (276954) kx134: FIFO seen at max capacity (86/86 frames) -- possible dropped samples
I (276954) kx134: epoch: n=2048 mean_g x=0.971 y=0.065 z=-0.235 max_fifo=86/86
W (277234) kx134: FIFO seen at max capacity (86/86 frames) -- possible dropped samples
I (277234) kx134: epoch: n=2048 mean_g x=0.972 y=0.065 z=-0.234 max_fifo=86/86
W (277494) kx134: FIFO seen at max capacity (86/86 frames) -- possible dropped samples
I (277494) kx134: epoch: n=2048 mean_g x=0.973 y=0.065 z=-0.235 max_fifo=86/86
W (277764) kx134: FIFO seen at max capacity (86/86 frames) -- possible dropped samples
I (277764) kx134: epoch: n=2048 mean_g x=0.972 y=0.062 z=-0.236 max_fifo=86/86
W (278034) kx134: FIFO seen at max capacity (86/86 frames) -- possible dropped samples
I (278034) kx134: epoch: n=2048 mean_g x=0.971 y=0.064 z=-0.237 max_fifo=86/86
W (278294) kx134: FIFO seen at max capacity (86/86 frames) -- possible dropped samples
I (278294) kx134: epoch: n=2048 mean_g x=0.972 y=0.065 z=-0.236 max_fifo=86/86
W (278564) kx134: FIFO seen at max capacity (86/86 frames) -- possible dropped samples
I (278564) kx134: epoch: n=2048 mean_g x=0.971 y=0.066 z=-0.234 max_fifo=86/86
W (278824) kx134: FIFO seen at max capacity (86/86 frames) -- possible dropped samples
I (278824) kx134: epoch: n=2048 mean_g x=0.971 y=0.062 z=-0.234 max_fifo=86/86
W (279094) kx134: FIFO seen at max capacity (86/86 frames) -- possible dropped samples
I (279094) kx134: epoch: n=2048 mean_g x=0.971 y=0.061 z=-0.235 max_fifo=86/86
W (279364) kx134: FIFO seen at max capacity (86/86 frames) -- possible dropped samples
I (279364) kx134: epoch: n=2048 mean_g x=0.969 y=0.065 z=-0.236 max_fifo=86/86
W (279634) kx134: FIFO seen at max capacity (86/86 frames) -- possible dropped samples
I (279634) kx134: epoch: n=2048 mean_g x=0.975 y=0.062 z=-0.237 max_fifo=86/86
W (279894) kx134: FIFO seen at max capacity (86/86 frames) -- possible dropped samples
I (279894) kx134: epoch: n=2048 mean_g x=0.974 y=0.063 z=-0.238 max_fifo=86/86
W (280174) kx134: FIFO seen at max capacity (86/86 frames) -- possible dropped samples
I (280174) kx134: epoch: n=2048 mean_g x=0.973 y=0.062 z=-0.233 max_fifo=86/86
W (280434) kx134: FIFO seen at max capacity (86/86 frames) -- possible dropped samples
I (280434) kx134: epoch: n=2048 mean_g x=0.971 y=0.063 z=-0.236 max_fifo=86/86
W (280704) kx134: FIFO seen at max capacity (86/86 frames) -- possible dropped samples
I (280704) kx134: epoch: n=2048 mean_g x=0.972 y=0.062 z=-0.236 max_fifo=86/86
W (280974) kx134: FIFO seen at max capacity (86/86 frames) -- possible dropped samples
I (280974) kx134: epoch: n=2048 mean_g x=0.971 y=0.063 z=-0.235 max_fifo=86/86
W (281234) kx134: FIFO seen at max capacity (86/86 frames) -- possible dropped samples
I (281234) kx134: epoch: n=2048 mean_g x=0.975 y=0.063 z=-0.237 max_fifo=86/86
W (281504) kx134: FIFO seen at max capacity (86/86 frames) -- possible dropped samples
I (281504) kx134: epoch: n=2048 mean_g x=0.972 y=0.061 z=-0.236 max_fifo=86/86
W (281764) kx134: FIFO seen at max capacity (86/86 frames) -- possible dropped samples
I (281764) kx134: epoch: n=2048 mean_g x=0.972 y=0.064 z=-0.236 max_fifo=86/86
W (282034) kx134: FIFO seen at max capacity (86/86 frames) -- possible dropped samples
I (282034) kx134: epoch: n=2048 mean_g x=0.970 y=0.064 z=-0.238 max_fifo=86/86
W (282304) kx134: FIFO seen at max capacity (86/86 frames) -- possible dropped samples
I (282304) kx134: epoch: n=2048 mean_g x=0.972 y=0.063 z=-0.236 max_fifo=86/86
W (282574) kx134: FIFO seen at max capacity (86/86 frames) -- possible dropped samples
I (282574) kx134: epoch: n=2048 mean_g x=0.972 y=0.068 z=-0.235 max_fifo=86/86
W (282834) kx134: FIFO seen at max capacity (86/86 frames) -- possible dropped samples
I (282834) kx134: epoch: n=2048 mean_g x=0.973 y=0.063 z=-0.235 max_fifo=86/86
W (283114) kx134: FIFO seen at max capacity (86/86 frames) -- possible dropped samples
I (283114) kx134: epoch: n=2048 mean_g x=0.970 y=0.068 z=-0.237 max_fifo=86/86
W (283374) kx134: FIFO seen at max capacity (86/86 frames) -- possible dropped samples
I (283374) kx134: epoch: n=2048 mean_g x=0.973 y=0.060 z=-0.236 max_fifo=86/86
W (283644) kx134: FIFO seen at max capacity (86/86 frames) -- possible dropped samples
I (283644) kx134: epoch: n=2048 mean_g x=0.972 y=0.062 z=-0.236 max_fifo=86/86
W (283914) kx134: FIFO seen at max capacity (86/86 frames) -- possible dropped samples
I (283914) kx134: epoch: n=2048 mean_g x=0.973 y=0.066 z=-0.237 max_fifo=86/86
W (284184) kx134: FIFO seen at max capacity (86/86 frames) -- possible dropped samples
I (284184) kx134: epoch: n=2048 mean_g x=0.972 y=0.065 z=-0.237 max_fifo=86/86
W (284444) kx134: FIFO seen at max capacity (86/86 frames) -- possible dropped samples
I (284444) kx134: epoch: n=2048 mean_g x=0.973 y=0.059 z=-0.234 max_fifo=86/86
W (284704) kx134: FIFO seen at max capacity (86/86 frames) -- possible dropped samples
I (284704) kx134: epoch: n=2048 mean_g x=0.973 y=0.066 z=-0.237 max_fifo=86/86
W (284974) kx134: FIFO seen at max capacity (86/86 frames) -- possible dropped samples
I (284974) kx134: epoch: n=2048 mean_g x=0.970 y=0.065 z=-0.235 max_fifo=86/86
W (285244) kx134: FIFO seen at max capacity (86/86 frames) -- possible dropped samples
I (285244) kx134: epoch: n=2048 mean_g x=0.973 y=0.066 z=-0.236 max_fifo=86/86
W (285514) kx134: FIFO seen at max capacity (86/86 frames) -- possible dropped samples
I (285514) kx134: epoch: n=2048 mean_g x=0.974 y=0.067 z=-0.233 max_fifo=86/86
W (285774) kx134: FIFO seen at max capacity (86/86 frames) -- possible dropped samples
I (285774) kx134: epoch: n=2048 mean_g x=0.972 y=0.067 z=-0.237 max_fifo=86/86
W (286054) kx134: FIFO seen at max capacity (86/86 frames) -- possible dropped samples
I (286054) kx134: epoch: n=2048 mean_g x=0.974 y=0.064 z=-0.238 max_fifo=86/86
W (286324) kx134: FIFO seen at max capacity (86/86 frames) -- possible dropped samples
I (286324) kx134: epoch: n=2048 mean_g x=0.970 y=0.066 z=-0.237 max_fifo=86/86
W (286584) kx134: FIFO seen at max capacity (86/86 frames) -- possible dropped samples
I (286584) kx134: epoch: n=2048 mean_g x=0.969 y=0.063 z=-0.234 max_fifo=86/86
W (286854) kx134: FIFO seen at max capacity (86/86 frames) -- possible dropped samples
I (286854) kx134: epoch: n=2048 mean_g x=0.970 y=0.065 z=-0.237 max_fifo=86/86
W (287114) kx134: FIFO seen at max capacity (86/86 frames) -- possible dropped samples
I (287114) kx134: epoch: n=2048 mean_g x=0.971 y=0.064 z=-0.233 max_fifo=86/86
W (287384) kx134: FIFO seen at max capacity (86/86 frames) -- possible dropped samples
I (287384) kx134: epoch: n=2048 mean_g x=0.970 y=0.066 z=-0.235 max_fifo=86/86
W (287644) kx134: FIFO seen at max capacity (86/86 frames) -- possible dropped samples
I (287644) kx134: epoch: n=2048 mean_g x=0.972 y=0.065 z=-0.234 max_fifo=86/86
W (287914) kx134: FIFO seen at max capacity (86/86 frames) -- possible dropped samples
I (287914) kx134: epoch: n=2048 mean_g x=0.970 y=0.064 z=-0.236 max_fifo=86/86
W (288184) kx134: FIFO seen at max capacity (86/86 frames) -- possible dropped samples
I (288184) kx134: epoch: n=2048 mean_g x=0.972 y=0.065 z=-0.236 max_fifo=86/86
E (288444) esp-tls: [sock=54] select() timeout
E (288444) transport_base: Failed to open a new connection: 32774
E (288444) mqtt_client: Error transport connect
W (288444) link_mqtt: disconnected
W (288464) kx134: FIFO seen at max capacity (86/86 frames) -- possible dropped samples
I (288464) kx134: epoch: n=2048 mean_g x=0.969 y=0.068 z=-0.235 max_fifo=86/86
W (288714) kx134: FIFO seen at max capacity (86/86 frames) -- possible dropped samples
I (288714) kx134: epoch: n=2048 mean_g x=0.973 y=0.065 z=-0.234 max_fifo=86/86
W (288994) kx134: FIFO seen at max capacity (86/86 frames) -- possible dropped samples
I (288994) kx134: epoch: n=2048 mean_g x=0.970 y=0.064 z=-0.239 max_fifo=86/86
W (289254) kx134: FIFO seen at max capacity (86/86 frames) -- possible dropped samples
I (289254) kx134: epoch: n=2048 mean_g x=0.969 y=0.066 z=-0.236 max_fifo=86/86
W (289524) kx134: FIFO seen at max capacity (86/86 frames) -- possible dropped samples
I (289524) kx134: epoch: n=2048 mean_g x=0.969 y=0.066 z=-0.237 max_fifo=86/86
W (289794) kx134: FIFO seen at max capacity (86/86 frames) -- possible dropped samples
I (289794) kx134: epoch: n=2048 mean_g x=0.971 y=0.067 z=-0.236 max_fifo=86/86
W (290054) kx134: FIFO seen at max capacity (86/86 frames) -- possible dropped samples
I (290054) kx134: epoch: n=2048 mean_g x=0.970 y=0.066 z=-0.237 max_fifo=86/86
W (290324) kx134: FIFO seen at max capacity (86/86 frames) -- possible dropped samples
I (290324) kx134: epoch: n=2048 mean_g x=0.970 y=0.067 z=-0.236 max_fifo=86/86
W (290584) kx134: FIFO seen at max capacity (86/86 frames) -- possible dropped samples
I (290584) kx134: epoch: n=2048 mean_g x=0.970 y=0.063 z=-0.237 max_fifo=86/86
W (290854) kx134: FIFO seen at max capacity (86/86 frames) -- possible dropped samples
I (290854) kx134: epoch: n=2048 mean_g x=0.970 y=0.064 z=-0.234 max_fifo=86/86
W (291124) kx134: FIFO seen at max capacity (86/86 frames) -- possible dropped samples
I (291124) kx134: epoch: n=2048 mean_g x=0.973 y=0.065 z=-0.234 max_fifo=86/86
W (291394) kx134: FIFO seen at max capacity (86/86 frames) -- possible dropped samples
I (291394) kx134: epoch: n=2048 mean_g x=0.968 y=0.063 z=-0.237 max_fifo=86/86
W (291654) kx134: FIFO seen at max capacity (86/86 frames) -- possible dropped samples
I (291654) kx134: epoch: n=2048 mean_g x=0.972 y=0.065 z=-0.236 max_fifo=86/86
W (291934) kx134: FIFO seen at max capacity (86/86 frames) -- possible dropped samples
I (291934) kx134: epoch: n=2048 mean_g x=0.971 y=0.066 z=-0.236 max_fifo=86/86
W (292194) kx134: FIFO seen at max capacity (86/86 frames) -- possible dropped samples
I (292194) kx134: epoch: n=2048 mean_g x=0.974 y=0.065 z=-0.234 max_fifo=86/86
W (292464) kx134: FIFO seen at max capacity (86/86 frames) -- possible dropped samples
I (292464) kx134: epoch: n=2048 mean_g x=0.970 y=0.067 z=-0.235 max_fifo=86/86
W (292734) kx134: FIFO seen at max capacity (86/86 frames) -- possible dropped samples
I (292734) kx134: epoch: n=2048 mean_g x=0.973 y=0.065 z=-0.235 max_fifo=86/86
W (292994) kx134: FIFO seen at max capacity (86/86 frames) -- possible dropped samples
I (292994) kx134: epoch: n=2048 mean_g x=0.973 y=0.064 z=-0.235 max_fifo=86/86
W (293264) kx134: FIFO seen at max capacity (86/86 frames) -- possible dropped samples
I (293264) kx134: epoch: n=2048 mean_g x=0.972 y=0.062 z=-0.236 max_fifo=86/86
W (293524) kx134: FIFO seen at max capacity (86/86 frames) -- possible dropped samples
I (293524) kx134: epoch: n=2048 mean_g x=0.973 y=0.065 z=-0.236 max_fifo=86/86
W (293794) kx134: FIFO seen at max capacity (86/86 frames) -- possible dropped samples
I (293794) kx134: epoch: n=2048 mean_g x=0.972 y=0.065 z=-0.234 max_fifo=86/86
W (294064) kx134: FIFO seen at max capacity (86/86 frames) -- possible dropped samples
I (294064) kx134: epoch: n=2048 mean_g x=0.971 y=0.064 z=-0.235 max_fifo=86/86
W (294344) kx134: FIFO seen at max capacity (86/86 frames) -- possible dropped samples
I (294344) kx134: epoch: n=2048 mean_g x=0.968 y=0.065 z=-0.234 max_fifo=86/86
W (294594) kx134: FIFO seen at max capacity (86/86 frames) -- possible dropped samples
I (294594) kx134: epoch: n=2048 mean_g x=0.971 y=0.062 z=-0.236 max_fifo=86/86
W (294874) kx134: FIFO seen at max capacity (86/86 frames) -- possible dropped samples
I (294874) kx134: epoch: n=2048 mean_g x=0.970 y=0.063 z=-0.231 max_fifo=86/86
W (295134) kx134: FIFO seen at max capacity (86/86 frames) -- possible dropped samples
I (295134) kx134: epoch: n=2048 mean_g x=0.969 y=0.063 z=-0.233 max_fifo=86/86
W (295404) kx134: FIFO seen at max capacity (86/86 frames) -- possible dropped samples
I (295404) kx134: epoch: n=2048 mean_g x=0.971 y=0.065 z=-0.234 max_fifo=86/86
W (295674) kx134: FIFO seen at max capacity (86/86 frames) -- possible dropped samples
I (295674) kx134: epoch: n=2048 mean_g x=0.970 y=0.062 z=-0.233 max_fifo=86/86
W (295944) kx134: FIFO seen at max capacity (86/86 frames) -- possible dropped samples
I (295944) kx134: epoch: n=2048 mean_g x=0.969 y=0.064 z=-0.236 max_fifo=86/86
W (296204) kx134: FIFO seen at max capacity (86/86 frames) -- possible dropped samples
I (296204) kx134: epoch: n=2048 mean_g x=0.973 y=0.067 z=-0.237 max_fifo=86/86
W (296464) kx134: FIFO seen at max capacity (86/86 frames) -- possible dropped samples
I (296464) kx134: epoch: n=2048 mean_g x=0.971 y=0.063 z=-0.236 max_fifo=86/86
W (296734) kx134: FIFO seen at max capacity (86/86 frames) -- possible dropped samples
I (296734) kx134: epoch: n=2048 mean_g x=0.971 y=0.063 z=-0.234 max_fifo=86/86
W (297004) kx134: FIFO seen at max capacity (86/86 frames) -- possible dropped samples
I (297004) kx134: epoch: n=2048 mean_g x=0.969 y=0.064 z=-0.235 max_fifo=86/86
W (297274) kx134: FIFO seen at max capacity (86/86 frames) -- possible dropped samples
I (297274) kx134: epoch: n=2048 mean_g x=0.969 y=0.065 z=-0.235 max_fifo=86/86
W (297534) kx134: FIFO seen at max capacity (86/86 frames) -- possible dropped samples
I (297534) kx134: epoch: n=2048 mean_g x=0.970 y=0.067 z=-0.232 max_fifo=86/86
W (297814) kx134: FIFO seen at max capacity (86/86 frames) -- possible dropped samples
I (297814) kx134: epoch: n=2048 mean_g x=0.971 y=0.064 z=-0.235 max_fifo=86/86
W (298084) kx134: FIFO seen at max capacity (86/86 frames) -- possible dropped samples
I (298084) kx134: epoch: n=2048 mean_g x=0.972 y=0.064 z=-0.235 max_fifo=86/86
W (298344) kx134: FIFO seen at max capacity (86/86 frames) -- possible dropped samples
I (298344) kx134: epoch: n=2048 mean_g x=0.970 y=0.060 z=-0.236 max_fifo=86/86
W (298614) kx134: FIFO seen at max capacity (86/86 frames) -- possible dropped samples
I (298614) kx134: epoch: n=2048 mean_g x=0.972 y=0.060 z=-0.236 max_fifo=86/86
W (298874) kx134: FIFO seen at max capacity (86/86 frames) -- possible dropped samples
I (298874) kx134: epoch: n=2048 mean_g x=0.972 y=0.063 z=-0.236 max_fifo=86/86
W (299144) kx134: FIFO seen at max capacity (86/86 frames) -- possible dropped samples
I (299144) kx134: epoch: n=2048 mean_g x=0.972 y=0.061 z=-0.235 max_fifo=86/86
W (299404) kx134: FIFO seen at max capacity (86/86 frames) -- possible dropped samples
I (299404) kx134: epoch: n=2048 mean_g x=0.970 y=0.069 z=-0.236 max_fifo=86/86
W (299674) kx134: FIFO seen at max capacity (86/86 frames) -- possible dropped samples
I (299674) kx134: epoch: n=2048 mean_g x=0.970 y=0.065 z=-0.233 max_fifo=86/86
W (299944) kx134: FIFO seen at max capacity (86/86 frames) -- possible dropped samples
I (299944) kx134: epoch: n=2048 mean_g x=0.973 y=0.064 z=-0.237 max_fifo=86/86
W (300214) kx134: FIFO seen at max capacity (86/86 frames) -- possible dropped samples
I (300214) kx134: epoch: n=2048 mean_g x=0.972 y=0.060 z=-0.233 max_fifo=86/86
W (300474) kx134: FIFO seen at max capacity (86/86 frames) -- possible dropped samples
I (300474) kx134: epoch: n=2048 mean_g x=0.971 y=0.062 z=-0.236 max_fifo=86/86
W (300754) kx134: FIFO seen at max capacity (86/86 frames) -- possible dropped samples
I (300754) kx134: epoch: n=2048 mean_g x=0.970 y=0.064 z=-0.235 max_fifo=86/86
W (301014) kx134: FIFO seen at max capacity (86/86 frames) -- possible dropped samples
I (301014) kx134: epoch: n=2048 mean_g x=0.969 y=0.062 z=-0.234 max_fifo=86/86
W (301284) kx134: FIFO seen at max capacity (86/86 frames) -- possible dropped samples
I (301284) kx134: epoch: n=2048 mean_g x=0.973 y=0.062 z=-0.233 max_fifo=86/86
E (301454) esp-tls: [sock=54] select() timeout
E (301454) transport_base: Failed to open a new connection: 32774
E (301454) mqtt_client: Error transport connect
W (301454) link_mqtt: disconnected
W (301554) kx134: FIFO seen at max capacity (86/86 frames) -- possible dropped samples
I (301554) kx134: epoch: n=2048 mean_g x=0.970 y=0.067 z=-0.237 max_fifo=86/86
W (301824) kx134: FIFO seen at max capacity (86/86 frames) -- possible dropped samples
I (301824) kx134: epoch: n=2048 mean_g x=0.971 y=0.063 z=-0.235 max_fifo=86/86
W (302084) kx134: FIFO seen at max capacity (86/86 frames) -- possible dropped samples
I (302084) kx134: epoch: n=2048 mean_g x=0.971 y=0.063 z=-0.239 max_fifo=86/86
W (302344) kx134: FIFO seen at max capacity (86/86 frames) -- possible dropped samples
I (302344) kx134: epoch: n=2048 mean_g x=0.971 y=0.062 z=-0.235 max_fifo=86/86
W (302614) kx134: FIFO seen at max capacity (86/86 frames) -- possible dropped samples
I (302614) kx134: epoch: n=2048 mean_g x=0.971 y=0.063 z=-0.236 max_fifo=86/86
I (302734) DIAG: Stack HWM (bytes free): mic=7204 dsp=4120 rgb=1920 imu=1596 diag=828
I (302734) DIAG: CPU runtime:
diag           	950842		<1%
IDLE0          	234205467		77%
IDLE1          	297413102		98%
wifi_prov      	6291		<1%
net            	17055989		5%
tiT            	433339		<1%
mqtt_task      	183445		<1%
imu_task       	44747990		14%
dsp_task       	3728734		1%
mic_task       	2258686		<1%
main           	157643		<1%
rgb_led        	228790		<1%
ipc1           	50576		<1%
ipc0           	37902		<1%
esp_timer      	50648		<1%
wifi           	1607057		<1%
sys_evt        	4169		<1%
Tmr Svc        	17		<1%

I (302774) DIAG: Heap free: internal=31568 largest_free=21504 PSRAM=8210148 IRAM=0
I (302784) DIAG: wifi: connects=1 disconnects=0 retry_cnt=0
I (302784) DIAG: mqtt: connects=0 disconnects=23 publishes=0 publish_failures=0 cmds_received=0
I (302794) DIAG: wifi_prov: state=1 provisioning_entries=0 recovery_entries=0 recovery_successes=0
I (302814) DIAG: mic: blocks_ok=4705 capture_failures=0 rb_drops=0
W (302814) DIAG: mic i2s: overflow_count=7 (cumulative) read_errors=0 short_reads=0 — check CPU load
I (302824) DIAG: dsp: fft_count=4705 frames_emitted=1176 rb_timeouts=0 last_fft_us=604
I (302834) DIAG: imu: epochs=1126 read_errors=0 reinit_attempts=0 reinit_successes=0
I (302834) DIAG: accel: reads_ok=3378 read_errors=0 fifo_max_hits=1126
I (302844) DIAG: net: frames_built=1418 build_failures=0 publish_failures=0 cmd_malformed=0 disconnect_reverts=0
I (302854) DIAG: led: state_changes=4 remote_updates=0 hw_errors=0
W (302874) kx134: FIFO seen at max capacity (86/86 frames) -- possible dropped samples
I (302874) kx134: epoch: n=2048 mean_g x=0.970 y=0.063 z=-0.236 max_fifo=86/86
W (303144) kx134: FIFO seen at max capacity (86/86 frames) -- possible dropped samples
I (303144) kx134: epoch: n=2048 mean_g x=0.972 y=0.064 z=-0.234 max_fifo=86/86
W (303404) kx134: FIFO seen at max capacity (86/86 frames) -- possible dropped samples
I (303404) kx134: epoch: n=2048 mean_g x=0.970 y=0.066 z=-0.235 max_fifo=86/86
W (303684) kx134: FIFO seen at max capacity (86/86 frames) -- possible dropped samples
I (303684) kx134: epoch: n=2048 mean_g x=0.973 y=0.067 z=-0.235 max_fifo=86/86
W (303954) kx134: FIFO seen at max capacity (86/86 frames) -- possible dropped samples
I (303954) kx134: epoch: n=2048 mean_g x=0.972 y=0.065 z=-0.237 max_fifo=86/86
W (304224) kx134: FIFO seen at max capacity (86/86 frames) -- possible dropped samples
I (304224) kx134: epoch: n=2048 mean_g x=0.972 y=0.064 z=-0.234 max_fifo=86/86
W (304494) kx134: FIFO seen at max capacity (86/86 frames) -- possible dropped samples
I (304494) kx134: epoch: n=2048 mean_g x=0.972 y=0.064 z=-0.235 max_fifo=86/86
W (304764) kx134: FIFO seen at max capacity (86/86 frames) -- possible dropped samples
I (304764) kx134: epoch: n=2048 mean_g x=0.972 y=0.064 z=-0.235 max_fifo=86/86
W (305024) kx134: FIFO seen at max capacity (86/86 frames) -- possible dropped samples
I (305024) kx134: epoch: n=2048 mean_g x=0.969 y=0.065 z=-0.238 max_fifo=86/86
W (305284) kx134: FIFO seen at max capacity (86/86 frames) -- possible dropped samples
I (305284) kx134: epoch: n=2048 mean_g x=0.973 y=0.065 z=-0.237 max_fifo=86/86
W (305554) kx134: FIFO seen at max capacity (86/86 frames) -- possible dropped samples
I (305554) kx134: epoch: n=2048 mean_g x=0.969 y=0.063 z=-0.234 max_fifo=86/86
W (305824) kx134: FIFO seen at max capacity (86/86 frames) -- possible dropped samples
I (305824) kx134: epoch: n=2048 mean_g x=0.971 y=0.066 z=-0.236 max_fifo=86/86
W (306094) kx134: FIFO seen at max capacity (86/86 frames) -- possible dropped samples
I (306104) kx134: epoch: n=2048 mean_g x=0.971 y=0.064 z=-0.238 max_fifo=86/86
W (306354) kx134: FIFO seen at max capacity (86/86 frames) -- possible dropped samples
I (306354) kx134: epoch: n=2048 mean_g x=0.972 y=0.065 z=-0.235 max_fifo=86/86
W (306634) kx134: FIFO seen at max capacity (86/86 frames) -- possible dropped samples
I (306634) kx134: epoch: n=2048 mean_g x=0.970 y=0.063 z=-0.235 max_fifo=86/86
W (306894) kx134: FIFO seen at max capacity (86/86 frames) -- possible dropped samples
I (306894) kx134: epoch: n=2048 mean_g x=0.971 y=0.065 z=-0.235 max_fifo=86/86
W (307164) kx134: FIFO seen at max capacity (86/86 frames) -- possible dropped samples
I (307164) kx134: epoch: n=2048 mean_g x=0.972 y=0.066 z=-0.236 max_fifo=86/86
W (307434) kx134: FIFO seen at max capacity (86/86 frames) -- possible dropped samples
I (307434) kx134: epoch: n=2048 mean_g x=0.970 y=0.062 z=-0.238 max_fifo=86/86
W (307704) kx134: FIFO seen at max capacity (86/86 frames) -- possible dropped samples
I (307704) kx134: epoch: n=2048 mean_g x=0.972 y=0.061 z=-0.238 max_fifo=86/86
W (307964) kx134: FIFO seen at max capacity (86/86 frames) -- possible dropped samples
I (307964) kx134: epoch: n=2048 mean_g x=0.970 y=0.064 z=-0.234 max_fifo=86/86
W (308224) kx134: FIFO seen at max capacity (86/86 frames) -- possible dropped samples
I (308224) kx134: epoch: n=2048 mean_g x=0.972 y=0.063 z=-0.235 max_fifo=86/86
W (308494) kx134: FIFO seen at max capacity (86/86 frames) -- possible dropped samples
I (308494) kx134: epoch: n=2048 mean_g x=0.968 y=0.063 z=-0.233 max_fifo=86/86
W (308764) kx134: FIFO seen at max capacity (86/86 frames) -- possible dropped samples
I (308764) kx134: epoch: n=2048 mean_g x=0.973 y=0.063 z=-0.237 max_fifo=86/86
W (309034) kx134: FIFO seen at max capacity (86/86 frames) -- possible dropped samples
I (309034) kx134: epoch: n=2048 mean_g x=0.971 y=0.063 z=-0.237 max_fifo=86/86
W (309294) kx134: FIFO seen at max capacity (86/86 frames) -- possible dropped samples
I (309294) kx134: epoch: n=2048 mean_g x=0.971 y=0.066 z=-0.234 max_fifo=86/86
W (309574) kx134: FIFO seen at max capacity (86/86 frames) -- possible dropped samples
I (309574) kx134: epoch: n=2048 mean_g x=0.969 y=0.063 z=-0.235 max_fifo=86/86
W (309844) kx134: FIFO seen at max capacity (86/86 frames) -- possible dropped samples
I (309844) kx134: epoch: n=2048 mean_g x=0.973 y=0.067 z=-0.237 max_fifo=86/86
W (310104) kx134: FIFO seen at max capacity (86/86 frames) -- possible dropped samples
I (310104) kx134: epoch: n=2048 mean_g x=0.972 y=0.064 z=-0.234 max_fifo=86/86
W (310374) kx134: FIFO seen at max capacity (86/86 frames) -- possible dropped samples
I (310374) kx134: epoch: n=2048 mean_g x=0.969 y=0.065 z=-0.233 max_fifo=86/86
W (310634) kx134: FIFO seen at max capacity (86/86 frames) -- possible dropped samples
I (310634) kx134: epoch: n=2048 mean_g x=0.968 y=0.061 z=-0.235 max_fifo=86/86
W (310904) kx134: FIFO seen at max capacity (86/86 frames) -- possible dropped samples
I (310904) kx134: epoch: n=2048 mean_g x=0.973 y=0.064 z=-0.236 max_fifo=86/86
W (311164) kx134: FIFO seen at max capacity (86/86 frames) -- possible dropped samples
I (311164) kx134: epoch: n=2048 mean_g x=0.969 y=0.068 z=-0.233 max_fifo=86/86
W (311434) kx134: FIFO seen at max capacity (86/86 frames) -- possible dropped samples
I (311434) kx134: epoch: n=2048 mean_g x=0.974 y=0.065 z=-0.236 max_fifo=86/86
W (311704) kx134: FIFO seen at max capacity (86/86 frames) -- possible dropped samples
I (311704) kx134: epoch: n=2048 mean_g x=0.973 y=0.064 z=-0.236 max_fifo=86/86
W (311974) kx134: FIFO seen at max capacity (86/86 frames) -- possible dropped samples
I (311974) kx134: epoch: n=2048 mean_g x=0.974 y=0.066 z=-0.238 max_fifo=86/86
W (312234) kx134: FIFO seen at max capacity (86/86 frames) -- possible dropped samples
I (312234) kx134: epoch: n=2048 mean_g x=0.972 y=0.063 z=-0.235 max_fifo=86/86
W (312514) kx134: FIFO seen at max capacity (86/86 frames) -- possible dropped samples
I (312514) kx134: epoch: n=2048 mean_g x=0.967 y=0.062 z=-0.235 max_fifo=86/86
W (312774) kx134: FIFO seen at max capacity (86/86 frames) -- possible dropped samples
I (312774) kx134: epoch: n=2048 mean_g x=0.970 y=0.060 z=-0.238 max_fifo=86/86
W (313044) kx134: FIFO seen at max capacity (86/86 frames) -- possible dropped samples
I (313044) kx134: epoch: n=2048 mean_g x=0.968 y=0.063 z=-0.231 max_fifo=86/86
W (313314) kx134: FIFO seen at max capacity (86/86 frames) -- possible dropped samples
I (313314) kx134: epoch: n=2048 mean_g x=0.969 y=0.062 z=-0.235 max_fifo=86/86
W (313574) kx134: FIFO seen at max capacity (86/86 frames) -- possible dropped samples
I (313574) kx134: epoch: n=2048 mean_g x=0.972 y=0.064 z=-0.235 max_fifo=86/86
W (313844) kx134: FIFO seen at max capacity (86/86 frames) -- possible dropped samples
I (313844) kx134: epoch: n=2048 mean_g x=0.969 y=0.065 z=-0.234 max_fifo=86/86
W (314104) kx134: FIFO seen at max capacity (86/86 frames) -- possible dropped samples
I (314104) kx134: epoch: n=2048 mean_g x=0.969 y=0.064 z=-0.235 max_fifo=86/86
W (314374) kx134: FIFO seen at max capacity (86/86 frames) -- possible dropped samples
I (314374) kx134: epoch: n=2048 mean_g x=0.972 y=0.066 z=-0.233 max_fifo=86/86
E (314464) esp-tls: [sock=54] select() timeout
E (314464) transport_base: Failed to open a new connection: 32774
E (314464) mqtt_client: Error transport connect
W (314464) link_mqtt: disconnected
W (314644) kx134: FIFO seen at max capacity (86/86 frames) -- possible dropped samples
I (314644) kx134: epoch: n=2048 mean_g x=0.972 y=0.063 z=-0.239 max_fifo=86/86
W (314914) kx134: FIFO seen at max capacity (86/86 frames) -- possible dropped samples
I (314914) kx134: epoch: n=2048 mean_g x=0.972 y=0.062 z=-0.235 max_fifo=86/86
W (315174) kx134: FIFO seen at max capacity (86/86 frames) -- possible dropped samples
I (315174) kx134: epoch: n=2048 mean_g x=0.972 y=0.063 z=-0.237 max_fifo=86/86
W (315454) kx134: FIFO seen at max capacity (86/86 frames) -- possible dropped samples
I (315454) kx134: epoch: n=2048 mean_g x=0.969 y=0.065 z=-0.233 max_fifo=86/86
W (315714) kx134: FIFO seen at max capacity (86/86 frames) -- possible dropped samples
I (315714) kx134: epoch: n=2048 mean_g x=0.969 y=0.064 z=-0.234 max_fifo=86/86
W (315984) kx134: FIFO seen at max capacity (86/86 frames) -- possible dropped samples
I (315984) kx134: epoch: n=2048 mean_g x=0.972 y=0.068 z=-0.238 max_fifo=86/86
W (316254) kx134: FIFO seen at max capacity (86/86 frames) -- possible dropped samples
I (316254) kx134: epoch: n=2048 mean_g x=0.972 y=0.063 z=-0.236 max_fifo=86/86
W (316524) kx134: FIFO seen at max capacity (86/86 frames) -- possible dropped samples
I (316524) kx134: epoch: n=2048 mean_g x=0.966 y=0.061 z=-0.233 max_fifo=86/86
W (316784) kx134: FIFO seen at max capacity (86/86 frames) -- possible dropped samples
I (316784) kx134: epoch: n=2048 mean_g x=0.972 y=0.061 z=-0.236 max_fifo=86/86
W (317044) kx134: FIFO seen at max capacity (86/86 frames) -- possible dropped samples
I (317044) kx134: epoch: n=2048 mean_g x=0.968 y=0.062 z=-0.234 max_fifo=86/86
W (317314) kx134: FIFO seen at max capacity (86/86 frames) -- possible dropped samples
I (317314) kx134: epoch: n=2048 mean_g x=0.970 y=0.065 z=-0.232 max_fifo=86/86
W (317584) kx134: FIFO seen at max capacity (86/86 frames) -- possible dropped samples
I (317584) kx134: epoch: n=2048 mean_g x=0.973 y=0.065 z=-0.237 max_fifo=86/86
W (317854) kx134: FIFO seen at max capacity (86/86 frames) -- possible dropped samples
I (317854) kx134: epoch: n=2048 mean_g x=0.973 y=0.064 z=-0.236 max_fifo=86/86
W (318114) kx134: FIFO seen at max capacity (86/86 frames) -- possible dropped samples
I (318114) kx134: epoch: n=2048 mean_g x=0.971 y=0.067 z=-0.234 max_fifo=86/86
W (318394) kx134: FIFO seen at max capacity (86/86 frames) -- possible dropped samples
I (318394) kx134: epoch: n=2048 mean_g x=0.970 y=0.065 z=-0.233 max_fifo=86/86
W (318654) kx134: FIFO seen at max capacity (86/86 frames) -- possible dropped samples
I (318654) kx134: epoch: n=2048 mean_g x=0.969 y=0.065 z=-0.233 max_fifo=86/86
W (318924) kx134: FIFO seen at max capacity (86/86 frames) -- possible dropped samples
I (318924) kx134: epoch: n=2048 mean_g x=0.970 y=0.064 z=-0.232 max_fifo=86/86
W (319194) kx134: FIFO seen at max capacity (86/86 frames) -- possible dropped samples
I (319194) kx134: epoch: n=2048 mean_g x=0.971 y=0.065 z=-0.237 max_fifo=86/86
W (319464) kx134: FIFO seen at max capacity (86/86 frames) -- possible dropped samples
I (319464) kx134: epoch: n=2048 mean_g x=0.969 y=0.062 z=-0.234 max_fifo=86/86
W (319734) kx134: FIFO seen at max capacity (86/86 frames) -- possible dropped samples
I (319734) kx134: epoch: n=2048 mean_g x=0.973 y=0.062 z=-0.238 max_fifo=86/86
W (319984) kx134: FIFO seen at max capacity (86/86 frames) -- possible dropped samples
I (319984) kx134: epoch: n=2048 mean_g x=0.971 y=0.064 z=-0.236 max_fifo=86/86
W (320254) kx134: FIFO seen at max capacity (86/86 frames) -- possible dropped samples
I (320254) kx134: epoch: n=2048 mean_g x=0.974 y=0.065 z=-0.236 max_fifo=86/86
W (320524) kx134: FIFO seen at max capacity (86/86 frames) -- possible dropped samples
I (320524) kx134: epoch: n=2048 mean_g x=0.969 y=0.065 z=-0.235 max_fifo=86/86
W (320794) kx134: FIFO seen at max capacity (86/86 frames) -- possible dropped samples
I (320794) kx134: epoch: n=2048 mean_g x=0.967 y=0.062 z=-0.235 max_fifo=86/86
W (321054) kx134: FIFO seen at max capacity (86/86 frames) -- possible dropped samples
I (321054) kx134: epoch: n=2048 mean_g x=0.971 y=0.066 z=-0.237 max_fifo=86/86
W (321334) kx134: FIFO seen at max capacity (86/86 frames) -- possible dropped samples
I (321334) kx134: epoch: n=2048 mean_g x=0.969 y=0.057 z=-0.233 max_fifo=86/86
W (321604) kx134: FIFO seen at max capacity (86/86 frames) -- possible dropped samples
I (321604) kx134: epoch: n=2048 mean_g x=0.970 y=0.071 z=-0.233 max_fifo=86/86
W (321864) kx134: FIFO seen at max capacity (86/86 frames) -- possible dropped samples
I (321874) kx134: epoch: n=2048 mean_g x=0.970 y=0.066 z=-0.234 max_fifo=86/86
W (322134) kx134: FIFO seen at max capacity (86/86 frames) -- possible dropped samples
I (322134) kx134: epoch: n=2048 mean_g x=0.971 y=0.063 z=-0.237 max_fifo=86/86
W (322394) kx134: FIFO seen at max capacity (86/86 frames) -- possible dropped samples
I (322394) kx134: epoch: n=2048 mean_g x=0.971 y=0.061 z=-0.236 max_fifo=86/86
W (322664) kx134: FIFO seen at max capacity (86/86 frames) -- possible dropped samples
I (322664) kx134: epoch: n=2048 mean_g x=0.970 y=0.065 z=-0.234 max_fifo=86/86
W (322924) kx134: FIFO seen at max capacity (86/86 frames) -- possible dropped samples
I (322924) kx134: epoch: n=2048 mean_g x=0.967 y=0.062 z=-0.232 max_fifo=86/86
W (323194) kx134: FIFO seen at max capacity (86/86 frames) -- possible dropped samples
I (323194) kx134: epoch: n=2048 mean_g x=0.972 y=0.065 z=-0.234 max_fifo=86/86
W (323464) kx134: FIFO seen at max capacity (86/86 frames) -- possible dropped samples
I (323464) kx134: epoch: n=2048 mean_g x=0.974 y=0.064 z=-0.239 max_fifo=86/86
W (323734) kx134: FIFO seen at max capacity (86/86 frames) -- possible dropped samples
I (323734) kx134: epoch: n=2048 mean_g x=0.972 y=0.059 z=-0.236 max_fifo=86/86
W (323994) kx134: FIFO seen at max capacity (86/86 frames) -- possible dropped samples
I (323994) kx134: epoch: n=2048 mean_g x=0.972 y=0.064 z=-0.236 max_fifo=86/86
W (324274) kx134: FIFO seen at max capacity (86/86 frames) -- possible dropped samples
I (324274) kx134: epoch: n=2048 mean_g x=0.971 y=0.066 z=-0.234 max_fifo=86/86
W (324534) kx134: FIFO seen at max capacity (86/86 frames) -- possible dropped samples
I (324534) kx134: epoch: n=2048 mean_g x=0.971 y=0.067 z=-0.235 max_fifo=86/86
W (324804) kx134: FIFO seen at max capacity (86/86 frames) -- possible dropped samples
I (324804) kx134: epoch: n=2048 mean_g x=0.974 y=0.061 z=-0.236 max_fifo=86/86
W (325074) kx134: FIFO seen at max capacity (86/86 frames) -- possible dropped samples
I (325074) kx134: epoch: n=2048 mean_g x=0.972 y=0.062 z=-0.236 max_fifo=86/86
W (325334) kx134: FIFO seen at max capacity (86/86 frames) -- possible dropped samples
I (325334) kx134: epoch: n=2048 mean_g x=0.971 y=0.062 z=-0.235 max_fifo=86/86
W (325604) kx134: FIFO seen at max capacity (86/86 frames) -- possible dropped samples
I (325604) kx134: epoch: n=2048 mean_g x=0.973 y=0.064 z=-0.235 max_fifo=86/86
W (325864) kx134: FIFO seen at max capacity (86/86 frames) -- possible dropped samples
I (325864) kx134: epoch: n=2048 mean_g x=0.971 y=0.062 z=-0.236 max_fifo=86/86
W (326134) kx134: FIFO seen at max capacity (86/86 frames) -- possible dropped samples
I (326134) kx134: epoch: n=2048 mean_g x=0.970 y=0.064 z=-0.234 max_fifo=86/86
W (326404) kx134: FIFO seen at max capacity (86/86 frames) -- possible dropped samples
I (326404) kx134: epoch: n=2048 mean_g x=0.971 y=0.065 z=-0.238 max_fifo=86/86
W (326674) kx134: FIFO seen at max capacity (86/86 frames) -- possible dropped samples
I (326674) kx134: epoch: n=2048 mean_g x=0.970 y=0.064 z=-0.235 max_fifo=86/86
W (326934) kx134: FIFO seen at max capacity (86/86 frames) -- possible dropped samples
I (326934) kx134: epoch: n=2048 mean_g x=0.973 y=0.065 z=-0.237 max_fifo=86/86
W (327214) kx134: FIFO seen at max capacity (86/86 frames) -- possible dropped samples
I (327214) kx134: epoch: n=2048 mean_g x=0.973 y=0.063 z=-0.236 max_fifo=86/86
E (327474) esp-tls: [sock=54] select() timeout
E (327474) transport_base: Failed to open a new connection: 32774
E (327474) mqtt_client: Error transport connect
W (327474) link_mqtt: disconnected
W (327484) kx134: FIFO seen at max capacity (86/86 frames) -- possible dropped samples
I (327484) kx134: epoch: n=2048 mean_g x=0.971 y=0.065 z=-0.234 max_fifo=86/86
W (327744) kx134: FIFO seen at max capacity (86/86 frames) -- possible dropped samples
I (327744) kx134: epoch: n=2048 mean_g x=0.974 y=0.064 z=-0.234 max_fifo=86/86
W (328014) kx134: FIFO seen at max capacity (86/86 frames) -- possible dropped samples
I (328014) kx134: epoch: n=2048 mean_g x=0.970 y=0.064 z=-0.234 max_fifo=86/86
W (328274) kx134: FIFO seen at max capacity (86/86 frames) -- possible dropped samples
I (328274) kx134: epoch: n=2048 mean_g x=0.971 y=0.066 z=-0.236 max_fifo=86/86
W (328544) kx134: FIFO seen at max capacity (86/86 frames) -- possible dropped samples
I (328544) kx134: epoch: n=2048 mean_g x=0.972 y=0.059 z=-0.236 max_fifo=86/86
W (328804) kx134: FIFO seen at max capacity (86/86 frames) -- possible dropped samples
I (328804) kx134: epoch: n=2048 mean_g x=0.969 y=0.067 z=-0.236 max_fifo=86/86
W (329074) kx134: FIFO seen at max capacity (86/86 frames) -- possible dropped samples
I (329074) kx134: epoch: n=2048 mean_g x=0.971 y=0.064 z=-0.234 max_fifo=86/86
W (329344) kx134: FIFO seen at max capacity (86/86 frames) -- possible dropped samples
I (329344) kx134: epoch: n=2048 mean_g x=0.966 y=0.063 z=-0.231 max_fifo=86/86
W (329614) kx134: FIFO seen at max capacity (86/86 frames) -- possible dropped samples
I (329614) kx134: epoch: n=2048 mean_g x=0.973 y=0.064 z=-0.235 max_fifo=86/86
W (329874) kx134: FIFO seen at max capacity (86/86 frames) -- possible dropped samples
I (329874) kx134: epoch: n=2048 mean_g x=0.970 y=0.068 z=-0.236 max_fifo=86/86
W (330154) kx134: FIFO seen at max capacity (86/86 frames) -- possible dropped samples
I (330154) kx134: epoch: n=2048 mean_g x=0.972 y=0.067 z=-0.238 max_fifo=86/86
W (330414) kx134: FIFO seen at max capacity (86/86 frames) -- possible dropped samples
I (330414) kx134: epoch: n=2048 mean_g x=0.973 y=0.063 z=-0.233 max_fifo=86/86
W (330684) kx134: FIFO seen at max capacity (86/86 frames) -- possible dropped samples
I (330684) kx134: epoch: n=2048 mean_g x=0.970 y=0.066 z=-0.235 max_fifo=86/86
W (330954) kx134: FIFO seen at max capacity (86/86 frames) -- possible dropped samples
I (330954) kx134: epoch: n=2048 mean_g x=0.973 y=0.064 z=-0.237 max_fifo=86/86
W (331224) kx134: FIFO seen at max capacity (86/86 frames) -- possible dropped samples
I (331224) kx134: epoch: n=2048 mean_g x=0.973 y=0.065 z=-0.237 max_fifo=86/86
W (331484) kx134: FIFO seen at max capacity (86/86 frames) -- possible dropped samples
I (331484) kx134: epoch: n=2048 mean_g x=0.971 y=0.062 z=-0.235 max_fifo=86/86
W (331744) kx134: FIFO seen at max capacity (86/86 frames) -- possible dropped samples
I (331744) kx134: epoch: n=2048 mean_g x=0.966 y=0.062 z=-0.231 max_fifo=86/86
W (332014) kx134: FIFO seen at max capacity (86/86 frames) -- possible dropped samples
I (332014) kx134: epoch: n=2048 mean_g x=0.972 y=0.063 z=-0.235 max_fifo=86/86
W (332284) kx134: FIFO seen at max capacity (86/86 frames) -- possible dropped samples
I (332284) kx134: epoch: n=2048 mean_g x=0.972 y=0.063 z=-0.235 max_fifo=86/86
W (332554) kx134: FIFO seen at max capacity (86/86 frames) -- possible dropped samples
I (332554) kx134: epoch: n=2048 mean_g x=0.970 y=0.067 z=-0.234 max_fifo=86/86
W (332814) kx134: FIFO seen at max capacity (86/86 frames) -- possible dropped samples
I (332814) kx134: epoch: n=2048 mean_g x=0.970 y=0.065 z=-0.234 max_fifo=86/86
I (332864) DIAG: Stack HWM (bytes free): mic=7204 dsp=4120 rgb=1920 imu=1596 diag=828
I (332864) DIAG: CPU runtime:
diag           	1056619		<1%
IDLE1          	327158833		98%
IDLE0          	257628896		77%
imu_task       	49233326		14%
tiT            	474672		<1%
net            	18786695		5%
wifi_prov      	6903		<1%
dsp_task       	4100678		1%
mqtt_task      	200841		<1%
mic_task       	2483538		<1%
main           	157643		<1%
ipc1           	50576		<1%
ipc0           	37902		<1%
sys_evt        	4169		<1%
esp_timer      	55406		<1%
wifi           	1715183		<1%
Tmr Svc        	17		<1%
rgb_led        	228790		<1%

I (332904) DIAG: Heap free: internal=30976 largest_free=21504 PSRAM=8209980 IRAM=0
I (332914) DIAG: wifi: connects=1 disconnects=0 retry_cnt=0
I (332914) DIAG: mqtt: connects=0 disconnects=25 publishes=0 publish_failures=0 cmds_received=0
I (332924) DIAG: wifi_prov: state=1 provisioning_entries=0 recovery_entries=0 recovery_successes=0
I (332934) DIAG: mic: blocks_ok=5176 capture_failures=0 rb_drops=0
W (332944) DIAG: mic i2s: overflow_count=7 (cumulative) read_errors=0 short_reads=0 — check CPU load
I (332954) DIAG: dsp: fft_count=5176 frames_emitted=1294 rb_timeouts=0 last_fft_us=604
I (332954) DIAG: imu: epochs=1239 read_errors=0 reinit_attempts=0 reinit_successes=0
I (332964) DIAG: accel: reads_ok=3717 read_errors=0 fifo_max_hits=1239
I (332974) DIAG: net: frames_built=1561 build_failures=0 publish_failures=0 cmd_malformed=0 disconnect_reverts=0
I (332984) DIAG: led: state_changes=4 remote_updates=0 hw_errors=0
W (333094) kx134: FIFO seen at max capacity (86/86 frames) -- possible dropped samples
I (333094) kx134: epoch: n=2048 mean_g x=0.972 y=0.065 z=-0.234 max_fifo=86/86
W (333364) kx134: FIFO seen at max capacity (86/86 frames) -- possible dropped samples
I (333364) kx134: epoch: n=2048 mean_g x=0.967 y=0.063 z=-0.232 max_fifo=86/86
W (333624) kx134: FIFO seen at max capacity (86/86 frames) -- possible dropped samples
I (333624) kx134: epoch: n=2048 mean_g x=0.971 y=0.065 z=-0.236 max_fifo=86/86
W (333894) kx134: FIFO seen at max capacity (86/86 frames) -- possible dropped samples
I (333894) kx134: epoch: n=2048 mean_g x=0.972 y=0.061 z=-0.236 max_fifo=86/86
W (334154) kx134: FIFO seen at max capacity (86/86 frames) -- possible dropped samples
I (334154) kx134: epoch: n=2048 mean_g x=0.967 y=0.064 z=-0.232 max_fifo=86/86
W (334424) kx134: FIFO seen at max capacity (86/86 frames) -- possible dropped samples
I (334424) kx134: epoch: n=2048 mean_g x=0.970 y=0.061 z=-0.235 max_fifo=86/86
W (334684) kx134: FIFO seen at max capacity (86/86 frames) -- possible dropped samples
I (334684) kx134: epoch: n=2048 mean_g x=0.974 y=0.065 z=-0.235 max_fifo=86/86
W (334954) kx134: FIFO seen at max capacity (86/86 frames) -- possible dropped samples
I (334954) kx134: epoch: n=2048 mean_g x=0.973 y=0.066 z=-0.235 max_fifo=86/86
W (335224) kx134: FIFO seen at max capacity (86/86 frames) -- possible dropped samples
I (335224) kx134: epoch: n=2048 mean_g x=0.971 y=0.065 z=-0.233 max_fifo=86/86
W (335494) kx134: FIFO seen at max capacity (86/86 frames) -- possible dropped samples
I (335494) kx134: epoch: n=2048 mean_g x=0.969 y=0.063 z=-0.234 max_fifo=86/86
W (335754) kx134: FIFO seen at max capacity (86/86 frames) -- possible dropped samples
I (335754) kx134: epoch: n=2048 mean_g x=0.971 y=0.064 z=-0.237 max_fifo=86/86
W (336034) kx134: FIFO seen at max capacity (86/86 frames) -- possible dropped samples
I (336034) kx134: epoch: n=2048 mean_g x=0.974 y=0.063 z=-0.236 max_fifo=86/86
W (336294) kx134: FIFO seen at max capacity (86/86 frames) -- possible dropped samples
I (336294) kx134: epoch: n=2048 mean_g x=0.971 y=0.065 z=-0.235 max_fifo=86/86
W (336564) kx134: FIFO seen at max capacity (86/86 frames) -- possible dropped samples
I (336564) kx134: epoch: n=2048 mean_g x=0.970 y=0.063 z=-0.233 max_fifo=86/86
W (336834) kx134: FIFO seen at max capacity (86/86 frames) -- possible dropped samples
I (336834) kx134: epoch: n=2048 mean_g x=0.972 y=0.063 z=-0.234 max_fifo=86/86
W (337094) kx134: FIFO seen at max capacity (86/86 frames) -- possible dropped samples
I (337094) kx134: epoch: n=2048 mean_g x=0.973 y=0.066 z=-0.234 max_fifo=86/86
W (337364) kx134: FIFO seen at max capacity (86/86 frames) -- possible dropped samples
I (337364) kx134: epoch: n=2048 mean_g x=0.973 y=0.066 z=-0.236 max_fifo=86/86
W (337624) kx134: FIFO seen at max capacity (86/86 frames) -- possible dropped samples
I (337624) kx134: epoch: n=2048 mean_g x=0.974 y=0.066 z=-0.237 max_fifo=86/86
W (337894) kx134: FIFO seen at max capacity (86/86 frames) -- possible dropped samples
I (337894) kx134: epoch: n=2048 mean_g x=0.971 y=0.062 z=-0.234 max_fifo=86/86
W (338164) kx134: FIFO seen at max capacity (86/86 frames) -- possible dropped samples
I (338164) kx134: epoch: n=2048 mean_g x=0.968 y=0.067 z=-0.232 max_fifo=86/86
W (338434) kx134: FIFO seen at max capacity (86/86 frames) -- possible dropped samples
I (338434) kx134: epoch: n=2048 mean_g x=0.965 y=0.064 z=-0.231 max_fifo=86/86
W (338694) kx134: FIFO seen at max capacity (86/86 frames) -- possible dropped samples
I (338694) kx134: epoch: n=2048 mean_g x=0.967 y=0.063 z=-0.231 max_fifo=86/86
W (338974) kx134: FIFO seen at max capacity (86/86 frames) -- possible dropped samples
I (338974) kx134: epoch: n=2048 mean_g x=0.972 y=0.061 z=-0.233 max_fifo=86/86
W (339234) kx134: FIFO seen at max capacity (86/86 frames) -- possible dropped samples
I (339234) kx134: epoch: n=2048 mean_g x=0.971 y=0.063 z=-0.236 max_fifo=86/86
W (339504) kx134: FIFO seen at max capacity (86/86 frames) -- possible dropped samples
I (339504) kx134: epoch: n=2048 mean_g x=0.970 y=0.063 z=-0.235 max_fifo=86/86
W (339774) kx134: FIFO seen at max capacity (86/86 frames) -- possible dropped samples
I (339774) kx134: epoch: n=2048 mean_g x=0.968 y=0.068 z=-0.232 max_fifo=86/86
W (340034) kx134: FIFO seen at max capacity (86/86 frames) -- possible dropped samples
I (340034) kx134: epoch: n=2048 mean_g x=0.972 y=0.067 z=-0.236 max_fifo=86/86
W (340304) kx134: FIFO seen at max capacity (86/86 frames) -- possible dropped samples
I (340304) kx134: epoch: n=2048 mean_g x=0.972 y=0.064 z=-0.235 max_fifo=86/86
E (340484) esp-tls: [sock=54] select() timeout
E (340484) transport_base: Failed to open a new connection: 32774
E (340484) mqtt_client: Error transport connect
W (340484) link_mqtt: disconnected
W (340564) kx134: FIFO seen at max capacity (86/86 frames) -- possible dropped samples
I (340564) kx134: epoch: n=2048 mean_g x=0.974 y=0.063 z=-0.237 max_fifo=86/86
W (340834) kx134: FIFO seen at max capacity (86/86 frames) -- possible dropped samples
I (340834) kx134: epoch: n=2048 mean_g x=0.970 y=0.061 z=-0.234 max_fifo=86/86
W (341104) kx134: FIFO seen at max capacity (86/86 frames) -- possible dropped samples
I (341104) kx134: epoch: n=2048 mean_g x=0.971 y=0.063 z=-0.233 max_fifo=86/86
W (341374) kx134: FIFO seen at max capacity (86/86 frames) -- possible dropped samples
I (341374) kx134: epoch: n=2048 mean_g x=0.969 y=0.062 z=-0.235 max_fifo=86/86
W (341634) kx134: FIFO seen at max capacity (86/86 frames) -- possible dropped samples
I (341634) kx134: epoch: n=2048 mean_g x=0.972 y=0.064 z=-0.234 max_fifo=86/86
W (341914) kx134: FIFO seen at max capacity (86/86 frames) -- possible dropped samples
I (341914) kx134: epoch: n=2048 mean_g x=0.971 y=0.063 z=-0.234 max_fifo=86/86
W (342174) kx134: FIFO seen at max capacity (86/86 frames) -- possible dropped samples
I (342174) kx134: epoch: n=2048 mean_g x=0.972 y=0.064 z=-0.233 max_fifo=86/86
W (342444) kx134: FIFO seen at max capacity (86/86 frames) -- possible dropped samples
I (342444) kx134: epoch: n=2048 mean_g x=0.972 y=0.066 z=-0.235 max_fifo=86/86
W (342714) kx134: FIFO seen at max capacity (86/86 frames) -- possible dropped samples
I (342714) kx134: epoch: n=2048 mean_g x=0.972 y=0.060 z=-0.235 max_fifo=86/86
W (342984) kx134: FIFO seen at max capacity (86/86 frames) -- possible dropped samples
I (342984) kx134: epoch: n=2048 mean_g x=0.970 y=0.061 z=-0.236 max_fifo=86/86
W (343244) kx134: FIFO seen at max capacity (86/86 frames) -- possible dropped samples
I (343244) kx134: epoch: n=2048 mean_g x=0.973 y=0.064 z=-0.235 max_fifo=86/86
W (343504) kx134: FIFO seen at max capacity (86/86 frames) -- possible dropped samples
I (343504) kx134: epoch: n=2048 mean_g x=0.970 y=0.063 z=-0.235 max_fifo=86/86
W (343774) kx134: FIFO seen at max capacity (86/86 frames) -- possible dropped samples
I (343774) kx134: epoch: n=2048 mean_g x=0.973 y=0.061 z=-0.236 max_fifo=86/86
W (344044) kx134: FIFO seen at max capacity (86/86 frames) -- possible dropped samples
I (344044) kx134: epoch: n=2048 mean_g x=0.968 y=0.066 z=-0.234 max_fifo=86/86
W (344314) kx134: FIFO seen at max capacity (86/86 frames) -- possible dropped samples
I (344314) kx134: epoch: n=2048 mean_g x=0.972 y=0.062 z=-0.236 max_fifo=86/86
W (344574) kx134: FIFO seen at max capacity (86/86 frames) -- possible dropped samples
I (344574) kx134: epoch: n=2048 mean_g x=0.968 y=0.066 z=-0.235 max_fifo=86/86
W (344854) kx134: FIFO seen at max capacity (86/86 frames) -- possible dropped samples
I (344854) kx134: epoch: n=2048 mean_g x=0.969 y=0.060 z=-0.236 max_fifo=86/86
W (345124) kx134: FIFO seen at max capacity (86/86 frames) -- possible dropped samples
I (345124) kx134: epoch: n=2048 mean_g x=0.971 y=0.063 z=-0.232 max_fifo=86/86
W (345384) kx134: FIFO seen at max capacity (86/86 frames) -- possible dropped samples
I (345384) kx134: epoch: n=2048 mean_g x=0.971 y=0.066 z=-0.235 max_fifo=86/86
W (345654) kx134: FIFO seen at max capacity (86/86 frames) -- possible dropped samples
I (345654) kx134: epoch: n=2048 mean_g x=0.971 y=0.065 z=-0.235 max_fifo=86/86
W (345914) kx134: FIFO seen at max capacity (86/86 frames) -- possible dropped samples
I (345914) kx134: epoch: n=2048 mean_g x=0.969 y=0.063 z=-0.237 max_fifo=86/86
W (346184) kx134: FIFO seen at max capacity (86/86 frames) -- possible dropped samples
I (346184) kx134: epoch: n=2048 mean_g x=0.972 y=0.061 z=-0.236 max_fifo=86/86
W (346444) kx134: FIFO seen at max capacity (86/86 frames) -- possible dropped samples
I (346444) kx134: epoch: n=2048 mean_g x=0.971 y=0.066 z=-0.237 max_fifo=86/86
W (346714) kx134: FIFO seen at max capacity (86/86 frames) -- possible dropped samples
I (346714) kx134: epoch: n=2048 mean_g x=0.970 y=0.065 z=-0.235 max_fifo=86/86
W (346984) kx134: FIFO seen at max capacity (86/86 frames) -- possible dropped samples
I (346984) kx134: epoch: n=2048 mean_g x=0.971 y=0.063 z=-0.234 max_fifo=86/86
W (347254) kx134: FIFO seen at max capacity (86/86 frames) -- possible dropped samples
I (347254) kx134: epoch: n=2048 mean_g x=0.974 y=0.065 z=-0.236 max_fifo=86/86
W (347514) kx134: FIFO seen at max capacity (86/86 frames) -- possible dropped samples
I (347514) kx134: epoch: n=2048 mean_g x=0.969 y=0.067 z=-0.235 max_fifo=86/86
W (347794) kx134: FIFO seen at max capacity (86/86 frames) -- possible dropped samples
I (347794) kx134: epoch: n=2048 mean_g x=0.972 y=0.063 z=-0.238 max_fifo=86/86
W (348054) kx134: FIFO seen at max capacity (86/86 frames) -- possible dropped samples
I (348054) kx134: epoch: n=2048 mean_g x=0.971 y=0.062 z=-0.235 max_fifo=86/86
W (348324) kx134: FIFO seen at max capacity (86/86 frames) -- possible dropped samples
I (348324) kx134: epoch: n=2048 mean_g x=0.972 y=0.063 z=-0.236 max_fifo=86/86
W (348594) kx134: FIFO seen at max capacity (86/86 frames) -- possible dropped samples
I (348594) kx134: epoch: n=2048 mean_g x=0.972 y=0.066 z=-0.235 max_fifo=86/86
W (348854) kx134: FIFO seen at max capacity (86/86 frames) -- possible dropped samples
I (348854) kx134: epoch: n=2048 mean_g x=0.972 y=0.066 z=-0.236 max_fifo=86/86
W (349124) kx134: FIFO seen at max capacity (86/86 frames) -- possible dropped samples
I (349124) kx134: epoch: n=2048 mean_g x=0.971 y=0.064 z=-0.236 max_fifo=86/86
W (349384) kx134: FIFO seen at max capacity (86/86 frames) -- possible dropped samples
I (349384) kx134: epoch: n=2048 mean_g x=0.972 y=0.067 z=-0.237 max_fifo=86/86
W (349654) kx134: FIFO seen at max capacity (86/86 frames) -- possible dropped samples
I (349654) kx134: epoch: n=2048 mean_g x=0.973 y=0.062 z=-0.236 max_fifo=86/86
W (349924) kx134: FIFO seen at max capacity (86/86 frames) -- possible dropped samples
I (349924) kx134: epoch: n=2048 mean_g x=0.972 y=0.064 z=-0.236 max_fifo=86/86
W (350194) kx134: FIFO seen at max capacity (86/86 frames) -- possible dropped samples
I (350194) kx134: epoch: n=2048 mean_g x=0.973 y=0.063 z=-0.236 max_fifo=86/86
W (350454) kx134: FIFO seen at max capacity (86/86 frames) -- possible dropped samples
I (350454) kx134: epoch: n=2048 mean_g x=0.969 y=0.063 z=-0.236 max_fifo=86/86
W (350734) kx134: FIFO seen at max capacity (86/86 frames) -- possible dropped samples
I (350734) kx134: epoch: n=2048 mean_g x=0.971 y=0.064 z=-0.238 max_fifo=86/86
W (350994) kx134: FIFO seen at max capacity (86/86 frames) -- possible dropped samples
I (350994) kx134: epoch: n=2048 mean_g x=0.970 y=0.061 z=-0.235 max_fifo=86/86
W (351264) kx134: FIFO seen at max capacity (86/86 frames) -- possible dropped samples
I (351264) kx134: epoch: n=2048 mean_g x=0.971 y=0.065 z=-0.234 max_fifo=86/86
W (351534) kx134: FIFO seen at max capacity (86/86 frames) -- possible dropped samples
I (351534) kx134: epoch: n=2048 mean_g x=0.974 y=0.063 z=-0.240 max_fifo=86/86
W (351794) kx134: FIFO seen at max capacity (86/86 frames) -- possible dropped samples
I (351794) kx134: epoch: n=2048 mean_g x=0.970 y=0.063 z=-0.234 max_fifo=86/86
W (352064) kx134: FIFO seen at max capacity (86/86 frames) -- possible dropped samples
I (352064) kx134: epoch: n=2048 mean_g x=0.972 y=0.065 z=-0.235 max_fifo=86/86
W (352324) kx134: FIFO seen at max capacity (86/86 frames) -- possible dropped samples
I (352324) kx134: epoch: n=2048 mean_g x=0.972 y=0.062 z=-0.236 max_fifo=86/86
W (352594) kx134: FIFO seen at max capacity (86/86 frames) -- possible dropped samples
I (352594) kx134: epoch: n=2048 mean_g x=0.972 y=0.062 z=-0.237 max_fifo=86/86
W (352864) kx134: FIFO seen at max capacity (86/86 frames) -- possible dropped samples
I (352864) kx134: epoch: n=2048 mean_g x=0.970 y=0.062 z=-0.236 max_fifo=86/86
W (353134) kx134: FIFO seen at max capacity (86/86 frames) -- possible dropped samples
I (353134) kx134: epoch: n=2048 mean_g x=0.971 y=0.066 z=-0.234 max_fifo=86/86
W (353394) kx134: FIFO seen at max capacity (86/86 frames) -- possible dropped samples
I (353394) kx134: epoch: n=2048 mean_g x=0.971 y=0.067 z=-0.234 max_fifo=86/86
E (353494) esp-tls: [sock=54] select() timeout
E (353494) transport_base: Failed to open a new connection: 32774
E (353494) mqtt_client: Error transport connect
W (353494) link_mqtt: disconnected
W (353674) kx134: FIFO seen at max capacity (86/86 frames) -- possible dropped samples
I (353674) kx134: epoch: n=2048 mean_g x=0.972 y=0.064 z=-0.236 max_fifo=86/86
W (353934) kx134: FIFO seen at max capacity (86/86 frames) -- possible dropped samples
I (353934) kx134: epoch: n=2048 mean_g x=0.971 y=0.065 z=-0.238 max_fifo=86/86
W (354204) kx134: FIFO seen at max capacity (86/86 frames) -- possible dropped samples
I (354204) kx134: epoch: n=2048 mean_g x=0.971 y=0.064 z=-0.234 max_fifo=86/86
W (354474) kx134: FIFO seen at max capacity (86/86 frames) -- possible dropped samples
I (354474) kx134: epoch: n=2048 mean_g x=0.973 y=0.064 z=-0.235 max_fifo=86/86
W (354744) kx134: FIFO seen at max capacity (86/86 frames) -- possible dropped samples
I (354744) kx134: epoch: n=2048 mean_g x=0.974 y=0.064 z=-0.238 max_fifo=86/86
W (355004) kx134: FIFO seen at max capacity (86/86 frames) -- possible dropped samples
I (355004) kx134: epoch: n=2048 mean_g x=0.973 y=0.065 z=-0.236 max_fifo=86/86
W (355264) kx134: FIFO seen at max capacity (86/86 frames) -- possible dropped samples
I (355264) kx134: epoch: n=2048 mean_g x=0.972 y=0.063 z=-0.235 max_fifo=86/86
W (355534) kx134: FIFO seen at max capacity (86/86 frames) -- possible dropped samples
I (355534) kx134: epoch: n=2048 mean_g x=0.971 y=0.062 z=-0.235 max_fifo=86/86
W (355804) kx134: FIFO seen at max capacity (86/86 frames) -- possible dropped samples
I (355804) kx134: epoch: n=2048 mean_g x=0.972 y=0.063 z=-0.237 max_fifo=86/86
W (356074) kx134: FIFO seen at max capacity (86/86 frames) -- possible dropped samples
I (356074) kx134: epoch: n=2048 mean_g x=0.970 y=0.061 z=-0.235 max_fifo=86/86
W (356334) kx134: FIFO seen at max capacity (86/86 frames) -- possible dropped samples
I (356334) kx134: epoch: n=2048 mean_g x=0.971 y=0.063 z=-0.236 max_fifo=86/86
W (356614) kx134: FIFO seen at max capacity (86/86 frames) -- possible dropped samples
I (356624) kx134: epoch: n=2048 mean_g x=0.972 y=0.065 z=-0.236 max_fifo=86/86
W (356884) kx134: FIFO seen at max capacity (86/86 frames) -- possible dropped samples
I (356884) kx134: epoch: n=2048 mean_g x=0.973 y=0.065 z=-0.235 max_fifo=86/86
W (357144) kx134: FIFO seen at max capacity (86/86 frames) -- possible dropped samples
I (357144) kx134: epoch: n=2048 mean_g x=0.972 y=0.061 z=-0.235 max_fifo=86/86
W (357414) kx134: FIFO seen at max capacity (86/86 frames) -- possible dropped samples
I (357414) kx134: epoch: n=2048 mean_g x=0.973 y=0.065 z=-0.235 max_fifo=86/86
W (357674) kx134: FIFO seen at max capacity (86/86 frames) -- possible dropped samples
I (357674) kx134: epoch: n=2048 mean_g x=0.969 y=0.065 z=-0.237 max_fifo=86/86
W (357944) kx134: FIFO seen at max capacity (86/86 frames) -- possible dropped samples
I (357944) kx134: epoch: n=2048 mean_g x=0.968 y=0.064 z=-0.235 max_fifo=86/86
W (358204) kx134: FIFO seen at max capacity (86/86 frames) -- possible dropped samples
I (358204) kx134: epoch: n=2048 mean_g x=0.969 y=0.066 z=-0.238 max_fifo=86/86
W (358474) kx134: FIFO seen at max capacity (86/86 frames) -- possible dropped samples
I (358474) kx134: epoch: n=2048 mean_g x=0.971 y=0.064 z=-0.234 max_fifo=86/86
W (358744) kx134: FIFO seen at max capacity (86/86 frames) -- possible dropped samples
I (358744) kx134: epoch: n=2048 mean_g x=0.970 y=0.065 z=-0.236 max_fifo=86/86
W (359014) kx134: FIFO seen at max capacity (86/86 frames) -- possible dropped samples
I (359014) kx134: epoch: n=2048 mean_g x=0.971 y=0.062 z=-0.236 max_fifo=86/86
W (359274) kx134: FIFO seen at max capacity (86/86 frames) -- possible dropped samples
I (359274) kx134: epoch: n=2048 mean_g x=0.969 y=0.066 z=-0.236 max_fifo=86/86
W (359554) kx134: FIFO seen at max capacity (86/86 frames) -- possible dropped samples
I (359554) kx134: epoch: n=2048 mean_g x=0.970 y=0.068 z=-0.236 max_fifo=86/86
W (359814) kx134: FIFO seen at max capacity (86/86 frames) -- possible dropped samples
I (359814) kx134: epoch: n=2048 mean_g x=0.973 y=0.061 z=-0.236 max_fifo=86/86
W (360084) kx134: FIFO seen at max capacity (86/86 frames) -- possible dropped samples
I (360084) kx134: epoch: n=2048 mean_g x=0.973 y=0.064 z=-0.235 max_fifo=86/86
W (360354) kx134: FIFO seen at max capacity (86/86 frames) -- possible dropped samples
I (360354) kx134: epoch: n=2048 mean_g x=0.972 y=0.061 z=-0.234 max_fifo=86/86
W (360614) kx134: FIFO seen at max capacity (86/86 frames) -- possible dropped samples
I (360614) kx134: epoch: n=2048 mean_g x=0.970 y=0.066 z=-0.237 max_fifo=86/86
W (360884) kx134: FIFO seen at max capacity (86/86 frames) -- possible dropped samples
I (360884) kx134: epoch: n=2048 mean_g x=0.969 y=0.065 z=-0.234 max_fifo=86/86
W (361144) kx134: FIFO seen at max capacity (86/86 frames) -- possible dropped samples
I (361144) kx134: epoch: n=2048 mean_g x=0.973 y=0.061 z=-0.236 max_fifo=86/86
W (361414) kx134: FIFO seen at max capacity (86/86 frames) -- possible dropped samples
I (361414) kx134: epoch: n=2048 mean_g x=0.971 y=0.063 z=-0.235 max_fifo=86/86
W (361684) kx134: FIFO seen at max capacity (86/86 frames) -- possible dropped samples
I (361684) kx134: epoch: n=2048 mean_g x=0.971 y=0.062 z=-0.236 max_fifo=86/86
W (361954) kx134: FIFO seen at max capacity (86/86 frames) -- possible dropped samples
I (361954) kx134: epoch: n=2048 mean_g x=0.972 y=0.066 z=-0.235 max_fifo=86/86
W (362214) kx134: FIFO seen at max capacity (86/86 frames) -- possible dropped samples
I (362214) kx134: epoch: n=2048 mean_g x=0.972 y=0.063 z=-0.235 max_fifo=86/86
W (362494) kx134: FIFO seen at max capacity (86/86 frames) -- possible dropped samples
I (362494) kx134: epoch: n=2048 mean_g x=0.968 y=0.064 z=-0.234 max_fifo=86/86
W (362754) kx134: FIFO seen at max capacity (86/86 frames) -- possible dropped samples
I (362754) kx134: epoch: n=2048 mean_g x=0.971 y=0.062 z=-0.236 max_fifo=86/86
I (362984) DIAG: Stack HWM (bytes free): mic=7204 dsp=4120 rgb=1920 imu=1596 diag=828
I (362984) DIAG: CPU runtime:
diag           	1179428		<1%
IDLE1          	356893842		98%
IDLE0          	281059238		77%
mic_task       	2708577		<1%
net            	20505989		5%
wifi_prov      	7503		<1%
imu_task       	53691066		14%
dsp_task       	4473484		1%
mqtt_task      	217197		<1%
tiT            	516315		<1%
main           	157643		<1%
ipc0           	37902		<1%
sys_evt        	4169		<1%
Tmr Svc        	17		<1%
esp_timer      	60181		<1%
wifi           	1829568		<1%
rgb_led        	228790		<1%
ipc1           	50576		<1%

W (363024) kx134: FIFO seen at max capacity (86/86 frames) -- possible dropped samples
I (363034) kx134: epoch: n=2048 mean_g x=0.971 y=0.064 z=-0.235 max_fifo=86/86
I (363064) DIAG: Heap free: internal=30976 largest_free=21504 PSRAM=8209980 IRAM=0
I (363064) DIAG: wifi: connects=1 disconnects=0 retry_cnt=0
I (363084) DIAG: mqtt: connects=0 disconnects=27 publishes=0 publish_failures=0 cmds_received=0
I (363084) DIAG: wifi_prov: state=1 provisioning_entries=0 recovery_entries=0 recovery_successes=0
I (363084) DIAG: mic: blocks_ok=5647 capture_failures=0 rb_drops=0
W (363094) DIAG: mic i2s: overflow_count=7 (cumulative) read_errors=0 short_reads=0 — check CPU load
I (363104) DIAG: dsp: fft_count=5647 frames_emitted=1411 rb_timeouts=0 last_fft_us=604
I (363114) DIAG: imu: epochs=1352 read_errors=0 reinit_attempts=0 reinit_successes=0
I (363114) DIAG: accel: reads_ok=4056 read_errors=0 fifo_max_hits=1352
I (363124) DIAG: net: frames_built=1705 build_failures=0 publish_failures=0 cmd_malformed=0 disconnect_reverts=0
I (363134) DIAG: led: state_changes=4 remote_updates=0 hw_errors=0
W (363304) kx134: FIFO seen at max capacity (86/86 frames) -- possible dropped samples
I (363304) kx134: epoch: n=2048 mean_g x=0.969 y=0.066 z=-0.236 max_fifo=86/86
W (363574) kx134: FIFO seen at max capacity (86/86 frames) -- possible dropped samples
I (363574) kx134: epoch: n=2048 mean_g x=0.973 y=0.066 z=-0.235 max_fifo=86/86
W (363844) kx134: FIFO seen at max capacity (86/86 frames) -- possible dropped samples
I (363844) kx134: epoch: n=2048 mean_g x=0.971 y=0.065 z=-0.236 max_fifo=86/86
W (364104) kx134: FIFO seen at max capacity (86/86 frames) -- possible dropped samples
I (364104) kx134: epoch: n=2048 mean_g x=0.973 y=0.063 z=-0.236 max_fifo=86/86
W (364384) kx134: FIFO seen at max capacity (86/86 frames) -- possible dropped samples
I (364384) kx134: epoch: n=2048 mean_g x=0.970 y=0.064 z=-0.237 max_fifo=86/86
W (364644) kx134: FIFO seen at max capacity (86/86 frames) -- possible dropped samples
I (364644) kx134: epoch: n=2048 mean_g x=0.973 y=0.066 z=-0.235 max_fifo=86/86
W (364914) kx134: FIFO seen at max capacity (86/86 frames) -- possible dropped samples
I (364914) kx134: epoch: n=2048 mean_g x=0.972 y=0.067 z=-0.235 max_fifo=86/86
W (365184) kx134: FIFO seen at max capacity (86/86 frames) -- possible dropped samples
I (365184) kx134: epoch: n=2048 mean_g x=0.972 y=0.061 z=-0.234 max_fifo=86/86
W (365454) kx134: FIFO seen at max capacity (86/86 frames) -- possible dropped samples
I (365454) kx134: epoch: n=2048 mean_g x=0.972 y=0.064 z=-0.237 max_fifo=86/86
W (365714) kx134: FIFO seen at max capacity (86/86 frames) -- possible dropped samples
I (365714) kx134: epoch: n=2048 mean_g x=0.974 y=0.064 z=-0.235 max_fifo=86/86
W (365974) kx134: FIFO seen at max capacity (86/86 frames) -- possible dropped samples
I (365974) kx134: epoch: n=2048 mean_g x=0.971 y=0.064 z=-0.235 max_fifo=86/86
W (366244) kx134: FIFO seen at max capacity (86/86 frames) -- possible dropped samples
I (366244) kx134: epoch: n=2048 mean_g x=0.971 y=0.060 z=-0.235 max_fifo=86/86
E (366504) esp-tls: [sock=54] select() timeout
E (366504) transport_base: Failed to open a new connection: 32774
E (366504) mqtt_client: Error transport connect
W (366504) link_mqtt: disconnected
W (366524) kx134: FIFO seen at max capacity (86/86 frames) -- possible dropped samples
I (366524) kx134: epoch: n=2048 mean_g x=0.971 y=0.062 z=-0.237 max_fifo=86/86
W (366784) kx134: FIFO seen at max capacity (86/86 frames) -- possible dropped samples
I (366784) kx134: epoch: n=2048 mean_g x=0.970 y=0.065 z=-0.236 max_fifo=86/86
W (367044) kx134: FIFO seen at max capacity (86/86 frames) -- possible dropped samples
I (367044) kx134: epoch: n=2048 mean_g x=0.972 y=0.064 z=-0.236 max_fifo=86/86
W (367324) kx134: FIFO seen at max capacity (86/86 frames) -- possible dropped samples
I (367324) kx134: epoch: n=2048 mean_g x=0.970 y=0.066 z=-0.238 max_fifo=86/86
W (367594) kx134: FIFO seen at max capacity (86/86 frames) -- possible dropped samples
I (367594) kx134: epoch: n=2048 mean_g x=0.969 y=0.065 z=-0.234 max_fifo=86/86
W (367854) kx134: FIFO seen at max capacity (86/86 frames) -- possible dropped samples
I (367854) kx134: epoch: n=2048 mean_g x=0.972 y=0.062 z=-0.238 max_fifo=86/86
W (368124) kx134: FIFO seen at max capacity (86/86 frames) -- possible dropped samples
I (368124) kx134: epoch: n=2048 mean_g x=0.971 y=0.064 z=-0.234 max_fifo=86/86
W (368384) kx134: FIFO seen at max capacity (86/86 frames) -- possible dropped samples
I (368384) kx134: epoch: n=2048 mean_g x=0.970 y=0.065 z=-0.236 max_fifo=86/86
W (368654) kx134: FIFO seen at max capacity (86/86 frames) -- possible dropped samples
I (368654) kx134: epoch: n=2048 mean_g x=0.968 y=0.063 z=-0.238 max_fifo=86/86
W (368914) kx134: FIFO seen at max capacity (86/86 frames) -- possible dropped samples
I (368914) kx134: epoch: n=2048 mean_g x=0.969 y=0.064 z=-0.237 max_fifo=86/86
W (369184) kx134: FIFO seen at max capacity (86/86 frames) -- possible dropped samples
I (369184) kx134: epoch: n=2048 mean_g x=0.973 y=0.064 z=-0.234 max_fifo=86/86
W (369454) kx134: FIFO seen at max capacity (86/86 frames) -- possible dropped samples
I (369454) kx134: epoch: n=2048 mean_g x=0.972 y=0.063 z=-0.235 max_fifo=86/86
W (369724) kx134: FIFO seen at max capacity (86/86 frames) -- possible dropped samples
I (369724) kx134: epoch: n=2048 mean_g x=0.971 y=0.064 z=-0.235 max_fifo=86/86
W (369984) kx134: FIFO seen at max capacity (86/86 frames) -- possible dropped samples
I (369984) kx134: epoch: n=2048 mean_g x=0.970 y=0.063 z=-0.234 max_fifo=86/86
W (370264) kx134: FIFO seen at max capacity (86/86 frames) -- possible dropped samples
I (370264) kx134: epoch: n=2048 mean_g x=0.972 y=0.061 z=-0.235 max_fifo=86/86
W (370524) kx134: FIFO seen at max capacity (86/86 frames) -- possible dropped samples
I (370524) kx134: epoch: n=2048 mean_g x=0.973 y=0.064 z=-0.236 max_fifo=86/86
W (370794) kx134: FIFO seen at max capacity (86/86 frames) -- possible dropped samples
I (370804) kx134: epoch: n=2048 mean_g x=0.974 y=0.061 z=-0.234 max_fifo=86/86
W (371064) kx134: FIFO seen at max capacity (86/86 frames) -- possible dropped samples
I (371064) kx134: epoch: n=2048 mean_g x=0.974 y=0.064 z=-0.232 max_fifo=86/86
W (371324) kx134: FIFO seen at max capacity (86/86 frames) -- possible dropped samples
I (371324) kx134: epoch: n=2048 mean_g x=0.971 y=0.063 z=-0.238 max_fifo=86/86
W (371594) kx134: FIFO seen at max capacity (86/86 frames) -- possible dropped samples
I (371594) kx134: epoch: n=2048 mean_g x=0.973 y=0.063 z=-0.234 max_fifo=86/86
W (371854) kx134: FIFO seen at max capacity (86/86 frames) -- possible dropped samples
I (371854) kx134: epoch: n=2048 mean_g x=0.973 y=0.063 z=-0.235 max_fifo=86/86
W (372124) kx134: FIFO seen at max capacity (86/86 frames) -- possible dropped samples
I (372124) kx134: epoch: n=2048 mean_g x=0.972 y=0.064 z=-0.235 max_fifo=86/86
W (372394) kx134: FIFO seen at max capacity (86/86 frames) -- possible dropped samples
I (372394) kx134: epoch: n=2048 mean_g x=0.972 y=0.065 z=-0.238 max_fifo=86/86
W (372664) kx134: FIFO seen at max capacity (86/86 frames) -- possible dropped samples
I (372664) kx134: epoch: n=2048 mean_g x=0.969 y=0.065 z=-0.235 max_fifo=86/86
W (372924) kx134: FIFO seen at max capacity (86/86 frames) -- possible dropped samples
I (372924) kx134: epoch: n=2048 mean_g x=0.971 y=0.068 z=-0.239 max_fifo=86/86
W (373204) kx134: FIFO seen at max capacity (86/86 frames) -- possible dropped samples
I (373204) kx134: epoch: n=2048 mean_g x=0.974 y=0.063 z=-0.236 max_fifo=86/86
W (373464) kx134: FIFO seen at max capacity (86/86 frames) -- possible dropped samples
I (373464) kx134: epoch: n=2048 mean_g x=0.974 y=0.064 z=-0.235 max_fifo=86/86
W (373734) kx134: FIFO seen at max capacity (86/86 frames) -- possible dropped samples
I (373734) kx134: epoch: n=2048 mean_g x=0.973 y=0.063 z=-0.235 max_fifo=86/86
W (374004) kx134: FIFO seen at max capacity (86/86 frames) -- possible dropped samples
I (374004) kx134: epoch: n=2048 mean_g x=0.969 y=0.063 z=-0.235 max_fifo=86/86
W (374264) kx134: FIFO seen at max capacity (86/86 frames) -- possible dropped samples
I (374264) kx134: epoch: n=2048 mean_g x=0.972 y=0.068 z=-0.237 max_fifo=86/86
W (374534) kx134: FIFO seen at max capacity (86/86 frames) -- possible dropped samples
I (374534) kx134: epoch: n=2048 mean_g x=0.972 y=0.062 z=-0.232 max_fifo=86/86
W (374794) kx134: FIFO seen at max capacity (86/86 frames) -- possible dropped samples
I (374794) kx134: epoch: n=2048 mean_g x=0.972 y=0.062 z=-0.238 max_fifo=86/86
W (375064) kx134: FIFO seen at max capacity (86/86 frames) -- possible dropped samples
I (375064) kx134: epoch: n=2048 mean_g x=0.971 y=0.067 z=-0.236 max_fifo=86/86
W (375334) kx134: FIFO seen at max capacity (86/86 frames) -- possible dropped samples
I (375334) kx134: epoch: n=2048 mean_g x=0.973 y=0.061 z=-0.235 max_fifo=86/86
W (375604) kx134: FIFO seen at max capacity (86/86 frames) -- possible dropped samples
I (375604) kx134: epoch: n=2048 mean_g x=0.971 y=0.063 z=-0.236 max_fifo=86/86
W (375864) kx134: FIFO seen at max capacity (86/86 frames) -- possible dropped samples
I (375864) kx134: epoch: n=2048 mean_g x=0.970 y=0.065 z=-0.235 max_fifo=86/86
W (376144) kx134: FIFO seen at max capacity (86/86 frames) -- possible dropped samples
I (376144) kx134: epoch: n=2048 mean_g x=0.974 y=0.064 z=-0.235 max_fifo=86/86
W (376404) kx134: FIFO seen at max capacity (86/86 frames) -- possible dropped samples
I (376404) kx134: epoch: n=2048 mean_g x=0.970 y=0.065 z=-0.235 max_fifo=86/86
W (376674) kx134: FIFO seen at max capacity (86/86 frames) -- possible dropped samples
I (376674) kx134: epoch: n=2048 mean_g x=0.970 y=0.064 z=-0.235 max_fifo=86/86
W (376944) kx134: FIFO seen at max capacity (86/86 frames) -- possible dropped samples
I (376944) kx134: epoch: n=2048 mean_g x=0.973 y=0.066 z=-0.236 max_fifo=86/86
W (377214) kx134: FIFO seen at max capacity (86/86 frames) -- possible dropped samples
I (377214) kx134: epoch: n=2048 mean_g x=0.969 y=0.066 z=-0.236 max_fifo=86/86
W (377474) kx134: FIFO seen at max capacity (86/86 frames) -- possible dropped samples
I (377474) kx134: epoch: n=2048 mean_g x=0.973 y=0.063 z=-0.236 max_fifo=86/86
W (377734) kx134: FIFO seen at max capacity (86/86 frames) -- possible dropped samples
I (377734) kx134: epoch: n=2048 mean_g x=0.971 y=0.065 z=-0.234 max_fifo=86/86
W (378004) kx134: FIFO seen at max capacity (86/86 frames) -- possible dropped samples
I (378004) kx134: epoch: n=2048 mean_g x=0.973 y=0.066 z=-0.237 max_fifo=86/86
W (378274) kx134: FIFO seen at max capacity (86/86 frames) -- possible dropped samples
I (378274) kx134: epoch: n=2048 mean_g x=0.971 y=0.065 z=-0.235 max_fifo=86/86
W (378544) kx134: FIFO seen at max capacity (86/86 frames) -- possible dropped samples
I (378544) kx134: epoch: n=2048 mean_g x=0.970 y=0.064 z=-0.232 max_fifo=86/86
W (378804) kx134: FIFO seen at max capacity (86/86 frames) -- possible dropped samples
I (378804) kx134: epoch: n=2048 mean_g x=0.970 y=0.063 z=-0.234 max_fifo=86/86
W (379084) kx134: FIFO seen at max capacity (86/86 frames) -- possible dropped samples
I (379084) kx134: epoch: n=2048 mean_g x=0.972 y=0.065 z=-0.235 max_fifo=86/86
W (379354) kx134: FIFO seen at max capacity (86/86 frames) -- possible dropped samples
I (379354) kx134: epoch: n=2048 mean_g x=0.972 y=0.067 z=-0.237 max_fifo=86/86
E (379514) esp-tls: [sock=54] select() timeout
E (379514) transport_base: Failed to open a new connection: 32774
E (379514) mqtt_client: Error transport connect
W (379514) link_mqtt: disconnected
W (379614) kx134: FIFO seen at max capacity (86/86 frames) -- possible dropped samples
I (379614) kx134: epoch: n=2048 mean_g x=0.972 y=0.065 z=-0.237 max_fifo=86/86
W (379884) kx134: FIFO seen at max capacity (86/86 frames) -- possible dropped samples
I (379884) kx134: epoch: n=2048 mean_g x=0.973 y=0.064 z=-0.235 max_fifo=86/86
W (380144) kx134: FIFO seen at max capacity (86/86 frames) -- possible dropped samples
I (380144) kx134: epoch: n=2048 mean_g x=0.975 y=0.064 z=-0.235 max_fifo=86/86
W (380414) kx134: FIFO seen at max capacity (86/86 frames) -- possible dropped samples
I (380414) kx134: epoch: n=2048 mean_g x=0.971 y=0.062 z=-0.237 max_fifo=86/86
W (380674) kx134: FIFO seen at max capacity (86/86 frames) -- possible dropped samples
I (380674) kx134: epoch: n=2048 mean_g x=0.969 y=0.064 z=-0.235 max_fifo=86/86
W (380944) kx134: FIFO seen at max capacity (86/86 frames) -- possible dropped samples
I (380944) kx134: epoch: n=2048 mean_g x=0.969 y=0.066 z=-0.235 max_fifo=86/86
W (381214) kx134: FIFO seen at max capacity (86/86 frames) -- possible dropped samples
I (381214) kx134: epoch: n=2048 mean_g x=0.974 y=0.061 z=-0.236 max_fifo=86/86
W (381484) kx134: FIFO seen at max capacity (86/86 frames) -- possible dropped samples
I (381484) kx134: epoch: n=2048 mean_g x=0.968 y=0.065 z=-0.237 max_fifo=86/86
W (381744) kx134: FIFO seen at max capacity (86/86 frames) -- possible dropped samples
I (381744) kx134: epoch: n=2048 mean_g x=0.971 y=0.064 z=-0.234 max_fifo=86/86
W (382024) kx134: FIFO seen at max capacity (86/86 frames) -- possible dropped samples
I (382024) kx134: epoch: n=2048 mean_g x=0.973 y=0.066 z=-0.234 max_fifo=86/86
W (382284) kx134: FIFO seen at max capacity (86/86 frames) -- possible dropped samples
I (382284) kx134: epoch: n=2048 mean_g x=0.969 y=0.066 z=-0.234 max_fifo=86/86
W (382554) kx134: FIFO seen at max capacity (86/86 frames) -- possible dropped samples
I (382554) kx134: epoch: n=2048 mean_g x=0.972 y=0.062 z=-0.235 max_fifo=86/86
W (382824) kx134: FIFO seen at max capacity (86/86 frames) -- possible dropped samples
I (382824) kx134: epoch: n=2048 mean_g x=0.968 y=0.066 z=-0.238 max_fifo=86/86
W (383084) kx134: FIFO seen at max capacity (86/86 frames) -- possible dropped samples
I (383084) kx134: epoch: n=2048 mean_g x=0.973 y=0.064 z=-0.235 max_fifo=86/86
W (383354) kx134: FIFO seen at max capacity (86/86 frames) -- possible dropped samples
I (383354) kx134: epoch: n=2048 mean_g x=0.971 y=0.061 z=-0.237 max_fifo=86/86
W (383614) kx134: FIFO seen at max capacity (86/86 frames) -- possible dropped samples
I (383614) kx134: epoch: n=2048 mean_g x=0.970 y=0.065 z=-0.235 max_fifo=86/86
W (383884) kx134: FIFO seen at max capacity (86/86 frames) -- possible dropped samples
I (383884) kx134: epoch: n=2048 mean_g x=0.970 y=0.063 z=-0.236 max_fifo=86/86
W (384154) kx134: FIFO seen at max capacity (86/86 frames) -- possible dropped samples
I (384154) kx134: epoch: n=2048 mean_g x=0.970 y=0.066 z=-0.234 max_fifo=86/86
W (384424) kx134: FIFO seen at max capacity (86/86 frames) -- possible dropped samples
I (384424) kx134: epoch: n=2048 mean_g x=0.970 y=0.067 z=-0.234 max_fifo=86/86
W (384684) kx134: FIFO seen at max capacity (86/86 frames) -- possible dropped samples
I (384684) kx134: epoch: n=2048 mean_g x=0.970 y=0.064 z=-0.235 max_fifo=86/86
W (384964) kx134: FIFO seen at max capacity (86/86 frames) -- possible dropped samples
I (384964) kx134: epoch: n=2048 mean_g x=0.971 y=0.065 z=-0.235 max_fifo=86/86
W (385224) kx134: FIFO seen at max capacity (86/86 frames) -- possible dropped samples
I (385224) kx134: epoch: n=2048 mean_g x=0.972 y=0.067 z=-0.235 max_fifo=86/86
W (385494) kx134: FIFO seen at max capacity (86/86 frames) -- possible dropped samples
I (385494) kx134: epoch: n=2048 mean_g x=0.971 y=0.065 z=-0.234 max_fifo=86/86
W (385764) kx134: FIFO seen at max capacity (86/86 frames) -- possible dropped samples
I (385764) kx134: epoch: n=2048 mean_g x=0.971 y=0.065 z=-0.235 max_fifo=86/86
W (386024) kx134: FIFO seen at max capacity (86/86 frames) -- possible dropped samples
I (386024) kx134: epoch: n=2048 mean_g x=0.970 y=0.067 z=-0.237 max_fifo=86/86
W (386294) kx134: FIFO seen at max capacity (86/86 frames) -- possible dropped samples
I (386294) kx134: epoch: n=2048 mean_g x=0.971 y=0.066 z=-0.235 max_fifo=86/86
W (386554) kx134: FIFO seen at max capacity (86/86 frames) -- possible dropped samples
I (386554) kx134: epoch: n=2048 mean_g x=0.973 y=0.067 z=-0.238 max_fifo=86/86
W (386824) kx134: FIFO seen at max capacity (86/86 frames) -- possible dropped samples
I (386824) kx134: epoch: n=2048 mean_g x=0.968 y=0.068 z=-0.237 max_fifo=86/86
W (387094) kx134: FIFO seen at max capacity (86/86 frames) -- possible dropped samples
I (387094) kx134: epoch: n=2048 mean_g x=0.971 y=0.063 z=-0.238 max_fifo=86/86
W (387364) kx134: FIFO seen at max capacity (86/86 frames) -- possible dropped samples
I (387364) kx134: epoch: n=2048 mean_g x=0.973 y=0.063 z=-0.234 max_fifo=86/86
W (387624) kx134: FIFO seen at max capacity (86/86 frames) -- possible dropped samples
I (387624) kx134: epoch: n=2048 mean_g x=0.973 y=0.061 z=-0.234 max_fifo=86/86
W (387904) kx134: FIFO seen at max capacity (86/86 frames) -- possible dropped samples
I (387904) kx134: epoch: n=2048 mean_g x=0.969 y=0.065 z=-0.240 max_fifo=86/86
W (388164) kx134: FIFO seen at max capacity (86/86 frames) -- possible dropped samples
I (388164) kx134: epoch: n=2048 mean_g x=0.973 y=0.063 z=-0.235 max_fifo=86/86
W (388434) kx134: FIFO seen at max capacity (86/86 frames) -- possible dropped samples
I (388434) kx134: epoch: n=2048 mean_g x=0.973 y=0.067 z=-0.238 max_fifo=86/86
W (388704) kx134: FIFO seen at max capacity (86/86 frames) -- possible dropped samples
I (388704) kx134: epoch: n=2048 mean_g x=0.970 y=0.067 z=-0.238 max_fifo=86/86
W (388974) kx134: FIFO seen at max capacity (86/86 frames) -- possible dropped samples
I (388974) kx134: epoch: n=2048 mean_g x=0.971 y=0.064 z=-0.234 max_fifo=86/86
W (389234) kx134: FIFO seen at max capacity (86/86 frames) -- possible dropped samples
I (389234) kx134: epoch: n=2048 mean_g x=0.972 y=0.068 z=-0.234 max_fifo=86/86
W (389494) kx134: FIFO seen at max capacity (86/86 frames) -- possible dropped samples
I (389494) kx134: epoch: n=2048 mean_g x=0.977 y=0.061 z=-0.233 max_fifo=86/86
W (389764) kx134: FIFO seen at max capacity (86/86 frames) -- possible dropped samples
I (389764) kx134: epoch: n=2048 mean_g x=0.973 y=0.065 z=-0.235 max_fifo=86/86
W (390034) kx134: FIFO seen at max capacity (86/86 frames) -- possible dropped samples
I (390034) kx134: epoch: n=2048 mean_g x=0.970 y=0.066 z=-0.238 max_fifo=86/86
W (390304) kx134: FIFO seen at max capacity (86/86 frames) -- possible dropped samples
I (390304) kx134: epoch: n=2048 mean_g x=0.972 y=0.064 z=-0.236 max_fifo=86/86
W (390564) kx134: FIFO seen at max capacity (86/86 frames) -- possible dropped samples
I (390564) kx134: epoch: n=2048 mean_g x=0.973 y=0.065 z=-0.235 max_fifo=86/86
W (390844) kx134: FIFO seen at max capacity (86/86 frames) -- possible dropped samples
I (390844) kx134: epoch: n=2048 mean_g x=0.972 y=0.065 z=-0.234 max_fifo=86/86
W (391114) kx134: FIFO seen at max capacity (86/86 frames) -- possible dropped samples
I (391114) kx134: epoch: n=2048 mean_g x=0.972 y=0.064 z=-0.236 max_fifo=86/86
W (391374) kx134: FIFO seen at max capacity (86/86 frames) -- possible dropped samples
I (391374) kx134: epoch: n=2048 mean_g x=0.970 y=0.067 z=-0.240 max_fifo=86/86
W (391644) kx134: FIFO seen at max capacity (86/86 frames) -- possible dropped samples
I (391644) kx134: epoch: n=2048 mean_g x=0.974 y=0.065 z=-0.233 max_fifo=86/86
W (391904) kx134: FIFO seen at max capacity (86/86 frames) -- possible dropped samples
I (391904) kx134: epoch: n=2048 mean_g x=0.971 y=0.066 z=-0.236 max_fifo=86/86
W (392174) kx134: FIFO seen at max capacity (86/86 frames) -- possible dropped samples
I (392174) kx134: epoch: n=2048 mean_g x=0.970 y=0.067 z=-0.236 max_fifo=86/86
W (392434) kx134: FIFO seen at max capacity (86/86 frames) -- possible dropped samples
I (392434) kx134: epoch: n=2048 mean_g x=0.971 y=0.063 z=-0.237 max_fifo=86/86
E (392524) esp-tls: [sock=54] select() timeout
E (392524) transport_base: Failed to open a new connection: 32774
E (392524) mqtt_client: Error transport connect
W (392524) link_mqtt: disconnected
W (392704) kx134: FIFO seen at max capacity (86/86 frames) -- possible dropped samples
I (392704) kx134: epoch: n=2048 mean_g x=0.972 y=0.063 z=-0.236 max_fifo=86/86
W (392974) kx134: FIFO seen at max capacity (86/86 frames) -- possible dropped samples
I (392974) kx134: epoch: n=2048 mean_g x=0.969 y=0.066 z=-0.239 max_fifo=86/86
I (393144) DIAG: Stack HWM (bytes free): mic=7204 dsp=4120 rgb=1920 imu=1596 diag=828
I (393144) DIAG: CPU runtime:
diag           	1280374		<1%
IDLE1          	386675161		98%
IDLE0          	304502107		77%
tiT            	557312		<1%
net            	22237363		5%
mqtt_task      	240212		<1%
wifi_prov      	8113		<1%
imu_task       	58184741		14%
dsp_task       	4846685		1%
mic_task       	2933179		<1%
main           	157643		<1%
sys_evt        	4169		<1%
Tmr Svc        	17		<1%
rgb_led        	228790		<1%
esp_timer      	64949		<1%
wifi           	1938729		<1%
ipc1           	50576		<1%
ipc0           	37902		<1%

I (393184) DIAG: Heap free: internal=31568 largest_free=21504 PSRAM=8210148 IRAM=0
I (393194) DIAG: wifi: connects=1 disconnects=0 retry_cnt=0
I (393204) DIAG: mqtt: connects=0 disconnects=30 publishes=0 publish_failures=0 cmds_received=0
E (393204) DIAG: mqtt stuck: 30 consecutive disconnects with no successful reconnect - restarting to recover (ADR-036)
I (393224) wifi:state: run -> init (0x0)
I (393224) wifi:pm stop, total sleep time: 0 us / 389146968 us

I (393224) wifi:new:<11,0>, old:<11,2>, ap:<255,255>, sta:<11,2>, prof:1, snd_ch_cfg:0x0
W (393234) wifi_task: Disconnect reason: ASSOC_LEAVE (8) attempt=1
W (393254) kx134: FIFO seen at max capacity (86/86 frames) -- possible dropped samples
I (393254) kx134: epoch: n=2048 mean_g x=0.971 y=0.065 z=-0.238 max_fifo=86/86
I (393284) wifi:flush txq
I (393284) wifi:stop sw txq
I (393284) wifi:lmac stop hw txq
ESP-ROM:esp32s3-20210327
Build:Mar 27 2021
rst:0xc (RTC_SW_CPU_RST),boot:0x8 (SPI_FAST_FLASH_BOOT)
Saved PC:0x40378ffc
SPIWP:0xee
mode:DIO, clock div:1
load:0x3fce2810,len:0x15a0
load:0x403c8700,len:0x4
load:0x403c8704,len:0xd20
load:0x403cb700,len:0x2f00
entry 0x403c8920
I (26) boot: ESP-IDF 5.4.1 2nd stage bootloader
I (26) boot: compile time Aug  9 2026 11:35:21
I (26) boot: Multicore bootloader
I (27) boot: chip revision: v0.2
I (29) boot: efuse block revision: v1.3
I (33) boot.esp32s3: Boot SPI Speed : 80MHz
I (37) boot.esp32s3: SPI Mode       : DIO
I (40) boot.esp32s3: SPI Flash Size : 8MB
I (44) boot: Enabling RNG early entropy source...
I (49) boot: Partition Table:
I (51) boot: ## Label            Usage          Type ST Offset   Length
I (57) boot:  0 nvs              WiFi data        01 02 00009000 00006000
I (64) boot:  1 phy_init         RF data          01 01 0000f000 00001000
I (70) boot:  2 factory          factory app      00 00 00010000 006f0000
I (77) boot:  3 spiffs           Unknown data     01 82 00700000 00100000
I (84) boot: End of partition table
I (87) esp_image: segment 0: paddr=00010020 vaddr=3c0b0020 size=2b264h (176740) map
I (125) esp_image: segment 1: paddr=0003b28c vaddr=3fc9fb00 size=04d8ch ( 19852) load
I (130) esp_image: segment 2: paddr=00040020 vaddr=42000020 size=add0ch (711948) map
I (256) esp_image: segment 3: paddr=000edd34 vaddr=3fca488c size=03cf0h ( 15600) load
I (260) esp_image: segment 4: paddr=000f1a2c vaddr=40374000 size=1baa8h (113320) load
I (284) esp_image: segment 5: paddr=0010d4dc vaddr=600fe000 size=00120h (   288) load
I (296) boot: Loaded app from partition at offset 0x10000
I (296) boot: Disabling RNG early entropy source...
I (307) octal_psram: vendor id    : 0x0d (AP)
I (307) octal_psram: dev id       : 0x02 (generation 3)
I (307) octal_psram: density      : 0x03 (64 Mbit)
I (309) octal_psram: good-die     : 0x01 (Pass)
I (314) octal_psram: Latency      : 0x01 (Fixed)
I (318) octal_psram: VCC          : 0x01 (3V)
I (322) octal_psram: SRF          : 0x01 (Fast Refresh)
I (327) octal_psram: BurstType    : 0x01 (Hybrid Wrap)
I (332) octal_psram: BurstLen     : 0x01 (32 Byte)
I (336) octal_psram: Readlatency  : 0x02 (10 cycles@Fixed)
I (342) octal_psram: DriveStrength: 0x00 (1/1)
I (346) esp_psram: Found 8MB PSRAM device
I (349) esp_psram: Speed: 40MHz
I (352) cpu_start: Multicore app
I (1086) esp_psram: SPI SRAM memory test OK
I (1097) cpu_start: Pro cpu start user code
I (1097) cpu_start: cpu freq: 160000000 Hz
I (1097) app_init: Application information:
I (1097) app_init: Project name:     epm_satellite
I (1102) app_init: App version:      f4e8f7b-dirty
I (1106) app_init: Compile time:     Aug  9 2026 11:34:19
I (1111) app_init: ELF file SHA256:  3f5dc4740...
I (1116) app_init: ESP-IDF:          5.4.1
I (1120) efuse_init: Min chip rev:     v0.0
I (1123) efuse_init: Max chip rev:     v0.99 
I (1128) efuse_init: Chip rev:         v0.2
I (1132) heap_init: Initializing. RAM available for dynamic allocation:
I (1138) heap_init: At 3FCC7470 len 000222A0 (136 KiB): RAM
I (1143) heap_init: At 3FCE9710 len 00005724 (21 KiB): RAM
I (1148) heap_init: At 3FCF0000 len 00008000 (32 KiB): DRAM
I (1154) heap_init: At 600FE120 len 00001EC8 (7 KiB): RTCRAM
I (1159) esp_psram: Adding pool of 8147K of PSRAM memory to heap allocator
I (1166) spi_flash: detected chip: gd
I (1169) spi_flash: flash io: dio
I (1172) sleep_gpio: Configure to isolate all GPIO pins in sleep state
I (1179) sleep_gpio: Enable automatic switching of GPIO sleep configuration
I (1197) main_task: Started on CPU0
I (1207) main_task: Calling app_main()
I (1217) main: Boot memory (before tasks): DRAM free=163796 PSRAM free=8340172 IRAM free=0
I (1227) neopixel: WS2812 init: DIN=GPIO6, 8 pixel(s)
I (1227) pp: pp rom version: e7ae62f
I (1227) net80211: net80211 rom version: e7ae62f
I (1247) wifi:wifi driver task: 3fcd6cd8, prio:23, stack:6656, core=0
I (1247) wifi:wifi firmware version: 79fa3f41ba
I (1247) wifi:wifi certification version: v7.0
I (1247) wifi:config NVS flash: enabled
I (1247) wifi:config nano formatting: disabled
I (1257) wifi:Init data frame dynamic rx buffer num: 32
I (1257) wifi:Init static rx mgmt buffer num: 5
I (1267) wifi:Init management short buffer num: 32
I (1267) wifi:Init dynamic tx buffer num: 32
I (1267) wifi:Init static tx FG buffer num: 2
I (1277) wifi:Init static rx buffer size: 1600
I (1277) wifi:Init static rx buffer num: 10
I (1287) wifi:Init dynamic rx buffer num: 32
I (1287) wifi_init: rx ba win: 6
I (1287) wifi_init: accept mbox: 6
I (1297) wifi_init: tcpip mbox: 32
I (1297) wifi_init: udp mbox: 6
I (1297) wifi_init: tcp mbox: 16
I (1307) wifi_init: tcp tx win: 32768
I (1307) wifi_init: tcp rx win: 32768
I (1307) wifi_init: tcp mss: 1440
I (1317) wifi_init: WiFi IRAM OP enabled
I (1317) wifi_init: WiFi RX IRAM OP enabled
I (1327) wifi:Set ps type: 0, coexist: 0

I (1327) phy_init: phy_version 700,8582a7fd,Feb 10 2025,20:13:11
I (1367) wifi:mode : sta (1c:db:d4:5a:b0:04)
I (1367) wifi:enable tsf
I (1367) wifi_task: STA started — connecting to "MUTHIYATTIRI 2.4GHz"...
I (1367) wifi_task: WiFi TX power capped to 17.0 dBm (68 q-dBm)
I (1377) pm: Frequency switching config: CPU_MAX: 240, APB_MAX: 80, APB_MIN: 80, Light sleep: DISABLED
I (1387) wifi_task: WiFi RF init — SSID: "MUTHIYATTIRI 2.4GHz"
I (1387) mic_capture: PSRAM ring buffer: 64000 samples (4 s)
I (1397) mic_capture: mic_capture init: 16000 Hz, block=1024 samples, dma_desc=4
I (1397) mic_task: mic_task starting (capture core 0, SIMD stats): block=1024 samples, Fs=16000 Hz, ringbuf=10240 bytes, blk_sz=4132
I (1417) dsp_task: dsp_task starting (FFT core 1): 1024-pt, avg=4 (adaptive), 15.62 Hz/bin, coherent_gain=0.4995
I (1427) kx134: WHO_AM_I OK (0x46)
I (1427) gpio: GPIO[44]| InputEn: 1| OutputEn: 0| OpenDrain: 0| Pullup: 0| Pulldown: 1| Intr:1 
I (1437) imu_task: imu_task starting (3-axis): 2048-pt × 3 axes, avg=4, 12.50 Hz/bin, Fs=25600 Hz, envelope 2000-8000 Hz -> 256-pt/8
I (1447) main: EPM: mic=1024-pt imu=2048-pt avg=4
I (1477) dsp_task: FFT benchmark: 146218 cycles (0.61 ms at 240 MHz) for 1024-pt
W (1677) kx134: FIFO seen at max capacity (86/86 frames) -- possible dropped samples
I (1677) kx134: epoch: n=2048 mean_g x=0.969 y=0.064 z=-0.236 max_fifo=86/86
W (1937) kx134: FIFO seen at max capacity (86/86 frames) -- possible dropped samples
I (1937) kx134: epoch: n=2048 mean_g x=0.972 y=0.063 z=-0.235 max_fifo=86/86
W (2197) kx134: FIFO seen at max capacity (86/86 frames) -- possible dropped samples
I (2197) kx134: epoch: n=2048 mean_g x=0.970 y=0.062 z=-0.234 max_fifo=86/86
W (2457) kx134: FIFO seen at max capacity (86/86 frames) -- possible dropped samples
I (2457) kx134: epoch: n=2048 mean_g x=0.969 y=0.065 z=-0.236 max_fifo=86/86
I (2887) wifi:new:<11,2>, old:<1,0>, ap:<255,255>, sta:<11,2>, prof:1, snd_ch_cfg:0x0
I (2897) wifi:state: init -> auth (0xb0)
I (2897) wifi:state: auth -> assoc (0x0)
I (2897) wifi:state: assoc -> run (0x10)
I (2907) wifi:connected with MUTHIYATTIRI 2.4GHz, aid = 1, channel 11, 40D, bssid = 90:67:17:02:b1:89
I (2917) wifi:security: WPA2-PSK, phy: bgn, rssi: -70
I (2917) wifi:pm start, type: 0

I (2917) wifi:dp: 1, bi: 102400, li: 3, scale listen interval from 307200 us to 307200 us
I (2927) wifi:set rx beacon pti, rx_bcn_pti: 0, bcn_timeout: 25000, mt_pti: 0, mt_time: 10000
I (2997) wifi:AP's beacon interval = 102400 us, DTIM period = 1
W (3047) kx134: FIFO seen at max capacity (86/86 frames) -- possible dropped samples
I (3057) kx134: epoch: n=2048 mean_g x=0.971 y=0.065 z=-0.237 max_fifo=86/86
W (3307) kx134: FIFO seen at max capacity (86/86 frames) -- possible dropped samples
I (3307) kx134: epoch: n=2048 mean_g x=0.973 y=0.062 z=-0.236 max_fifo=86/86
W (3567) kx134: FIFO seen at max capacity (86/86 frames) -- possible dropped samples
I (3567) kx134: epoch: n=2048 mean_g x=0.972 y=0.061 z=-0.238 max_fifo=86/86
W (3817) kx134: FIFO seen at max capacity (86/86 frames) -- possible dropped samples
I (3817) kx134: epoch: n=2048 mean_g x=0.970 y=0.065 z=-0.234 max_fifo=86/86
I (4037) esp_netif_handlers: sta ip: 192.168.1.2, mask: 255.255.255.0, gw: 192.168.1.1
I (4037) wifi_task: Got IP: 192.168.1.2 (after 1 attempt(s))
I (4037) net_task: free heap before link_mqtt_start(): internal=47576
I (4037) link_mqtt: node_id=5ab004 broker=192.168.1.5:18830 data_topic=epm/5ab004/data
I (4047) wifi:<ba-add>idx:0 (ifx:0, 90:67:17:02:b1:89), tid:0, ssn:0, winSize:64
I (4067) wifi_provision: CONNECTED
W (4107) kx134: FIFO seen at max capacity (86/86 frames) -- possible dropped samples
I (4107) kx134: epoch: n=2048 mean_g x=0.973 y=0.062 z=-0.232 max_fifo=86/86
W (4377) kx134: FIFO seen at max capacity (86/86 frames) -- possible dropped samples
I (4377) kx134: epoch: n=2048 mean_g x=0.971 y=0.066 z=-0.237 max_fifo=86/86
W (4637) kx134: FIFO seen at max capacity (86/86 frames) -- possible dropped samples
I (4637) kx134: epoch: n=2048 mean_g x=0.972 y=0.063 z=-0.235 max_fifo=86/86
W (4907) kx134: FIFO seen at max capacity (86/86 frames) -- possible dropped samples
I (4907) kx134: epoch: n=2048 mean_g x=0.971 y=0.060 z=-0.235 max_fifo=86/86
W (5177) kx134: FIFO seen at max capacity (86/86 frames) -- possible dropped samples
I (5177) kx134: epoch: n=2048 mean_g x=0.973 y=0.064 z=-0.236 max_fifo=86/86
W (5437) kx134: FIFO seen at max capacity (86/86 frames) -- possible dropped samples
I (5437) kx134: epoch: n=2048 mean_g x=0.969 y=0.063 z=-0.237 max_fifo=86/86
W (5697) kx134: FIFO seen at max capacity (86/86 frames) -- possible dropped samples
I (5697) kx134: epoch: n=2048 mean_g x=0.974 y=0.062 z=-0.233 max_fifo=86/86
W (5967) kx134: FIFO seen at max capacity (86/86 frames) -- possible dropped samples
I (5967) kx134: epoch: n=2048 mean_g x=0.972 y=0.064 z=-0.237 max_fifo=86/86
W (6237) kx134: FIFO seen at max capacity (86/86 frames) -- possible dropped samples
I (6237) kx134: epoch: n=2048 mean_g x=0.970 y=0.064 z=-0.238 max_fifo=86/86
W (6507) kx134: FIFO seen at max capacity (86/86 frames) -- possible dropped samples
I (6507) kx134: epoch: n=2048 mean_g x=0.973 y=0.064 z=-0.237 max_fifo=86/86
W (6767) kx134: FIFO seen at max capacity (86/86 frames) -- possible dropped samples
I (6767) kx134: epoch: n=2048 mean_g x=0.969 y=0.060 z=-0.235 max_fifo=86/86
W (7047) kx134: FIFO seen at max capacity (86/86 frames) -- possible dropped samples
I (7047) kx134: epoch: n=2048 mean_g x=0.972 y=0.062 z=-0.237 max_fifo=86/86
W (7317) kx134: FIFO seen at max capacity (86/86 frames) -- possible dropped samples
I (7317) kx134: epoch: n=2048 mean_g x=0.973 y=0.061 z=-0.234 max_fifo=86/86
W (7577) kx134: FIFO seen at max capacity (86/86 frames) -- possible dropped samples
I (7577) kx134: epoch: n=2048 mean_g x=0.970 y=0.064 z=-0.236 max_fifo=86/86
W (7847) kx134: FIFO seen at max capacity (86/86 frames) -- possible dropped samples
I (7847) kx134: epoch: n=2048 mean_g x=0.971 y=0.065 z=-0.235 max_fifo=86/86
W (8107) kx134: FIFO seen at max capacity (86/86 frames) -- possible dropped samples
I (8107) kx134: epoch: n=2048 mean_g x=0.973 y=0.062 z=-0.235 max_fifo=86/86
W (8377) kx134: FIFO seen at max capacity (86/86 frames) -- possible dropped samples
I (8377) kx134: epoch: n=2048 mean_g x=0.972 y=0.063 z=-0.236 max_fifo=86/86
W (8637) kx134: FIFO seen at max capacity (86/86 frames) -- possible dropped samples
I (8637) kx134: epoch: n=2048 mean_g x=0.972 y=0.067 z=-0.237 max_fifo=86/86
W (8897) kx134: FIFO seen at max capacity (86/86 frames) -- possible dropped samples
I (8897) kx134: epoch: n=2048 mean_g x=0.972 y=0.064 z=-0.237 max_fifo=86/86
W (9167) kx134: FIFO seen at max capacity (86/86 frames) -- possible dropped samples
I (9167) kx134: epoch: n=2048 mean_g x=0.970 y=0.062 z=-0.235 max_fifo=86/86
W (9437) kx134: FIFO seen at max capacity (86/86 frames) -- possible dropped samples
I (9437) kx134: epoch: n=2048 mean_g x=0.971 y=0.063 z=-0.238 max_fifo=86/86
W (9697) kx134: FIFO seen at max capacity (86/86 frames) -- possible dropped samples
I (9697) kx134: epoch: n=2048 mean_g x=0.973 y=0.062 z=-0.238 max_fifo=86/86
W (9977) kx134: FIFO seen at max capacity (86/86 frames) -- possible dropped samples
I (9977) kx134: epoch: n=2048 mean_g x=0.971 y=0.065 z=-0.237 max_fifo=86/86
W (10247) kx134: FIFO seen at max capacity (86/86 frames) -- possible dropped samples
I (10247) kx134: epoch: n=2048 mean_g x=0.971 y=0.065 z=-0.236 max_fifo=86/86
W (10517) kx134: FIFO seen at max capacity (86/86 frames) -- possible dropped samples
I (10517) kx134: epoch: n=2048 mean_g x=0.969 y=0.062 z=-0.236 max_fifo=86/86
W (10787) kx134: FIFO seen at max capacity (86/86 frames) -- possible dropped samples
I (10787) kx134: epoch: n=2048 mean_g x=0.972 y=0.063 z=-0.236 max_fifo=86/86
W (11047) kx134: FIFO seen at max capacity (86/86 frames) -- possible dropped samples
I (11047) kx134: epoch: n=2048 mean_g x=0.970 y=0.061 z=-0.234 max_fifo=86/86
W (11317) kx134: FIFO seen at max capacity (86/86 frames) -- possible dropped samples
I (11317) kx134: epoch: n=2048 mean_g x=0.970 y=0.065 z=-0.236 max_fifo=86/86
W (11577) kx134: FIFO seen at max capacity (86/86 frames) -- possible dropped samples
I (11577) kx134: epoch: n=2048 mean_g x=0.970 y=0.064 z=-0.234 max_fifo=86/86
W (11847) kx134: FIFO seen at max capacity (86/86 frames) -- possible dropped samples
I (11847) kx134: epoch: n=2048 mean_g x=0.969 y=0.065 z=-0.235 max_fifo=86/86
W (12117) kx134: FIFO seen at max capacity (86/86 frames) -- possible dropped samples
I (12117) kx134: epoch: n=2048 mean_g x=0.975 y=0.057 z=-0.231 max_fifo=86/86
W (12387) kx134: FIFO seen at max capacity (86/86 frames) -- possible dropped samples
I (12387) kx134: epoch: n=2048 mean_g x=0.970 y=0.067 z=-0.238 max_fifo=86/86
W (12647) kx134: FIFO seen at max capacity (86/86 frames) -- possible dropped samples
I (12647) kx134: epoch: n=2048 mean_g x=0.970 y=0.063 z=-0.235 max_fifo=86/86
W (12927) kx134: FIFO seen at max capacity (86/86 frames) -- possible dropped samples
I (12927) kx134: epoch: n=2048 mean_g x=0.971 y=0.067 z=-0.236 max_fifo=86/86
W (13187) kx134: FIFO seen at max capacity (86/86 frames) -- possible dropped samples
I (13187) kx134: epoch: n=2048 mean_g x=0.970 y=0.063 z=-0.235 max_fifo=86/86
W (13457) kx134: FIFO seen at max capacity (86/86 frames) -- possible dropped samples
I (13457) kx134: epoch: n=2048 mean_g x=0.975 y=0.062 z=-0.235 max_fifo=86/86
W (13727) kx134: FIFO seen at max capacity (86/86 frames) -- possible dropped samples
I (13727) kx134: epoch: n=2048 mean_g x=0.975 y=0.062 z=-0.235 max_fifo=86/86
W (13987) kx134: FIFO seen at max capacity (86/86 frames) -- possible dropped samples
I (13987) kx134: epoch: n=2048 mean_g x=0.973 y=0.066 z=-0.235 max_fifo=86/86
E (14057) esp-tls: [sock=54] select() timeout
E (14057) transport_base: Failed to open a new connection: 32774
E (14057) mqtt_client: Error transport connect
W (14057) link_mqtt: disconnected
W (14257) kx134: FIFO seen at max capacity (86/86 frames) -- possible dropped samples
I (14257) kx134: epoch: n=2048 mean_g x=0.971 y=0.063 z=-0.236 max_fifo=86/86
W (14517) kx134: FIFO seen at max capacity (86/86 frames) -- possible dropped samples
I (14517) kx134: epoch: n=2048 mean_g x=0.975 y=0.062 z=-0.231 max_fifo=86/86
W (14787) kx134: FIFO seen at max capacity (86/86 frames) -- possible dropped samples
I (14787) kx134: epoch: n=2048 mean_g x=0.971 y=0.065 z=-0.236 max_fifo=86/86
W (15057) kx134: FIFO seen at max capacity (86/86 frames) -- possible dropped samples
I (15057) kx134: epoch: n=2048 mean_g x=0.970 y=0.065 z=-0.237 max_fifo=86/86
W (15327) kx134: FIFO seen at max capacity (86/86 frames) -- possible dropped samples
I (15327) kx134: epoch: n=2048 mean_g x=0.972 y=0.065 z=-0.238 max_fifo=86/86
W (15587) kx134: FIFO seen at max capacity (86/86 frames) -- possible dropped samples
I (15587) kx134: epoch: n=2048 mean_g x=0.972 y=0.063 z=-0.233 max_fifo=86/86
W (15867) kx134: FIFO seen at max capacity (86/86 frames) -- possible dropped samples
I (15867) kx134: epoch: n=2048 mean_g x=0.973 y=0.062 z=-0.234 max_fifo=86/86
W (16127) kx134: FIFO seen at max capacity (86/86 frames) -- possible dropped samples
I (16127) kx134: epoch: n=2048 mean_g x=0.974 y=0.060 z=-0.234 max_fifo=86/86
W (16397) kx134: FIFO seen at max capacity (86/86 frames) -- possible dropped samples
I (16397) kx134: epoch: n=2048 mean_g x=0.973 y=0.063 z=-0.232 max_fifo=86/86
W (16667) kx134: FIFO seen at max capacity (86/86 frames) -- possible dropped samples
I (16667) kx134: epoch: n=2048 mean_g x=0.971 y=0.066 z=-0.233 max_fifo=86/86
W (16937) kx134: FIFO seen at max capacity (86/86 frames) -- possible dropped samples
I (16937) kx134: epoch: n=2048 mean_g x=0.971 y=0.066 z=-0.233 max_fifo=86/86
W (17197) kx134: FIFO seen at max capacity (86/86 frames) -- possible dropped samples
I (17197) kx134: epoch: n=2048 mean_g x=0.971 y=0.061 z=-0.234 max_fifo=86/86
W (17457) kx134: FIFO seen at max capacity (86/86 frames) -- possible dropped samples
I (17457) kx134: epoch: n=2048 mean_g x=0.973 y=0.063 z=-0.234 max_fifo=86/86
W (17727) kx134: FIFO seen at max capacity (86/86 frames) -- possible dropped samples
I (17727) kx134: epoch: n=2048 mean_g x=0.973 y=0.063 z=-0.235 max_fifo=86/86
W (17997) kx134: FIFO seen at max capacity (86/86 frames) -- possible dropped samples
I (17997) kx134: epoch: n=2048 mean_g x=0.974 y=0.065 z=-0.234 max_fifo=86/86
W (18267) kx134: FIFO seen at max capacity (86/86 frames) -- possible dropped samples
I (18267) kx134: epoch: n=2048 mean_g x=0.972 y=0.066 z=-0.233 max_fifo=86/86
W (18527) kx134: FIFO seen at max capacity (86/86 frames) -- possible dropped samples
I (18527) kx134: epoch: n=2048 mean_g x=0.973 y=0.063 z=-0.236 max_fifo=86/86
W (18807) kx134: FIFO seen at max capacity (86/86 frames) -- possible dropped samples
I (18807) kx134: epoch: n=2048 mean_g x=0.967 y=0.065 z=-0.234 max_fifo=86/86
W (19077) kx134: FIFO seen at max capacity (86/86 frames) -- possible dropped samples
I (19077) kx134: epoch: n=2048 mean_g x=0.970 y=0.064 z=-0.233 max_fifo=86/86
W (19337) kx134: FIFO seen at max capacity (86/86 frames) -- possible dropped samples
I (19337) kx134: epoch: n=2048 mean_g x=0.972 y=0.068 z=-0.235 max_fifo=86/86
W (19607) kx134: FIFO seen at max capacity (86/86 frames) -- possible dropped samples
I (19607) kx134: epoch: n=2048 mean_g x=0.973 y=0.063 z=-0.232 max_fifo=86/86
W (19867) kx134: FIFO seen at max capacity (86/86 frames) -- possible dropped samples
I (19867) kx134: epoch: n=2048 mean_g x=0.975 y=0.058 z=-0.230 max_fifo=86/86
W (20137) kx134: FIFO seen at max capacity (86/86 frames) -- possible dropped samples
I (20137) kx134: epoch: n=2048 mean_g x=0.969 y=0.066 z=-0.237 max_fifo=86/86
W (20397) kx134: FIFO seen at max capacity (86/86 frames) -- possible dropped samples
I (20397) kx134: epoch: n=2048 mean_g x=0.970 y=0.064 z=-0.236 max_fifo=86/86
W (20667) kx134: FIFO seen at max capacity (86/86 frames) -- possible dropped samples
I (20667) kx134: epoch: n=2048 mean_g x=0.968 y=0.068 z=-0.238 max_fifo=86/86
W (20937) kx134: FIFO seen at max capacity (86/86 frames) -- possible dropped samples
I (20937) kx134: epoch: n=2048 mean_g x=0.973 y=0.064 z=-0.233 max_fifo=86/86
