--- forcing DTR inactive
--- forcing RTS inactive

Please build project in debug configuration to get more details about an exception.
See https://docs.platformio.org/page/projectconf/build_configurations.html


--- Terminal on COM15 | 115200 8-N-1
--- Available filters and text transformations: debug, default, direct, esp32_exception_decoder, hexlify, log2file, nocontrol, printable, send_on_enter, time
--- More details at https://bit.ly/pio-monitor-filters
--- Quit: Ctrl+C | Menu: Ctrl+T | Help: Ctrl+T followed by Ctrl+H
W (27318114) kx134: FIFO seen at max capacity (86/86 frames) -- possible dropped samples
I (27318114) kx134: epoch: n=2048 mean_g x=0.969 y=0.063 z=-0.239 max_fifo=86/86
W (27318394) kx134: FIFO seen at max capacity (86/86 frames) -- possible dropped samples
I (27318394) kx134: epoch: n=2048 mean_g x=0.972 y=0.063 z=-0.242 max_fifo=86/86
W (27318654) kx134: FIFO seen at max capacity (86/86 frames) -- possible dropped samples
I (27318654) kx134: epoch: n=2048 mean_g x=0.971 y=0.063 z=-0.242 max_fifo=86/86
W (27318914) kx134: FIFO seen at max capacity (86/86 frames) -- possible dropped samples
I (27318914) kx134: epoch: n=2048 mean_g x=0.973 y=0.057 z=-0.240 max_fifo=86/86
W (27319184) kx134: FIFO seen at max capacity (86/86 frames) -- possible dropped samples
I (27319184) kx134: epoch: n=2048 mean_g x=0.972 y=0.058 z=-0.236 max_fifo=86/86
W (27319444) kx134: FIFO seen at max capacity (86/86 frames) -- possible dropped samples
I (27319444) kx134: epoch: n=2048 mean_g x=0.970 y=0.061 z=-0.240 max_fifo=86/86
W (27319714) kx134: FIFO seen at max capacity (86/86 frames) -- possible dropped samples
I (27319714) kx134: epoch: n=2048 mean_g x=0.970 y=0.064 z=-0.240 max_fifo=86/86
W (27319984) kx134: FIFO seen at max capacity (86/86 frames) -- possible dropped samples
I (27319984) kx134: epoch: n=2048 mean_g x=0.973 y=0.059 z=-0.237 max_fifo=86/86
W (27320254) kx134: FIFO seen at max capacity (86/86 frames) -- possible dropped samples
I (27320254) kx134: epoch: n=2048 mean_g x=0.971 y=0.063 z=-0.238 max_fifo=86/86
W (27320514) kx134: FIFO seen at max capacity (86/86 frames) -- possible dropped samples
I (27320514) kx134: epoch: n=2048 mean_g x=0.973 y=0.060 z=-0.237 max_fifo=86/86
W (27320794) kx134: FIFO seen at max capacity (86/86 frames) -- possible dropped samples
I (27320794) kx134: epoch: n=2048 mean_g x=0.971 y=0.059 z=-0.241 max_fifo=86/86
W (27321054) kx134: FIFO seen at max capacity (86/86 frames) -- possible dropped samples
I (27321054) kx134: epoch: n=2048 mean_g x=0.972 y=0.062 z=-0.240 max_fifo=86/86
W (27321324) kx134: FIFO seen at max capacity (86/86 frames) -- possible dropped samples
I (27321324) kx134: epoch: n=2048 mean_g x=0.969 y=0.062 z=-0.240 max_fifo=86/86
W (27321594) kx134: FIFO seen at max capacity (86/86 frames) -- possible dropped samples
I (27321594) kx134: epoch: n=2048 mean_g x=0.970 y=0.061 z=-0.239 max_fifo=86/86
W (27321854) kx134: FIFO seen at max capacity (86/86 frames) -- possible dropped samples
I (27321854) kx134: epoch: n=2048 mean_g x=0.971 y=0.062 z=-0.241 max_fifo=86/86
W (27322124) kx134: FIFO seen at max capacity (86/86 frames) -- possible dropped samples
I (27322124) kx134: epoch: n=2048 mean_g x=0.971 y=0.062 z=-0.238 max_fifo=86/86
W (27322384) kx134: FIFO seen at max capacity (86/86 frames) -- possible dropped samples
I (27322384) kx134: epoch: n=2048 mean_g x=0.965 y=0.061 z=-0.239 max_fifo=86/86
W (27322654) kx134: FIFO seen at max capacity (86/86 frames) -- possible dropped samples
I (27322654) kx134: epoch: n=2048 mean_g x=0.970 y=0.060 z=-0.237 max_fifo=86/86
W (27322924) kx134: FIFO seen at max capacity (86/86 frames) -- possible dropped samples
I (27322924) kx134: epoch: n=2048 mean_g x=0.972 y=0.059 z=-0.238 max_fifo=86/86
W (27323194) kx134: FIFO seen at max capacity (86/86 frames) -- possible dropped samples
I (27323194) kx134: epoch: n=2048 mean_g x=0.973 y=0.057 z=-0.242 max_fifo=86/86
W (27323454) kx134: FIFO seen at max capacity (86/86 frames) -- possible dropped samples
I (27323454) kx134: epoch: n=2048 mean_g x=0.971 y=0.061 z=-0.239 max_fifo=86/86
W (27323734) kx134: FIFO seen at max capacity (86/86 frames) -- possible dropped samples
I (27323734) kx134: epoch: n=2048 mean_g x=0.970 y=0.059 z=-0.239 max_fifo=86/86
W (27323994) kx134: FIFO seen at max capacity (86/86 frames) -- possible dropped samples
I (27323994) kx134: epoch: n=2048 mean_g x=0.969 y=0.060 z=-0.237 max_fifo=86/86
W (27324264) kx134: FIFO seen at max capacity (86/86 frames) -- possible dropped samples
I (27324264) kx134: epoch: n=2048 mean_g x=0.969 y=0.059 z=-0.239 max_fifo=86/86
W (27324534) kx134: FIFO seen at max capacity (86/86 frames) -- possible dropped samples
I (27324534) kx134: epoch: n=2048 mean_g x=0.968 y=0.058 z=-0.238 max_fifo=86/86
W (27324804) kx134: FIFO seen at max capacity (86/86 frames) -- possible dropped samples
I (27324804) kx134: epoch: n=2048 mean_g x=0.971 y=0.060 z=-0.237 max_fifo=86/86
W (27325074) kx134: FIFO seen at max capacity (86/86 frames) -- possible dropped samples
I (27325074) kx134: epoch: n=2048 mean_g x=0.970 y=0.059 z=-0.240 max_fifo=86/86
E (27325194) esp-tls: [sock=58] select() timeout
E (27325194) transport_base: Failed to open a new connection: 32774
E (27325194) mqtt_client: Error transport connect
W (27325194) link_mqtt: disconnected
W (27325344) kx134: FIFO seen at max capacity (86/86 frames) -- possible dropped samples
I (27325344) kx134: epoch: n=2048 mean_g x=0.972 y=0.064 z=-0.237 max_fifo=86/86
W (27325614) kx134: FIFO seen at max capacity (86/86 frames) -- possible dropped samples
I (27325614) kx134: epoch: n=2048 mean_g x=0.973 y=0.062 z=-0.242 max_fifo=86/86
W (27325884) kx134: FIFO seen at max capacity (86/86 frames) -- possible dropped samples
I (27325884) kx134: epoch: n=2048 mean_g x=0.969 y=0.061 z=-0.237 max_fifo=86/86
W (27326154) kx134: FIFO seen at max capacity (86/86 frames) -- possible dropped samples
I (27326154) kx134: epoch: n=2048 mean_g x=0.971 y=0.056 z=-0.238 max_fifo=86/86
W (27326424) kx134: FIFO seen at max capacity (86/86 frames) -- possible dropped samples
I (27326424) kx134: epoch: n=2048 mean_g x=0.973 y=0.060 z=-0.242 max_fifo=86/86
W (27326684) kx134: FIFO seen at max capacity (86/86 frames) -- possible dropped samples
I (27326684) kx134: epoch: n=2048 mean_g x=0.972 y=0.058 z=-0.241 max_fifo=86/86
W (27326954) kx134: FIFO seen at max capacity (86/86 frames) -- possible dropped samples
I (27326954) kx134: epoch: n=2048 mean_g x=0.972 y=0.061 z=-0.241 max_fifo=86/86
W (27327214) kx134: FIFO seen at max capacity (86/86 frames) -- possible dropped samples
I (27327214) kx134: epoch: n=2048 mean_g x=0.971 y=0.060 z=-0.235 max_fifo=86/86
W (27327484) kx134: FIFO seen at max capacity (86/86 frames) -- possible dropped samples
I (27327484) kx134: epoch: n=2048 mean_g x=0.970 y=0.060 z=-0.238 max_fifo=86/86
W (27327754) kx134: FIFO seen at max capacity (86/86 frames) -- possible dropped samples
I (27327754) kx134: epoch: n=2048 mean_g x=0.971 y=0.059 z=-0.241 max_fifo=86/86
W (27328024) kx134: FIFO seen at max capacity (86/86 frames) -- possible dropped samples
I (27328024) kx134: epoch: n=2048 mean_g x=0.967 y=0.062 z=-0.240 max_fifo=86/86
W (27328284) kx134: FIFO seen at max capacity (86/86 frames) -- possible dropped samples
I (27328284) kx134: epoch: n=2048 mean_g x=0.970 y=0.064 z=-0.239 max_fifo=86/86
W (27328564) kx134: FIFO seen at max capacity (86/86 frames) -- possible dropped samples
I (27328564) kx134: epoch: n=2048 mean_g x=0.974 y=0.060 z=-0.237 max_fifo=86/86
W (27328824) kx134: FIFO seen at max capacity (86/86 frames) -- possible dropped samples
I (27328824) kx134: epoch: n=2048 mean_g x=0.975 y=0.060 z=-0.239 max_fifo=86/86
W (27329094) kx134: FIFO seen at max capacity (86/86 frames) -- possible dropped samples
I (27329094) kx134: epoch: n=2048 mean_g x=0.971 y=0.061 z=-0.242 max_fifo=86/86
W (27329364) kx134: FIFO seen at max capacity (86/86 frames) -- possible dropped samples
I (27329364) kx134: epoch: n=2048 mean_g x=0.969 y=0.063 z=-0.239 max_fifo=86/86
W (27329624) kx134: FIFO seen at max capacity (86/86 frames) -- possible dropped samples
I (27329624) kx134: epoch: n=2048 mean_g x=0.973 y=0.061 z=-0.242 max_fifo=86/86
W (27329894) kx134: FIFO seen at max capacity (86/86 frames) -- possible dropped samples
I (27329894) kx134: epoch: n=2048 mean_g x=0.973 y=0.061 z=-0.237 max_fifo=86/86
W (27330154) kx134: FIFO seen at max capacity (86/86 frames) -- possible dropped samples
I (27330154) kx134: epoch: n=2048 mean_g x=0.968 y=0.065 z=-0.239 max_fifo=86/86
W (27330424) kx134: FIFO seen at max capacity (86/86 frames) -- possible dropped samples
I (27330424) kx134: epoch: n=2048 mean_g x=0.970 y=0.058 z=-0.240 max_fifo=86/86
W (27330694) kx134: FIFO seen at max capacity (86/86 frames) -- possible dropped samples
I (27330694) kx134: epoch: n=2048 mean_g x=0.973 y=0.059 z=-0.238 max_fifo=86/86
W (27330964) kx134: FIFO seen at max capacity (86/86 frames) -- possible dropped samples
I (27330964) kx134: epoch: n=2048 mean_g x=0.967 y=0.063 z=-0.238 max_fifo=86/86
W (27331224) kx134: FIFO seen at max capacity (86/86 frames) -- possible dropped samples
I (27331224) kx134: epoch: n=2048 mean_g x=0.970 y=0.063 z=-0.242 max_fifo=86/86
W (27331504) kx134: FIFO seen at max capacity (86/86 frames) -- possible dropped samples
I (27331504) kx134: epoch: n=2048 mean_g x=0.974 y=0.060 z=-0.238 max_fifo=86/86
W (27331764) kx134: FIFO seen at max capacity (86/86 frames) -- possible dropped samples
I (27331764) kx134: epoch: n=2048 mean_g x=0.972 y=0.058 z=-0.239 max_fifo=86/86
W (27332034) kx134: FIFO seen at max capacity (86/86 frames) -- possible dropped samples
I (27332044) kx134: epoch: n=2048 mean_g x=0.971 y=0.059 z=-0.242 max_fifo=86/86
W (27332304) kx134: FIFO seen at max capacity (86/86 frames) -- possible dropped samples
I (27332304) kx134: epoch: n=2048 mean_g x=0.972 y=0.060 z=-0.240 max_fifo=86/86
W (27332564) kx134: FIFO seen at max capacity (86/86 frames) -- possible dropped samples
I (27332564) kx134: epoch: n=2048 mean_g x=0.968 y=0.064 z=-0.240 max_fifo=86/86
W (27332834) kx134: FIFO seen at max capacity (86/86 frames) -- possible dropped samples
I (27332834) kx134: epoch: n=2048 mean_g x=0.972 y=0.059 z=-0.238 max_fifo=86/86
W (27333094) kx134: FIFO seen at max capacity (86/86 frames) -- possible dropped samples
I (27333094) kx134: epoch: n=2048 mean_g x=0.973 y=0.058 z=-0.237 max_fifo=86/86
W (27333364) kx134: FIFO seen at max capacity (86/86 frames) -- possible dropped samples
I (27333364) kx134: epoch: n=2048 mean_g x=0.971 y=0.058 z=-0.239 max_fifo=86/86
W (27333634) kx134: FIFO seen at max capacity (86/86 frames) -- possible dropped samples
I (27333634) kx134: epoch: n=2048 mean_g x=0.973 y=0.062 z=-0.240 max_fifo=86/86
W (27333904) kx134: FIFO seen at max capacity (86/86 frames) -- possible dropped samples
I (27333904) kx134: epoch: n=2048 mean_g x=0.974 y=0.060 z=-0.240 max_fifo=86/86
W (27334164) kx134: FIFO seen at max capacity (86/86 frames) -- possible dropped samples
I (27334164) kx134: epoch: n=2048 mean_g x=0.974 y=0.058 z=-0.242 max_fifo=86/86
W (27334444) kx134: FIFO seen at max capacity (86/86 frames) -- possible dropped samples
I (27334444) kx134: epoch: n=2048 mean_g x=0.973 y=0.059 z=-0.237 max_fifo=86/86
W (27334704) kx134: FIFO seen at max capacity (86/86 frames) -- possible dropped samples
I (27334704) kx134: epoch: n=2048 mean_g x=0.972 y=0.059 z=-0.242 max_fifo=86/86
W (27334974) kx134: FIFO seen at max capacity (86/86 frames) -- possible dropped samples
I (27334974) kx134: epoch: n=2048 mean_g x=0.970 y=0.062 z=-0.241 max_fifo=86/86
W (27335244) kx134: FIFO seen at max capacity (86/86 frames) -- possible dropped samples
I (27335244) kx134: epoch: n=2048 mean_g x=0.972 y=0.061 z=-0.239 max_fifo=86/86
W (27335514) kx134: FIFO seen at max capacity (86/86 frames) -- possible dropped samples
I (27335514) kx134: epoch: n=2048 mean_g x=0.971 y=0.059 z=-0.238 max_fifo=86/86
W (27335774) kx134: FIFO seen at max capacity (86/86 frames) -- possible dropped samples
I (27335774) kx134: epoch: n=2048 mean_g x=0.974 y=0.062 z=-0.240 max_fifo=86/86
W (27336034) kx134: FIFO seen at max capacity (86/86 frames) -- possible dropped samples
I (27336034) kx134: epoch: n=2048 mean_g x=0.968 y=0.061 z=-0.241 max_fifo=86/86
W (27336304) kx134: FIFO seen at max capacity (86/86 frames) -- possible dropped samples
I (27336304) kx134: epoch: n=2048 mean_g x=0.971 y=0.062 z=-0.240 max_fifo=86/86
W (27336574) kx134: FIFO seen at max capacity (86/86 frames) -- possible dropped samples
I (27336574) kx134: epoch: n=2048 mean_g x=0.972 y=0.058 z=-0.238 max_fifo=86/86
W (27336844) kx134: FIFO seen at max capacity (86/86 frames) -- possible dropped samples
I (27336844) kx134: epoch: n=2048 mean_g x=0.971 y=0.061 z=-0.240 max_fifo=86/86
W (27337104) kx134: FIFO seen at max capacity (86/86 frames) -- possible dropped samples
I (27337104) kx134: epoch: n=2048 mean_g x=0.972 y=0.061 z=-0.241 max_fifo=86/86
W (27337384) kx134: FIFO seen at max capacity (86/86 frames) -- possible dropped samples
I (27337384) kx134: epoch: n=2048 mean_g x=0.974 y=0.060 z=-0.241 max_fifo=86/86
W (27337654) kx134: FIFO seen at max capacity (86/86 frames) -- possible dropped samples
I (27337654) kx134: epoch: n=2048 mean_g x=0.969 y=0.062 z=-0.238 max_fifo=86/86
W (27337914) kx134: FIFO seen at max capacity (86/86 frames) -- possible dropped samples
I (27337914) kx134: epoch: n=2048 mean_g x=0.969 y=0.060 z=-0.239 max_fifo=86/86
W (27338184) kx134: FIFO seen at max capacity (86/86 frames) -- possible dropped samples
I (27338184) kx134: epoch: n=2048 mean_g x=0.970 y=0.058 z=-0.241 max_fifo=86/86
E (27338204) esp-tls: [sock=58] select() timeout
E (27338204) transport_base: Failed to open a new connection: 32774
E (27338204) mqtt_client: Error transport connect
W (27338204) link_mqtt: disconnected
W (27338454) kx134: FIFO seen at max capacity (86/86 frames) -- possible dropped samples
I (27338454) kx134: epoch: n=2048 mean_g x=0.971 y=0.055 z=-0.237 max_fifo=86/86
W (27338724) kx134: FIFO seen at max capacity (86/86 frames) -- possible dropped samples
I (27338724) kx134: epoch: n=2048 mean_g x=0.970 y=0.060 z=-0.239 max_fifo=86/86
W (27338984) kx134: FIFO seen at max capacity (86/86 frames) -- possible dropped samples
I (27338984) kx134: epoch: n=2048 mean_g x=0.973 y=0.061 z=-0.239 max_fifo=86/86
W (27339264) kx134: FIFO seen at max capacity (86/86 frames) -- possible dropped samples
I (27339264) kx134: epoch: n=2048 mean_g x=0.970 y=0.063 z=-0.239 max_fifo=86/86
W (27339534) kx134: FIFO seen at max capacity (86/86 frames) -- possible dropped samples
I (27339534) kx134: epoch: n=2048 mean_g x=0.971 y=0.059 z=-0.239 max_fifo=86/86
W (27339804) kx134: FIFO seen at max capacity (86/86 frames) -- possible dropped samples
I (27339804) kx134: epoch: n=2048 mean_g x=0.971 y=0.063 z=-0.239 max_fifo=86/86
W (27340074) kx134: FIFO seen at max capacity (86/86 frames) -- possible dropped samples
I (27340074) kx134: epoch: n=2048 mean_g x=0.970 y=0.064 z=-0.238 max_fifo=86/86
W (27340334) kx134: FIFO seen at max capacity (86/86 frames) -- possible dropped samples
I (27340334) kx134: epoch: n=2048 mean_g x=0.973 y=0.063 z=-0.242 max_fifo=86/86
W (27340604) kx134: FIFO seen at max capacity (86/86 frames) -- possible dropped samples
I (27340604) kx134: epoch: n=2048 mean_g x=0.968 y=0.061 z=-0.238 max_fifo=86/86
W (27340864) kx134: FIFO seen at max capacity (86/86 frames) -- possible dropped samples
I (27340864) kx134: epoch: n=2048 mean_g x=0.971 y=0.060 z=-0.241 max_fifo=86/86
W (27341134) kx134: FIFO seen at max capacity (86/86 frames) -- possible dropped samples
I (27341134) kx134: epoch: n=2048 mean_g x=0.972 y=0.059 z=-0.241 max_fifo=86/86
W (27341404) kx134: FIFO seen at max capacity (86/86 frames) -- possible dropped samples
I (27341404) kx134: epoch: n=2048 mean_g x=0.970 y=0.061 z=-0.237 max_fifo=86/86
W (27341674) kx134: FIFO seen at max capacity (86/86 frames) -- possible dropped samples
I (27341674) kx134: epoch: n=2048 mean_g x=0.968 y=0.061 z=-0.241 max_fifo=86/86
W (27341934) kx134: FIFO seen at max capacity (86/86 frames) -- possible dropped samples
I (27341934) kx134: epoch: n=2048 mean_g x=0.970 y=0.058 z=-0.238 max_fifo=86/86
W (27342214) kx134: FIFO seen at max capacity (86/86 frames) -- possible dropped samples
I (27342214) kx134: epoch: n=2048 mean_g x=0.969 y=0.060 z=-0.243 max_fifo=86/86
W (27342484) kx134: FIFO seen at max capacity (86/86 frames) -- possible dropped samples
I (27342484) kx134: epoch: n=2048 mean_g x=0.972 y=0.064 z=-0.239 max_fifo=86/86
W (27342744) kx134: FIFO seen at max capacity (86/86 frames) -- possible dropped samples
I (27342744) kx134: epoch: n=2048 mean_g x=0.973 y=0.061 z=-0.238 max_fifo=86/86
W (27343014) kx134: FIFO seen at max capacity (86/86 frames) -- possible dropped samples
I (27343014) kx134: epoch: n=2048 mean_g x=0.972 y=0.059 z=-0.238 max_fifo=86/86
W (27343274) kx134: FIFO seen at max capacity (86/86 frames) -- possible dropped samples
I (27343274) kx134: epoch: n=2048 mean_g x=0.971 y=0.060 z=-0.242 max_fifo=86/86
W (27343544) kx134: FIFO seen at max capacity (86/86 frames) -- possible dropped samples
I (27343544) kx134: epoch: n=2048 mean_g x=0.972 y=0.059 z=-0.242 max_fifo=86/86
W (27343804) kx134: FIFO seen at max capacity (86/86 frames) -- possible dropped samples
I (27343804) kx134: epoch: n=2048 mean_g x=0.969 y=0.058 z=-0.238 max_fifo=86/86
W (27344074) kx134: FIFO seen at max capacity (86/86 frames) -- possible dropped samples
I (27344074) kx134: epoch: n=2048 mean_g x=0.971 y=0.060 z=-0.238 max_fifo=86/86
W (27344344) kx134: FIFO seen at max capacity (86/86 frames) -- possible dropped samples
I (27344344) kx134: epoch: n=2048 mean_g x=0.968 y=0.061 z=-0.239 max_fifo=86/86
W (27344614) kx134: FIFO seen at max capacity (86/86 frames) -- possible dropped samples
I (27344614) kx134: epoch: n=2048 mean_g x=0.973 y=0.059 z=-0.243 max_fifo=86/86
W (27344874) kx134: FIFO seen at max capacity (86/86 frames) -- possible dropped samples
I (27344874) kx134: epoch: n=2048 mean_g x=0.969 y=0.062 z=-0.237 max_fifo=86/86
W (27345154) kx134: FIFO seen at max capacity (86/86 frames) -- possible dropped samples
I (27345154) kx134: epoch: n=2048 mean_g x=0.975 y=0.062 z=-0.237 max_fifo=86/86
W (27345424) kx134: FIFO seen at max capacity (86/86 frames) -- possible dropped samples
I (27345424) kx134: epoch: n=2048 mean_g x=0.970 y=0.062 z=-0.235 max_fifo=86/86
W (27345684) kx134: FIFO seen at max capacity (86/86 frames) -- possible dropped samples
I (27345684) kx134: epoch: n=2048 mean_g x=0.971 y=0.065 z=-0.237 max_fifo=86/86
W (27345954) kx134: FIFO seen at max capacity (86/86 frames) -- possible dropped samples
I (27345954) kx134: epoch: n=2048 mean_g x=0.971 y=0.063 z=-0.234 max_fifo=86/86
W (27346224) kx134: FIFO seen at max capacity (86/86 frames) -- possible dropped samples
I (27346224) kx134: epoch: n=2048 mean_g x=0.970 y=0.061 z=-0.237 max_fifo=86/86
W (27346494) kx134: FIFO seen at max capacity (86/86 frames) -- possible dropped samples
I (27346494) kx134: epoch: n=2048 mean_g x=0.977 y=0.064 z=-0.239 max_fifo=86/86
W (27346744) kx134: FIFO seen at max capacity (86/86 frames) -- possible dropped samples
I (27346744) kx134: epoch: n=2048 mean_g x=0.974 y=0.064 z=-0.235 max_fifo=86/86
W (27347014) kx134: FIFO seen at max capacity (86/86 frames) -- possible dropped samples
I (27347014) kx134: epoch: n=2048 mean_g x=0.972 y=0.063 z=-0.236 max_fifo=86/86
W (27347284) kx134: FIFO seen at max capacity (86/86 frames) -- possible dropped samples
I (27347284) kx134: epoch: n=2048 mean_g x=0.970 y=0.063 z=-0.238 max_fifo=86/86
W (27347554) kx134: FIFO seen at max capacity (86/86 frames) -- possible dropped samples
I (27347554) kx134: epoch: n=2048 mean_g x=0.972 y=0.060 z=-0.236 max_fifo=86/86
I (27347674) DIAG: Stack HWM (bytes free): mic=7204 dsp=4120 rgb=1920 imu=1580 diag=684
I (27347674) DIAG: CPU runtime:
rgb_led        	44552569		2%
diag           	104358010		6%
IDLE1          	1055540595		66%
IDLE0          	3702724864		234%
tiT            	213701928		13%
net            	1632744582		103%
wifi_prov      	566957		<1%
imu_task       	4070152351		258%
dsp_task       	355313955		22%
mqtt_task      	26218799		1%
mic_task       	228147714		14%
main           	157574		<1%
httpd          	589		<1%
ipc1           	50730		<1%
ipc0           	37885		<1%
Tmr Svc        	17		<1%
esp_timer      	13757254		<1%
wifi           	294181339		18%
dns_captive    	54		<1%
sys_evt        	1037592		<1%

I (27347724) DIAG: Heap free: internal=3144 largest_free=1280 PSRAM=8209812 IRAM=0
I (27347734) DIAG: wifi: connects=3 disconnects=447 retry_cnt=0
I (27347734) DIAG: mqtt: connects=12 disconnects=735 publishes=86767 publish_failures=12 cmds_received=0
I (27347744) DIAG: wifi_prov: state=2 provisioning_entries=1 recovery_entries=1 recovery_successes=0
I (27347754) DIAG: mic: blocks_ok=427279 capture_failures=0 rb_drops=0
W (27347764) DIAG: mic i2s: overflow_count=14 (cumulative) read_errors=0 short_reads=0 — check CPU load
I (27347774) DIAG: dsp: fft_count=427279 frames_emitted=106819 rb_timeouts=0 last_fft_us=605
I (27347774) DIAG: imu: epochs=101578 read_errors=0 reinit_attempts=0 reinit_successes=0
I (27347784) DIAG: accel: reads_ok=304734 read_errors=0 fifo_max_hits=101578
I (27347794) DIAG: net: frames_built=129615 build_failures=0 publish_failures=12 cmd_malformed=0 disconnect_reverts=12
I (27347804) DIAG: led: state_changes=465 remote_updates=0 hw_errors=0
W (27347814) kx134: FIFO seen at max capacity (86/86 frames) -- possible dropped samples
I (27347814) kx134: epoch: n=2048 mean_g x=0.973 y=0.059 z=-0.239 max_fifo=86/86
W (27348094) kx134: FIFO seen at max capacity (86/86 frames) -- possible dropped samples
I (27348094) kx134: epoch: n=2048 mean_g x=0.973 y=0.063 z=-0.238 max_fifo=86/86
W (27348364) kx134: FIFO seen at max capacity (86/86 frames) -- possible dropped samples
I (27348364) kx134: epoch: n=2048 mean_g x=0.972 y=0.062 z=-0.238 max_fifo=86/86
W (27348624) kx134: FIFO seen at max capacity (86/86 frames) -- possible dropped samples
I (27348624) kx134: epoch: n=2048 mean_g x=0.971 y=0.067 z=-0.240 max_fifo=86/86
W (27348894) kx134: FIFO seen at max capacity (86/86 frames) -- possible dropped samples
I (27348894) kx134: epoch: n=2048 mean_g x=0.973 y=0.063 z=-0.236 max_fifo=86/86
W (27349154) kx134: FIFO seen at max capacity (86/86 frames) -- possible dropped samples
I (27349154) kx134: epoch: n=2048 mean_g x=0.969 y=0.064 z=-0.233 max_fifo=86/86
W (27349424) kx134: FIFO seen at max capacity (86/86 frames) -- possible dropped samples
I (27349424) kx134: epoch: n=2048 mean_g x=0.971 y=0.063 z=-0.236 max_fifo=86/86
W (27349684) kx134: FIFO seen at max capacity (86/86 frames) -- possible dropped samples
I (27349684) kx134: epoch: n=2048 mean_g x=0.971 y=0.060 z=-0.238 max_fifo=86/86
W (27349954) kx134: FIFO seen at max capacity (86/86 frames) -- possible dropped samples
I (27349954) kx134: epoch: n=2048 mean_g x=0.967 y=0.066 z=-0.236 max_fifo=86/86
W (27350224) kx134: FIFO seen at max capacity (86/86 frames) -- possible dropped samples
I (27350224) kx134: epoch: n=2048 mean_g x=0.970 y=0.061 z=-0.234 max_fifo=86/86
W (27350494) kx134: FIFO seen at max capacity (86/86 frames) -- possible dropped samples
I (27350494) kx134: epoch: n=2048 mean_g x=0.974 y=0.063 z=-0.237 max_fifo=86/86
W (27350754) kx134: FIFO seen at max capacity (86/86 frames) -- possible dropped samples
I (27350754) kx134: epoch: n=2048 mean_g x=0.971 y=0.063 z=-0.236 max_fifo=86/86
W (27351034) kx134: FIFO seen at max capacity (86/86 frames) -- possible dropped samples
I (27351034) kx134: epoch: n=2048 mean_g x=0.972 y=0.060 z=-0.237 max_fifo=86/86
E (27351214) esp-tls: [sock=58] select() timeout
E (27351214) transport_base: Failed to open a new connection: 32774
E (27351214) mqtt_client: Error transport connect
W (27351214) link_mqtt: disconnected
W (27351304) kx134: FIFO seen at max capacity (86/86 frames) -- possible dropped samples
I (27351304) kx134: epoch: n=2048 mean_g x=0.972 y=0.062 z=-0.235 max_fifo=86/86
W (27351564) kx134: FIFO seen at max capacity (86/86 frames) -- possible dropped samples
I (27351564) kx134: epoch: n=2048 mean_g x=0.972 y=0.060 z=-0.235 max_fifo=86/86
W (27351834) kx134: FIFO seen at max capacity (86/86 frames) -- possible dropped samples
I (27351834) kx134: epoch: n=2048 mean_g x=0.973 y=0.063 z=-0.236 max_fifo=86/86
W (27352094) kx134: FIFO seen at max capacity (86/86 frames) -- possible dropped samples
I (27352094) kx134: epoch: n=2048 mean_g x=0.973 y=0.062 z=-0.238 max_fifo=86/86
W (27352364) kx134: FIFO seen at max capacity (86/86 frames) -- possible dropped samples
I (27352364) kx134: epoch: n=2048 mean_g x=0.974 y=0.061 z=-0.236 max_fifo=86/86
W (27352624) kx134: FIFO seen at max capacity (86/86 frames) -- possible dropped samples
I (27352624) kx134: epoch: n=2048 mean_g x=0.973 y=0.060 z=-0.238 max_fifo=86/86
W (27352894) kx134: FIFO seen at max capacity (86/86 frames) -- possible dropped samples
I (27352894) kx134: epoch: n=2048 mean_g x=0.972 y=0.064 z=-0.235 max_fifo=86/86
W (27353164) kx134: FIFO seen at max capacity (86/86 frames) -- possible dropped samples
I (27353164) kx134: epoch: n=2048 mean_g x=0.972 y=0.063 z=-0.237 max_fifo=86/86
W (27353434) kx134: FIFO seen at max capacity (86/86 frames) -- possible dropped samples
I (27353434) kx134: epoch: n=2048 mean_g x=0.972 y=0.063 z=-0.238 max_fifo=86/86
W (27353694) kx134: FIFO seen at max capacity (86/86 frames) -- possible dropped samples
I (27353694) kx134: epoch: n=2048 mean_g x=0.972 y=0.064 z=-0.236 max_fifo=86/86
W (27353974) kx134: FIFO seen at max capacity (86/86 frames) -- possible dropped samples
I (27353974) kx134: epoch: n=2048 mean_g x=0.972 y=0.061 z=-0.240 max_fifo=86/86
W (27354234) kx134: FIFO seen at max capacity (86/86 frames) -- possible dropped samples
I (27354244) kx134: epoch: n=2048 mean_g x=0.970 y=0.063 z=-0.236 max_fifo=86/86
W (27354504) kx134: FIFO seen at max capacity (86/86 frames) -- possible dropped samples
I (27354504) kx134: epoch: n=2048 mean_g x=0.971 y=0.064 z=-0.236 max_fifo=86/86
W (27354774) kx134: FIFO seen at max capacity (86/86 frames) -- possible dropped samples
I (27354774) kx134: epoch: n=2048 mean_g x=0.973 y=0.063 z=-0.235 max_fifo=86/86
W (27355034) kx134: FIFO seen at max capacity (86/86 frames) -- possible dropped samples
I (27355034) kx134: epoch: n=2048 mean_g x=0.973 y=0.062 z=-0.234 max_fifo=86/86
W (27355304) kx134: FIFO seen at max capacity (86/86 frames) -- possible dropped samples
I (27355304) kx134: epoch: n=2048 mean_g x=0.974 y=0.063 z=-0.235 max_fifo=86/86
W (27355564) kx134: FIFO seen at max capacity (86/86 frames) -- possible dropped samples
I (27355564) kx134: epoch: n=2048 mean_g x=0.972 y=0.064 z=-0.239 max_fifo=86/86
W (27355834) kx134: FIFO seen at max capacity (86/86 frames) -- possible dropped samples
I (27355834) kx134: epoch: n=2048 mean_g x=0.974 y=0.066 z=-0.235 max_fifo=86/86
W (27356104) kx134: FIFO seen at max capacity (86/86 frames) -- possible dropped samples
I (27356104) kx134: epoch: n=2048 mean_g x=0.969 y=0.063 z=-0.233 max_fifo=86/86
W (27356374) kx134: FIFO seen at max capacity (86/86 frames) -- possible dropped samples
I (27356374) kx134: epoch: n=2048 mean_g x=0.970 y=0.059 z=-0.237 max_fifo=86/86
W (27356634) kx134: FIFO seen at max capacity (86/86 frames) -- possible dropped samples
I (27356634) kx134: epoch: n=2048 mean_g x=0.974 y=0.062 z=-0.235 max_fifo=86/86
W (27356914) kx134: FIFO seen at max capacity (86/86 frames) -- possible dropped samples
I (27356914) kx134: epoch: n=2048 mean_g x=0.970 y=0.064 z=-0.238 max_fifo=86/86
W (27357174) kx134: FIFO seen at max capacity (86/86 frames) -- possible dropped samples
I (27357174) kx134: epoch: n=2048 mean_g x=0.970 y=0.061 z=-0.235 max_fifo=86/86
W (27357444) kx134: FIFO seen at max capacity (86/86 frames) -- possible dropped samples
I (27357444) kx134: epoch: n=2048 mean_g x=0.969 y=0.064 z=-0.233 max_fifo=86/86
W (27357714) kx134: FIFO seen at max capacity (86/86 frames) -- possible dropped samples
I (27357714) kx134: epoch: n=2048 mean_g x=0.972 y=0.060 z=-0.234 max_fifo=86/86
W (27357984) kx134: FIFO seen at max capacity (86/86 frames) -- possible dropped samples
I (27357984) kx134: epoch: n=2048 mean_g x=0.972 y=0.065 z=-0.236 max_fifo=86/86
W (27358244) kx134: FIFO seen at max capacity (86/86 frames) -- possible dropped samples
I (27358244) kx134: epoch: n=2048 mean_g x=0.969 y=0.061 z=-0.233 max_fifo=86/86
W (27358504) kx134: FIFO seen at max capacity (86/86 frames) -- possible dropped samples
I (27358504) kx134: epoch: n=2048 mean_g x=0.977 y=0.062 z=-0.241 max_fifo=86/86
W (27358774) kx134: FIFO seen at max capacity (86/86 frames) -- possible dropped samples
I (27358774) kx134: epoch: n=2048 mean_g x=0.974 y=0.063 z=-0.238 max_fifo=86/86
W (27359044) kx134: FIFO seen at max capacity (86/86 frames) -- possible dropped samples
I (27359044) kx134: epoch: n=2048 mean_g x=0.973 y=0.062 z=-0.238 max_fifo=86/86
W (27359314) kx134: FIFO seen at max capacity (86/86 frames) -- possible dropped samples
I (27359314) kx134: epoch: n=2048 mean_g x=0.970 y=0.065 z=-0.238 max_fifo=86/86
W (27359574) kx134: FIFO seen at max capacity (86/86 frames) -- possible dropped samples
I (27359574) kx134: epoch: n=2048 mean_g x=0.973 y=0.064 z=-0.236 max_fifo=86/86
W (27359854) kx134: FIFO seen at max capacity (86/86 frames) -- possible dropped samples
I (27359854) kx134: epoch: n=2048 mean_g x=0.973 y=0.064 z=-0.237 max_fifo=86/86
W (27360124) kx134: FIFO seen at max capacity (86/86 frames) -- possible dropped samples
I (27360124) kx134: epoch: n=2048 mean_g x=0.970 y=0.060 z=-0.235 max_fifo=86/86
W (27360384) kx134: FIFO seen at max capacity (86/86 frames) -- possible dropped samples
I (27360384) kx134: epoch: n=2048 mean_g x=0.972 y=0.061 z=-0.236 max_fifo=86/86
W (27360654) kx134: FIFO seen at max capacity (86/86 frames) -- possible dropped samples
I (27360654) kx134: epoch: n=2048 mean_g x=0.973 y=0.063 z=-0.237 max_fifo=86/86
W (27360914) kx134: FIFO seen at max capacity (86/86 frames) -- possible dropped samples
I (27360914) kx134: epoch: n=2048 mean_g x=0.974 y=0.060 z=-0.235 max_fifo=86/86
W (27361184) kx134: FIFO seen at max capacity (86/86 frames) -- possible dropped samples
I (27361184) kx134: epoch: n=2048 mean_g x=0.970 y=0.056 z=-0.234 max_fifo=86/86
W (27361444) kx134: FIFO seen at max capacity (86/86 frames) -- possible dropped samples
I (27361444) kx134: epoch: n=2048 mean_g x=0.973 y=0.061 z=-0.236 max_fifo=86/86
W (27361714) kx134: FIFO seen at max capacity (86/86 frames) -- possible dropped samples
I (27361714) kx134: epoch: n=2048 mean_g x=0.973 y=0.065 z=-0.235 max_fifo=86/86
W (27361984) kx134: FIFO seen at max capacity (86/86 frames) -- possible dropped samples
I (27361984) kx134: epoch: n=2048 mean_g x=0.973 y=0.062 z=-0.235 max_fifo=86/86
W (27362254) kx134: FIFO seen at max capacity (86/86 frames) -- possible dropped samples
I (27362254) kx134: epoch: n=2048 mean_g x=0.974 y=0.061 z=-0.233 max_fifo=86/86
W (27362514) kx134: FIFO seen at max capacity (86/86 frames) -- possible dropped samples
I (27362514) kx134: epoch: n=2048 mean_g x=0.972 y=0.062 z=-0.235 max_fifo=86/86
W (27362794) kx134: FIFO seen at max capacity (86/86 frames) -- possible dropped samples
I (27362794) kx134: epoch: n=2048 mean_g x=0.969 y=0.065 z=-0.236 max_fifo=86/86
W (27363054) kx134: FIFO seen at max capacity (86/86 frames) -- possible dropped samples
I (27363054) kx134: epoch: n=2048 mean_g x=0.972 y=0.064 z=-0.236 max_fifo=86/86
W (27363324) kx134: FIFO seen at max capacity (86/86 frames) -- possible dropped samples
I (27363324) kx134: epoch: n=2048 mean_g x=0.970 y=0.063 z=-0.236 max_fifo=86/86
W (27363594) kx134: FIFO seen at max capacity (86/86 frames) -- possible dropped samples
I (27363594) kx134: epoch: n=2048 mean_g x=0.972 y=0.065 z=-0.236 max_fifo=86/86
W (27363854) kx134: FIFO seen at max capacity (86/86 frames) -- possible dropped samples
I (27363854) kx134: epoch: n=2048 mean_g x=0.969 y=0.062 z=-0.238 max_fifo=86/86
W (27364124) kx134: FIFO seen at max capacity (86/86 frames) -- possible dropped samples
I (27364124) kx134: epoch: n=2048 mean_g x=0.973 y=0.062 z=-0.235 max_fifo=86/86
E (27364224) esp-tls: [sock=58] select() timeout
E (27364224) transport_base: Failed to open a new connection: 32774
E (27364224) mqtt_client: Error transport connect
W (27364224) link_mqtt: disconnected
W (27364384) kx134: FIFO seen at max capacity (86/86 frames) -- possible dropped samples
I (27364384) kx134: epoch: n=2048 mean_g x=0.971 y=0.064 z=-0.235 max_fifo=86/86
W (27364654) kx134: FIFO seen at max capacity (86/86 frames) -- possible dropped samples
I (27364654) kx134: epoch: n=2048 mean_g x=0.972 y=0.063 z=-0.237 max_fifo=86/86
W (27364914) kx134: FIFO seen at max capacity (86/86 frames) -- possible dropped samples
I (27364914) kx134: epoch: n=2048 mean_g x=0.970 y=0.063 z=-0.234 max_fifo=86/86
W (27365184) kx134: FIFO seen at max capacity (86/86 frames) -- possible dropped samples
I (27365184) kx134: epoch: n=2048 mean_g x=0.973 y=0.065 z=-0.236 max_fifo=86/86
W (27365444) kx134: FIFO seen at max capacity (86/86 frames) -- possible dropped samples
I (27365444) kx134: epoch: n=2048 mean_g x=0.971 y=0.064 z=-0.233 max_fifo=86/86
W (27365714) kx134: FIFO seen at max capacity (86/86 frames) -- possible dropped samples
I (27365714) kx134: epoch: n=2048 mean_g x=0.972 y=0.064 z=-0.238 max_fifo=86/86
W (27365984) kx134: FIFO seen at max capacity (86/86 frames) -- possible dropped samples
I (27365984) kx134: epoch: n=2048 mean_g x=0.970 y=0.061 z=-0.233 max_fifo=86/86
W (27366254) kx134: FIFO seen at max capacity (86/86 frames) -- possible dropped samples
I (27366254) kx134: epoch: n=2048 mean_g x=0.971 y=0.059 z=-0.237 max_fifo=86/86
W (27366514) kx134: FIFO seen at max capacity (86/86 frames) -- possible dropped samples
I (27366514) kx134: epoch: n=2048 mean_g x=0.971 y=0.061 z=-0.237 max_fifo=86/86
W (27366794) kx134: FIFO seen at max capacity (86/86 frames) -- possible dropped samples
I (27366794) kx134: epoch: n=2048 mean_g x=0.970 y=0.064 z=-0.235 max_fifo=86/86
W (27367054) kx134: FIFO seen at max capacity (86/86 frames) -- possible dropped samples
I (27367054) kx134: epoch: n=2048 mean_g x=0.973 y=0.063 z=-0.236 max_fifo=86/86
W (27367324) kx134: FIFO seen at max capacity (86/86 frames) -- possible dropped samples
I (27367324) kx134: epoch: n=2048 mean_g x=0.974 y=0.062 z=-0.234 max_fifo=86/86
W (27367594) kx134: FIFO seen at max capacity (86/86 frames) -- possible dropped samples
I (27367594) kx134: epoch: n=2048 mean_g x=0.973 y=0.065 z=-0.237 max_fifo=86/86
W (27367854) kx134: FIFO seen at max capacity (86/86 frames) -- possible dropped samples
I (27367854) kx134: epoch: n=2048 mean_g x=0.973 y=0.064 z=-0.237 max_fifo=86/86
W (27368124) kx134: FIFO seen at max capacity (86/86 frames) -- possible dropped samples
I (27368124) kx134: epoch: n=2048 mean_g x=0.972 y=0.062 z=-0.236 max_fifo=86/86
W (27368384) kx134: FIFO seen at max capacity (86/86 frames) -- possible dropped samples
I (27368384) kx134: epoch: n=2048 mean_g x=0.971 y=0.063 z=-0.234 max_fifo=86/86
W (27368654) kx134: FIFO seen at max capacity (86/86 frames) -- possible dropped samples
I (27368654) kx134: epoch: n=2048 mean_g x=0.973 y=0.059 z=-0.239 max_fifo=86/86
W (27368924) kx134: FIFO seen at max capacity (86/86 frames) -- possible dropped samples
I (27368924) kx134: epoch: n=2048 mean_g x=0.974 y=0.065 z=-0.237 max_fifo=86/86
W (27369194) kx134: FIFO seen at max capacity (86/86 frames) -- possible dropped samples
I (27369194) kx134: epoch: n=2048 mean_g x=0.971 y=0.065 z=-0.236 max_fifo=86/86
W (27369454) kx134: FIFO seen at max capacity (86/86 frames) -- possible dropped samples
I (27369454) kx134: epoch: n=2048 mean_g x=0.970 y=0.061 z=-0.236 max_fifo=86/86
W (27369734) kx134: FIFO seen at max capacity (86/86 frames) -- possible dropped samples
I (27369734) kx134: epoch: n=2048 mean_g x=0.973 y=0.061 z=-0.237 max_fifo=86/86
W (27370004) kx134: FIFO seen at max capacity (86/86 frames) -- possible dropped samples
I (27370004) kx134: epoch: n=2048 mean_g x=0.971 y=0.063 z=-0.234 max_fifo=86/86
W (27370264) kx134: FIFO seen at max capacity (86/86 frames) -- possible dropped samples
I (27370274) kx134: epoch: n=2048 mean_g x=0.972 y=0.066 z=-0.237 max_fifo=86/86
W (27370534) kx134: FIFO seen at max capacity (86/86 frames) -- possible dropped samples
I (27370534) kx134: epoch: n=2048 mean_g x=0.972 y=0.060 z=-0.233 max_fifo=86/86
W (27370804) kx134: FIFO seen at max capacity (86/86 frames) -- possible dropped samples
I (27370804) kx134: epoch: n=2048 mean_g x=0.977 y=0.062 z=-0.237 max_fifo=86/86
W (27371074) kx134: FIFO seen at max capacity (86/86 frames) -- possible dropped samples
I (27371074) kx134: epoch: n=2048 mean_g x=0.972 y=0.066 z=-0.238 max_fifo=86/86
W (27371334) kx134: FIFO seen at max capacity (86/86 frames) -- possible dropped samples
I (27371334) kx134: epoch: n=2048 mean_g x=0.973 y=0.063 z=-0.236 max_fifo=86/86
W (27371614) kx134: FIFO seen at max capacity (86/86 frames) -- possible dropped samples
I (27371614) kx134: epoch: n=2048 mean_g x=0.975 y=0.065 z=-0.237 max_fifo=86/86
W (27371884) kx134: FIFO seen at max capacity (86/86 frames) -- possible dropped samples
I (27371884) kx134: epoch: n=2048 mean_g x=0.970 y=0.064 z=-0.235 max_fifo=86/86
W (27372154) kx134: FIFO seen at max capacity (86/86 frames) -- possible dropped samples
I (27372154) kx134: epoch: n=2048 mean_g x=0.971 y=0.063 z=-0.238 max_fifo=86/86
W (27372424) kx134: FIFO seen at max capacity (86/86 frames) -- possible dropped samples
I (27372424) kx134: epoch: n=2048 mean_g x=0.972 y=0.065 z=-0.239 max_fifo=86/86
W (27372684) kx134: FIFO seen at max capacity (86/86 frames) -- possible dropped samples
I (27372684) kx134: epoch: n=2048 mean_g x=0.969 y=0.063 z=-0.237 max_fifo=86/86
W (27372954) kx134: FIFO seen at max capacity (86/86 frames) -- possible dropped samples
I (27372954) kx134: epoch: n=2048 mean_g x=0.972 y=0.061 z=-0.237 max_fifo=86/86
W (27373214) kx134: FIFO seen at max capacity (86/86 frames) -- possible dropped samples
I (27373214) kx134: epoch: n=2048 mean_g x=0.974 y=0.064 z=-0.237 max_fifo=86/86
W (27373484) kx134: FIFO seen at max capacity (86/86 frames) -- possible dropped samples
I (27373484) kx134: epoch: n=2048 mean_g x=0.973 y=0.064 z=-0.239 max_fifo=86/86
W (27373754) kx134: FIFO seen at max capacity (86/86 frames) -- possible dropped samples
I (27373754) kx134: epoch: n=2048 mean_g x=0.973 y=0.060 z=-0.237 max_fifo=86/86
W (27374024) kx134: FIFO seen at max capacity (86/86 frames) -- possible dropped samples
I (27374024) kx134: epoch: n=2048 mean_g x=0.971 y=0.061 z=-0.239 max_fifo=86/86
W (27374284) kx134: FIFO seen at max capacity (86/86 frames) -- possible dropped samples
I (27374284) kx134: epoch: n=2048 mean_g x=0.972 y=0.063 z=-0.239 max_fifo=86/86
W (27374564) kx134: FIFO seen at max capacity (86/86 frames) -- possible dropped samples
I (27374564) kx134: epoch: n=2048 mean_g x=0.973 y=0.059 z=-0.236 max_fifo=86/86
W (27374824) kx134: FIFO seen at max capacity (86/86 frames) -- possible dropped samples
I (27374824) kx134: epoch: n=2048 mean_g x=0.971 y=0.064 z=-0.237 max_fifo=86/86
W (27375094) kx134: FIFO seen at max capacity (86/86 frames) -- possible dropped samples
I (27375094) kx134: epoch: n=2048 mean_g x=0.970 y=0.061 z=-0.236 max_fifo=86/86
W (27375364) kx134: FIFO seen at max capacity (86/86 frames) -- possible dropped samples
I (27375364) kx134: epoch: n=2048 mean_g x=0.971 y=0.063 z=-0.236 max_fifo=86/86
W (27375624) kx134: FIFO seen at max capacity (86/86 frames) -- possible dropped samples
I (27375624) kx134: epoch: n=2048 mean_g x=0.972 y=0.062 z=-0.238 max_fifo=86/86
W (27375894) kx134: FIFO seen at max capacity (86/86 frames) -- possible dropped samples
I (27375894) kx134: epoch: n=2048 mean_g x=0.971 y=0.063 z=-0.237 max_fifo=86/86
W (27376154) kx134: FIFO seen at max capacity (86/86 frames) -- possible dropped samples
I (27376154) kx134: epoch: n=2048 mean_g x=0.972 y=0.064 z=-0.237 max_fifo=86/86
W (27376424) kx134: FIFO seen at max capacity (86/86 frames) -- possible dropped samples
I (27376424) kx134: epoch: n=2048 mean_g x=0.969 y=0.059 z=-0.234 max_fifo=86/86
W (27376694) kx134: FIFO seen at max capacity (86/86 frames) -- possible dropped samples
I (27376694) kx134: epoch: n=2048 mean_g x=0.971 y=0.058 z=-0.235 max_fifo=86/86
W (27376964) kx134: FIFO seen at max capacity (86/86 frames) -- possible dropped samples
I (27376964) kx134: epoch: n=2048 mean_g x=0.970 y=0.064 z=-0.233 max_fifo=86/86
W (27377224) kx134: FIFO seen at max capacity (86/86 frames) -- possible dropped samples
I (27377224) kx134: epoch: n=2048 mean_g x=0.973 y=0.062 z=-0.236 max_fifo=86/86
E (27377234) esp-tls: [sock=58] select() timeout
E (27377234) transport_base: Failed to open a new connection: 32774
E (27377244) mqtt_client: Error transport connect
W (27377244) link_mqtt: disconnected
W (27377524) kx134: FIFO seen at max capacity (86/86 frames) -- possible dropped samples
I (27377524) kx134: epoch: n=2048 mean_g x=0.973 y=0.059 z=-0.236 max_fifo=86/86
W (27377794) kx134: FIFO seen at max capacity (86/86 frames) -- possible dropped samples
I (27377794) kx134: epoch: n=2048 mean_g x=0.973 y=0.064 z=-0.238 max_fifo=86/86
I (27377824) DIAG: Stack HWM (bytes free): mic=7204 dsp=4120 rgb=1920 imu=1580 diag=684
I (27377824) DIAG: CPU runtime:
rgb_led        	44704425		2%
diag           	104484559		6%
IDLE1          	1085141805		67%
IDLE0          	3725857839		231%
net            	1634473354		101%
imu_task       	4074697117		253%
wifi_prov      	567838		<1%
tiT            	213744524		13%
mqtt_task      	26253079		1%
dsp_task       	355704144		22%
mic_task       	228400226		14%
main           	157574		<1%
ipc1           	50730		<1%
ipc0           	37885		<1%
Tmr Svc        	17		<1%
dns_captive    	54		<1%
esp_timer      	13788587		<1%
wifi           	294441285		18%
sys_evt        	1037592		<1%
httpd          	589		<1%

I (27377874) DIAG: Heap free: internal=3632 largest_free=1280 PSRAM=8209980 IRAM=0
I (27377894) DIAG: wifi: connects=3 disconnects=447 retry_cnt=0
I (27377894) DIAG: mqtt: connects=12 disconnects=738 publishes=86767 publish_failures=12 cmds_received=0
I (27377904) DIAG: wifi_prov: state=2 provisioning_entries=1 recovery_entries=1 recovery_successes=0
I (27377914) DIAG: mic: blocks_ok=427750 capture_failures=0 rb_drops=0
W (27377914) DIAG: mic i2s: overflow_count=14 (cumulative) read_errors=0 short_reads=0 — check CPU load
I (27377924) DIAG: dsp: fft_count=427750 frames_emitted=106937 rb_timeouts=0 last_fft_us=605
I (27377934) DIAG: imu: epochs=101691 read_errors=0 reinit_attempts=0 reinit_successes=0
I (27377944) DIAG: accel: reads_ok=305073 read_errors=0 fifo_max_hits=101691
I (27377944) DIAG: net: frames_built=129759 build_failures=0 publish_failures=12 cmd_malformed=0 disconnect_reverts=12
I (27377954) DIAG: led: state_changes=465 remote_updates=0 hw_errors=0
W (27378054) kx134: FIFO seen at max capacity (86/86 frames) -- possible dropped samples
I (27378054) kx134: epoch: n=2048 mean_g x=0.974 y=0.063 z=-0.235 max_fifo=86/86
W (27378324) kx134: FIFO seen at max capacity (86/86 frames) -- possible dropped samples
I (27378324) kx134: epoch: n=2048 mean_g x=0.974 y=0.063 z=-0.234 max_fifo=86/86
W (27378594) kx134: FIFO seen at max capacity (86/86 frames) -- possible dropped samples
I (27378594) kx134: epoch: n=2048 mean_g x=0.973 y=0.066 z=-0.236 max_fifo=86/86
W (27378864) kx134: FIFO seen at max capacity (86/86 frames) -- possible dropped samples
I (27378864) kx134: epoch: n=2048 mean_g x=0.971 y=0.061 z=-0.238 max_fifo=86/86
W (27379124) kx134: FIFO seen at max capacity (86/86 frames) -- possible dropped samples
I (27379124) kx134: epoch: n=2048 mean_g x=0.972 y=0.063 z=-0.234 max_fifo=86/86
W (27379404) kx134: FIFO seen at max capacity (86/86 frames) -- possible dropped samples
I (27379404) kx134: epoch: n=2048 mean_g x=0.975 y=0.063 z=-0.237 max_fifo=86/86
W (27379664) kx134: FIFO seen at max capacity (86/86 frames) -- possible dropped samples
I (27379664) kx134: epoch: n=2048 mean_g x=0.973 y=0.063 z=-0.237 max_fifo=86/86
W (27379934) kx134: FIFO seen at max capacity (86/86 frames) -- possible dropped samples
I (27379934) kx134: epoch: n=2048 mean_g x=0.971 y=0.064 z=-0.237 max_fifo=86/86
W (27380204) kx134: FIFO seen at max capacity (86/86 frames) -- possible dropped samples
I (27380204) kx134: epoch: n=2048 mean_g x=0.970 y=0.065 z=-0.238 max_fifo=86/86
W (27380474) kx134: FIFO seen at max capacity (86/86 frames) -- possible dropped samples
I (27380474) kx134: epoch: n=2048 mean_g x=0.969 y=0.064 z=-0.237 max_fifo=86/86
W (27380734) kx134: FIFO seen at max capacity (86/86 frames) -- possible dropped samples
I (27380734) kx134: epoch: n=2048 mean_g x=0.973 y=0.061 z=-0.236 max_fifo=86/86
W (27380994) kx134: FIFO seen at max capacity (86/86 frames) -- possible dropped samples
I (27380994) kx134: epoch: n=2048 mean_g x=0.972 y=0.063 z=-0.236 max_fifo=86/86
W (27381264) kx134: FIFO seen at max capacity (86/86 frames) -- possible dropped samples
I (27381264) kx134: epoch: n=2048 mean_g x=0.973 y=0.060 z=-0.237 max_fifo=86/86
W (27381534) kx134: FIFO seen at max capacity (86/86 frames) -- possible dropped samples
I (27381544) kx134: epoch: n=2048 mean_g x=0.972 y=0.063 z=-0.236 max_fifo=86/86
W (27381804) kx134: FIFO seen at max capacity (86/86 frames) -- possible dropped samples
I (27381804) kx134: epoch: n=2048 mean_g x=0.974 y=0.068 z=-0.235 max_fifo=86/86
W (27382064) kx134: FIFO seen at max capacity (86/86 frames) -- possible dropped samples
I (27382064) kx134: epoch: n=2048 mean_g x=0.973 y=0.063 z=-0.234 max_fifo=86/86
W (27382344) kx134: FIFO seen at max capacity (86/86 frames) -- possible dropped samples
I (27382344) kx134: epoch: n=2048 mean_g x=0.974 y=0.062 z=-0.237 max_fifo=86/86
W (27382614) kx134: FIFO seen at max capacity (86/86 frames) -- possible dropped samples
I (27382614) kx134: epoch: n=2048 mean_g x=0.974 y=0.062 z=-0.236 max_fifo=86/86
W (27382874) kx134: FIFO seen at max capacity (86/86 frames) -- possible dropped samples
I (27382874) kx134: epoch: n=2048 mean_g x=0.973 y=0.062 z=-0.233 max_fifo=86/86
W (27383144) kx134: FIFO seen at max capacity (86/86 frames) -- possible dropped samples
I (27383144) kx134: epoch: n=2048 mean_g x=0.973 y=0.065 z=-0.237 max_fifo=86/86
W (27383404) kx134: FIFO seen at max capacity (86/86 frames) -- possible dropped samples
I (27383404) kx134: epoch: n=2048 mean_g x=0.970 y=0.063 z=-0.233 max_fifo=86/86
W (27383674) kx134: FIFO seen at max capacity (86/86 frames) -- possible dropped samples
I (27383674) kx134: epoch: n=2048 mean_g x=0.968 y=0.061 z=-0.236 max_fifo=86/86
W (27383934) kx134: FIFO seen at max capacity (86/86 frames) -- possible dropped samples
I (27383934) kx134: epoch: n=2048 mean_g x=0.975 y=0.063 z=-0.234 max_fifo=86/86
W (27384204) kx134: FIFO seen at max capacity (86/86 frames) -- possible dropped samples
I (27384204) kx134: epoch: n=2048 mean_g x=0.971 y=0.060 z=-0.236 max_fifo=86/86
W (27384474) kx134: FIFO seen at max capacity (86/86 frames) -- possible dropped samples
I (27384474) kx134: epoch: n=2048 mean_g x=0.973 y=0.063 z=-0.234 max_fifo=86/86
W (27384744) kx134: FIFO seen at max capacity (86/86 frames) -- possible dropped samples
I (27384744) kx134: epoch: n=2048 mean_g x=0.970 y=0.063 z=-0.237 max_fifo=86/86
W (27385004) kx134: FIFO seen at max capacity (86/86 frames) -- possible dropped samples
I (27385004) kx134: epoch: n=2048 mean_g x=0.972 y=0.062 z=-0.234 max_fifo=86/86
W (27385284) kx134: FIFO seen at max capacity (86/86 frames) -- possible dropped samples
I (27385284) kx134: epoch: n=2048 mean_g x=0.971 y=0.065 z=-0.237 max_fifo=86/86
W (27385554) kx134: FIFO seen at max capacity (86/86 frames) -- possible dropped samples
I (27385554) kx134: epoch: n=2048 mean_g x=0.973 y=0.064 z=-0.235 max_fifo=86/86
W (27385814) kx134: FIFO seen at max capacity (86/86 frames) -- possible dropped samples
I (27385814) kx134: epoch: n=2048 mean_g x=0.971 y=0.065 z=-0.237 max_fifo=86/86
W (27386084) kx134: FIFO seen at max capacity (86/86 frames) -- possible dropped samples
I (27386084) kx134: epoch: n=2048 mean_g x=0.974 y=0.061 z=-0.236 max_fifo=86/86
W (27386344) kx134: FIFO seen at max capacity (86/86 frames) -- possible dropped samples
I (27386344) kx134: epoch: n=2048 mean_g x=0.967 y=0.060 z=-0.233 max_fifo=86/86
W (27386614) kx134: FIFO seen at max capacity (86/86 frames) -- possible dropped samples
I (27386614) kx134: epoch: n=2048 mean_g x=0.971 y=0.057 z=-0.238 max_fifo=86/86
W (27386874) kx134: FIFO seen at max capacity (86/86 frames) -- possible dropped samples
I (27386874) kx134: epoch: n=2048 mean_g x=0.971 y=0.062 z=-0.235 max_fifo=86/86
W (27387144) kx134: FIFO seen at max capacity (86/86 frames) -- possible dropped samples
I (27387144) kx134: epoch: n=2048 mean_g x=0.973 y=0.065 z=-0.235 max_fifo=86/86
W (27387414) kx134: FIFO seen at max capacity (86/86 frames) -- possible dropped samples
I (27387414) kx134: epoch: n=2048 mean_g x=0.971 y=0.059 z=-0.234 max_fifo=86/86
W (27387684) kx134: FIFO seen at max capacity (86/86 frames) -- possible dropped samples
I (27387684) kx134: epoch: n=2048 mean_g x=0.972 y=0.062 z=-0.234 max_fifo=86/86
W (27387944) kx134: FIFO seen at max capacity (86/86 frames) -- possible dropped samples
I (27387944) kx134: epoch: n=2048 mean_g x=0.968 y=0.066 z=-0.236 max_fifo=86/86
W (27388224) kx134: FIFO seen at max capacity (86/86 frames) -- possible dropped samples
I (27388224) kx134: epoch: n=2048 mean_g x=0.969 y=0.062 z=-0.236 max_fifo=86/86
W (27388494) kx134: FIFO seen at max capacity (86/86 frames) -- possible dropped samples
I (27388494) kx134: epoch: n=2048 mean_g x=0.970 y=0.064 z=-0.234 max_fifo=86/86
W (27388754) kx134: FIFO seen at max capacity (86/86 frames) -- possible dropped samples
I (27388754) kx134: epoch: n=2048 mean_g x=0.971 y=0.061 z=-0.236 max_fifo=86/86
W (27389024) kx134: FIFO seen at max capacity (86/86 frames) -- possible dropped samples
I (27389024) kx134: epoch: n=2048 mean_g x=0.973 y=0.061 z=-0.237 max_fifo=86/86
W (27389294) kx134: FIFO seen at max capacity (86/86 frames) -- possible dropped samples
I (27389294) kx134: epoch: n=2048 mean_g x=0.971 y=0.062 z=-0.236 max_fifo=86/86
W (27389564) kx134: FIFO seen at max capacity (86/86 frames) -- possible dropped samples
I (27389564) kx134: epoch: n=2048 mean_g x=0.972 y=0.065 z=-0.236 max_fifo=86/86
W (27389814) kx134: FIFO seen at max capacity (86/86 frames) -- possible dropped samples
I (27389814) kx134: epoch: n=2048 mean_g x=0.970 y=0.062 z=-0.235 max_fifo=86/86
W (27390084) kx134: FIFO seen at max capacity (86/86 frames) -- possible dropped samples
I (27390084) kx134: epoch: n=2048 mean_g x=0.971 y=0.062 z=-0.231 max_fifo=86/86
E (27390254) esp-tls: [sock=58] select() timeout
E (27390254) transport_base: Failed to open a new connection: 32774
E (27390254) mqtt_client: Error transport connect
W (27390254) link_mqtt: disconnected
W (27390364) kx134: FIFO seen at max capacity (86/86 frames) -- possible dropped samples
I (27390364) kx134: epoch: n=2048 mean_g x=0.969 y=0.064 z=-0.233 max_fifo=86/86
W (27390634) kx134: FIFO seen at max capacity (86/86 frames) -- possible dropped samples
I (27390634) kx134: epoch: n=2048 mean_g x=0.969 y=0.065 z=-0.235 max_fifo=86/86
W (27390894) kx134: FIFO seen at max capacity (86/86 frames) -- possible dropped samples
I (27390894) kx134: epoch: n=2048 mean_g x=0.969 y=0.064 z=-0.232 max_fifo=86/86
W (27391174) kx134: FIFO seen at max capacity (86/86 frames) -- possible dropped samples
I (27391174) kx134: epoch: n=2048 mean_g x=0.971 y=0.058 z=-0.232 max_fifo=86/86
W (27391444) kx134: FIFO seen at max capacity (86/86 frames) -- possible dropped samples
I (27391444) kx134: epoch: n=2048 mean_g x=0.970 y=0.061 z=-0.236 max_fifo=86/86
W (27391704) kx134: FIFO seen at max capacity (86/86 frames) -- possible dropped samples
I (27391704) kx134: epoch: n=2048 mean_g x=0.969 y=0.063 z=-0.234 max_fifo=86/86
W (27391974) kx134: FIFO seen at max capacity (86/86 frames) -- possible dropped samples
I (27391974) kx134: epoch: n=2048 mean_g x=0.975 y=0.063 z=-0.237 max_fifo=86/86
W (27392244) kx134: FIFO seen at max capacity (86/86 frames) -- possible dropped samples
I (27392244) kx134: epoch: n=2048 mean_g x=0.972 y=0.061 z=-0.235 max_fifo=86/86
W (27392514) kx134: FIFO seen at max capacity (86/86 frames) -- possible dropped samples
I (27392514) kx134: epoch: n=2048 mean_g x=0.972 y=0.062 z=-0.238 max_fifo=86/86
W (27392774) kx134: FIFO seen at max capacity (86/86 frames) -- possible dropped samples
I (27392774) kx134: epoch: n=2048 mean_g x=0.972 y=0.060 z=-0.234 max_fifo=86/86
W (27393054) kx134: FIFO seen at max capacity (86/86 frames) -- possible dropped samples
I (27393054) kx134: epoch: n=2048 mean_g x=0.972 y=0.065 z=-0.237 max_fifo=86/86
W (27393324) kx134: FIFO seen at max capacity (86/86 frames) -- possible dropped samples
I (27393324) kx134: epoch: n=2048 mean_g x=0.974 y=0.063 z=-0.235 max_fifo=86/86
W (27393584) kx134: FIFO seen at max capacity (86/86 frames) -- possible dropped samples
I (27393584) kx134: epoch: n=2048 mean_g x=0.968 y=0.063 z=-0.237 max_fifo=86/86
W (27393854) kx134: FIFO seen at max capacity (86/86 frames) -- possible dropped samples
I (27393854) kx134: epoch: n=2048 mean_g x=0.972 y=0.063 z=-0.238 max_fifo=86/86
W (27394114) kx134: FIFO seen at max capacity (86/86 frames) -- possible dropped samples
I (27394114) kx134: epoch: n=2048 mean_g x=0.972 y=0.062 z=-0.234 max_fifo=86/86
W (27394384) kx134: FIFO seen at max capacity (86/86 frames) -- possible dropped samples
I (27394394) kx134: epoch: n=2048 mean_g x=0.972 y=0.062 z=-0.236 max_fifo=86/86
W (27394644) kx134: FIFO seen at max capacity (86/86 frames) -- possible dropped samples
I (27394644) kx134: epoch: n=2048 mean_g x=0.971 y=0.066 z=-0.234 max_fifo=86/86
W (27394914) kx134: FIFO seen at max capacity (86/86 frames) -- possible dropped samples
I (27394914) kx134: epoch: n=2048 mean_g x=0.971 y=0.062 z=-0.233 max_fifo=86/86
W (27395184) kx134: FIFO seen at max capacity (86/86 frames) -- possible dropped samples
I (27395184) kx134: epoch: n=2048 mean_g x=0.974 y=0.064 z=-0.237 max_fifo=86/86
W (27395454) kx134: FIFO seen at max capacity (86/86 frames) -- possible dropped samples
I (27395454) kx134: epoch: n=2048 mean_g x=0.972 y=0.061 z=-0.235 max_fifo=86/86
W (27395714) kx134: FIFO seen at max capacity (86/86 frames) -- possible dropped samples
I (27395714) kx134: epoch: n=2048 mean_g x=0.972 y=0.062 z=-0.237 max_fifo=86/86
W (27395994) kx134: FIFO seen at max capacity (86/86 frames) -- possible dropped samples
I (27395994) kx134: epoch: n=2048 mean_g x=0.973 y=0.060 z=-0.237 max_fifo=86/86
W (27396254) kx134: FIFO seen at max capacity (86/86 frames) -- possible dropped samples
I (27396254) kx134: epoch: n=2048 mean_g x=0.970 y=0.063 z=-0.233 max_fifo=86/86
W (27396524) kx134: FIFO seen at max capacity (86/86 frames) -- possible dropped samples
I (27396524) kx134: epoch: n=2048 mean_g x=0.975 y=0.061 z=-0.237 max_fifo=86/86
W (27396794) kx134: FIFO seen at max capacity (86/86 frames) -- possible dropped samples
I (27396794) kx134: epoch: n=2048 mean_g x=0.974 y=0.059 z=-0.235 max_fifo=86/86
W (27397054) kx134: FIFO seen at max capacity (86/86 frames) -- possible dropped samples
I (27397054) kx134: epoch: n=2048 mean_g x=0.972 y=0.064 z=-0.237 max_fifo=86/86
W (27397324) kx134: FIFO seen at max capacity (86/86 frames) -- possible dropped samples
I (27397324) kx134: epoch: n=2048 mean_g x=0.973 y=0.064 z=-0.235 max_fifo=86/86
W (27397584) kx134: FIFO seen at max capacity (86/86 frames) -- possible dropped samples
I (27397584) kx134: epoch: n=2048 mean_g x=0.971 y=0.063 z=-0.238 max_fifo=86/86
W (27397854) kx134: FIFO seen at max capacity (86/86 frames) -- possible dropped samples
I (27397854) kx134: epoch: n=2048 mean_g x=0.972 y=0.064 z=-0.236 max_fifo=86/86
W (27398124) kx134: FIFO seen at max capacity (86/86 frames) -- possible dropped samples
I (27398124) kx134: epoch: n=2048 mean_g x=0.975 y=0.063 z=-0.237 max_fifo=86/86
W (27398394) kx134: FIFO seen at max capacity (86/86 frames) -- possible dropped samples
I (27398394) kx134: epoch: n=2048 mean_g x=0.971 y=0.063 z=-0.236 max_fifo=86/86
W (27398654) kx134: FIFO seen at max capacity (86/86 frames) -- possible dropped samples
I (27398654) kx134: epoch: n=2048 mean_g x=0.970 y=0.062 z=-0.237 max_fifo=86/86
W (27398934) kx134: FIFO seen at max capacity (86/86 frames) -- possible dropped samples
I (27398934) kx134: epoch: n=2048 mean_g x=0.971 y=0.063 z=-0.239 max_fifo=86/86
W (27399194) kx134: FIFO seen at max capacity (86/86 frames) -- possible dropped samples
I (27399194) kx134: epoch: n=2048 mean_g x=0.972 y=0.062 z=-0.236 max_fifo=86/86
W (27399464) kx134: FIFO seen at max capacity (86/86 frames) -- possible dropped samples
I (27399464) kx134: epoch: n=2048 mean_g x=0.975 y=0.060 z=-0.238 max_fifo=86/86
W (27399734) kx134: FIFO seen at max capacity (86/86 frames) -- possible dropped samples
I (27399734) kx134: epoch: n=2048 mean_g x=0.973 y=0.063 z=-0.237 max_fifo=86/86
W (27399994) kx134: FIFO seen at max capacity (86/86 frames) -- possible dropped samples
I (27399994) kx134: epoch: n=2048 mean_g x=0.974 y=0.063 z=-0.237 max_fifo=86/86
W (27400264) kx134: FIFO seen at max capacity (86/86 frames) -- possible dropped samples
I (27400264) kx134: epoch: n=2048 mean_g x=0.971 y=0.063 z=-0.233 max_fifo=86/86
W (27400524) kx134: FIFO seen at max capacity (86/86 frames) -- possible dropped samples
I (27400524) kx134: epoch: n=2048 mean_g x=0.975 y=0.065 z=-0.235 max_fifo=86/86
W (27400794) kx134: FIFO seen at max capacity (86/86 frames) -- possible dropped samples
I (27400794) kx134: epoch: n=2048 mean_g x=0.973 y=0.060 z=-0.238 max_fifo=86/86
W (27401064) kx134: FIFO seen at max capacity (86/86 frames) -- possible dropped samples
I (27401064) kx134: epoch: n=2048 mean_g x=0.972 y=0.063 z=-0.235 max_fifo=86/86
W (27401334) kx134: FIFO seen at max capacity (86/86 frames) -- possible dropped samples
I (27401334) kx134: epoch: n=2048 mean_g x=0.975 y=0.066 z=-0.239 max_fifo=86/86
W (27401594) kx134: FIFO seen at max capacity (86/86 frames) -- possible dropped samples
I (27401594) kx134: epoch: n=2048 mean_g x=0.973 y=0.061 z=-0.240 max_fifo=86/86
W (27401874) kx134: FIFO seen at max capacity (86/86 frames) -- possible dropped samples
I (27401874) kx134: epoch: n=2048 mean_g x=0.974 y=0.061 z=-0.239 max_fifo=86/86
W (27402134) kx134: FIFO seen at max capacity (86/86 frames) -- possible dropped samples
I (27402134) kx134: epoch: n=2048 mean_g x=0.969 y=0.067 z=-0.237 max_fifo=86/86
W (27402404) kx134: FIFO seen at max capacity (86/86 frames) -- possible dropped samples
I (27402404) kx134: epoch: n=2048 mean_g x=0.973 y=0.063 z=-0.238 max_fifo=86/86
W (27402674) kx134: FIFO seen at max capacity (86/86 frames) -- possible dropped samples
I (27402674) kx134: epoch: n=2048 mean_g x=0.972 y=0.058 z=-0.237 max_fifo=86/86
W (27402944) kx134: FIFO seen at max capacity (86/86 frames) -- possible dropped samples
I (27402944) kx134: epoch: n=2048 mean_g x=0.969 y=0.067 z=-0.239 max_fifo=86/86
W (27403214) kx134: FIFO seen at max capacity (86/86 frames) -- possible dropped samples
I (27403214) kx134: epoch: n=2048 mean_g x=0.973 y=0.063 z=-0.236 max_fifo=86/86
E (27403264) esp-tls: [sock=58] select() timeout
E (27403264) transport_base: Failed to open a new connection: 32774
E (27403264) mqtt_client: Error transport connect
W (27403264) link_mqtt: disconnected
W (27403474) kx134: FIFO seen at max capacity (86/86 frames) -- possible dropped samples
I (27403474) kx134: epoch: n=2048 mean_g x=0.972 y=0.063 z=-0.236 max_fifo=86/86
W (27403754) kx134: FIFO seen at max capacity (86/86 frames) -- possible dropped samples
I (27403754) kx134: epoch: n=2048 mean_g x=0.972 y=0.061 z=-0.237 max_fifo=86/86
W (27404024) kx134: FIFO seen at max capacity (86/86 frames) -- possible dropped samples
I (27404024) kx134: epoch: n=2048 mean_g x=0.971 y=0.061 z=-0.235 max_fifo=86/86
W (27404294) kx134: FIFO seen at max capacity (86/86 frames) -- possible dropped samples
I (27404294) kx134: epoch: n=2048 mean_g x=0.970 y=0.065 z=-0.237 max_fifo=86/86
W (27404564) kx134: FIFO seen at max capacity (86/86 frames) -- possible dropped samples
I (27404564) kx134: epoch: n=2048 mean_g x=0.971 y=0.065 z=-0.236 max_fifo=86/86
W (27404824) kx134: FIFO seen at max capacity (86/86 frames) -- possible dropped samples
I (27404824) kx134: epoch: n=2048 mean_g x=0.971 y=0.061 z=-0.236 max_fifo=86/86
W (27405094) kx134: FIFO seen at max capacity (86/86 frames) -- possible dropped samples
I (27405094) kx134: epoch: n=2048 mean_g x=0.972 y=0.066 z=-0.237 max_fifo=86/86
W (27405354) kx134: FIFO seen at max capacity (86/86 frames) -- possible dropped samples
I (27405354) kx134: epoch: n=2048 mean_g x=0.971 y=0.062 z=-0.237 max_fifo=86/86
W (27405624) kx134: FIFO seen at max capacity (86/86 frames) -- possible dropped samples
I (27405624) kx134: epoch: n=2048 mean_g x=0.970 y=0.069 z=-0.236 max_fifo=86/86
W (27405894) kx134: FIFO seen at max capacity (86/86 frames) -- possible dropped samples
I (27405894) kx134: epoch: n=2048 mean_g x=0.971 y=0.063 z=-0.239 max_fifo=86/86
W (27406164) kx134: FIFO seen at max capacity (86/86 frames) -- possible dropped samples
I (27406164) kx134: epoch: n=2048 mean_g x=0.970 y=0.059 z=-0.237 max_fifo=86/86
W (27406424) kx134: FIFO seen at max capacity (86/86 frames) -- possible dropped samples
I (27406424) kx134: epoch: n=2048 mean_g x=0.974 y=0.063 z=-0.237 max_fifo=86/86
W (27406704) kx134: FIFO seen at max capacity (86/86 frames) -- possible dropped samples
I (27406704) kx134: epoch: n=2048 mean_g x=0.973 y=0.064 z=-0.234 max_fifo=86/86
W (27406964) kx134: FIFO seen at max capacity (86/86 frames) -- possible dropped samples
I (27406964) kx134: epoch: n=2048 mean_g x=0.971 y=0.064 z=-0.237 max_fifo=86/86
W (27407234) kx134: FIFO seen at max capacity (86/86 frames) -- possible dropped samples
I (27407244) kx134: epoch: n=2048 mean_g x=0.975 y=0.063 z=-0.239 max_fifo=86/86
W (27407504) kx134: FIFO seen at max capacity (86/86 frames) -- possible dropped samples
I (27407504) kx134: epoch: n=2048 mean_g x=0.969 y=0.062 z=-0.235 max_fifo=86/86
W (27407764) kx134: FIFO seen at max capacity (86/86 frames) -- possible dropped samples
I (27407764) kx134: epoch: n=2048 mean_g x=0.972 y=0.063 z=-0.235 max_fifo=86/86
I (27407964) DIAG: Stack HWM (bytes free): mic=7204 dsp=4120 rgb=1920 imu=1580 diag=684
I (27407964) DIAG: CPU runtime:
diag           	104606435		6%
IDLE1          	1114745761		68%
IDLE0          	3749034510		229%
tiT            	213785344		13%
mic_task       	228651190		13%
wifi_prov      	568717		<1%
net            	1636226741		99%
imu_task       	4079205167		249%
dsp_task       	356095363		21%
mqtt_task      	26272400		1%
rgb_led        	44852870		2%
main           	157574		<1%
ipc0           	37885		<1%
Tmr Svc        	17		<1%
dns_captive    	54		<1%
sys_evt        	1037592		<1%
wifi           	294675313		18%
esp_timer      	13819897		<1%
httpd          	589		<1%
ipc1           	50730		<1%

I (27408014) DIAG: Heap free: internal=3148 largest_free=1280 PSRAM=8209812 IRAM=0
I (27408024) DIAG: wifi: connects=3 disconnects=447 retry_cnt=0
I (27408024) DIAG: mqtt: connects=12 disconnects=740 publishes=86767 publish_failures=12 cmds_received=0
W (27408034) kx134: FIFO seen at max capacity (86/86 frames) -- possible dropped samples
I (27408044) kx134: epoch: n=2048 mean_g x=0.970 y=0.065 z=-0.236 max_fifo=86/86
I (27408074) DIAG: wifi_prov: state=2 provisioning_entries=1 recovery_entries=1 recovery_successes=0
I (27408074) DIAG: mic: blocks_ok=428221 capture_failures=0 rb_drops=0
W (27408084) DIAG: mic i2s: overflow_count=14 (cumulative) read_errors=0 short_reads=0 — check CPU load
I (27408094) DIAG: dsp: fft_count=428222 frames_emitted=107055 rb_timeouts=0 last_fft_us=605
I (27408104) DIAG: imu: epochs=101804 read_errors=0 reinit_attempts=0 reinit_successes=0
I (27408104) DIAG: accel: reads_ok=305412 read_errors=0 fifo_max_hits=101804
I (27408114) DIAG: net: frames_built=129902 build_failures=0 publish_failures=12 cmd_malformed=0 disconnect_reverts=12
I (27408134) DIAG: led: state_changes=465 remote_updates=0 hw_errors=0
W (27408304) kx134: FIFO seen at max capacity (86/86 frames) -- possible dropped samples
I (27408304) kx134: epoch: n=2048 mean_g x=0.971 y=0.064 z=-0.238 max_fifo=86/86
W (27408584) kx134: FIFO seen at max capacity (86/86 frames) -- possible dropped samples
I (27408584) kx134: epoch: n=2048 mean_g x=0.973 y=0.061 z=-0.237 max_fifo=86/86
W (27408854) kx134: FIFO seen at max capacity (86/86 frames) -- possible dropped samples
I (27408854) kx134: epoch: n=2048 mean_g x=0.969 y=0.065 z=-0.234 max_fifo=86/86
W (27409124) kx134: FIFO seen at max capacity (86/86 frames) -- possible dropped samples
I (27409124) kx134: epoch: n=2048 mean_g x=0.970 y=0.064 z=-0.237 max_fifo=86/86
W (27409394) kx134: FIFO seen at max capacity (86/86 frames) -- possible dropped samples
I (27409394) kx134: epoch: n=2048 mean_g x=0.968 y=0.066 z=-0.233 max_fifo=86/86
W (27409654) kx134: FIFO seen at max capacity (86/86 frames) -- possible dropped samples
I (27409654) kx134: epoch: n=2048 mean_g x=0.972 y=0.063 z=-0.238 max_fifo=86/86
W (27409924) kx134: FIFO seen at max capacity (86/86 frames) -- possible dropped samples
I (27409924) kx134: epoch: n=2048 mean_g x=0.971 y=0.065 z=-0.238 max_fifo=86/86
W (27410184) kx134: FIFO seen at max capacity (86/86 frames) -- possible dropped samples
I (27410184) kx134: epoch: n=2048 mean_g x=0.970 y=0.063 z=-0.233 max_fifo=86/86
W (27410454) kx134: FIFO seen at max capacity (86/86 frames) -- possible dropped samples
I (27410454) kx134: epoch: n=2048 mean_g x=0.974 y=0.061 z=-0.233 max_fifo=86/86
W (27410724) kx134: FIFO seen at max capacity (86/86 frames) -- possible dropped samples
I (27410724) kx134: epoch: n=2048 mean_g x=0.969 y=0.065 z=-0.237 max_fifo=86/86
W (27410994) kx134: FIFO seen at max capacity (86/86 frames) -- possible dropped samples
I (27410994) kx134: epoch: n=2048 mean_g x=0.971 y=0.062 z=-0.238 max_fifo=86/86
W (27411254) kx134: FIFO seen at max capacity (86/86 frames) -- possible dropped samples
I (27411254) kx134: epoch: n=2048 mean_g x=0.969 y=0.065 z=-0.234 max_fifo=86/86
W (27411534) kx134: FIFO seen at max capacity (86/86 frames) -- possible dropped samples
I (27411534) kx134: epoch: n=2048 mean_g x=0.973 y=0.064 z=-0.238 max_fifo=86/86
W (27411804) kx134: FIFO seen at max capacity (86/86 frames) -- possible dropped samples
I (27411804) kx134: epoch: n=2048 mean_g x=0.971 y=0.063 z=-0.235 max_fifo=86/86
W (27412064) kx134: FIFO seen at max capacity (86/86 frames) -- possible dropped samples
I (27412064) kx134: epoch: n=2048 mean_g x=0.968 y=0.064 z=-0.237 max_fifo=86/86
W (27412334) kx134: FIFO seen at max capacity (86/86 frames) -- possible dropped samples
I (27412334) kx134: epoch: n=2048 mean_g x=0.969 y=0.063 z=-0.235 max_fifo=86/86
W (27412604) kx134: FIFO seen at max capacity (86/86 frames) -- possible dropped samples
I (27412604) kx134: epoch: n=2048 mean_g x=0.969 y=0.062 z=-0.237 max_fifo=86/86
W (27412874) kx134: FIFO seen at max capacity (86/86 frames) -- possible dropped samples
I (27412874) kx134: epoch: n=2048 mean_g x=0.969 y=0.063 z=-0.236 max_fifo=86/86
W (27413124) kx134: FIFO seen at max capacity (86/86 frames) -- possible dropped samples
I (27413124) kx134: epoch: n=2048 mean_g x=0.973 y=0.065 z=-0.238 max_fifo=86/86
W (27413394) kx134: FIFO seen at max capacity (86/86 frames) -- possible dropped samples
I (27413394) kx134: epoch: n=2048 mean_g x=0.974 y=0.061 z=-0.235 max_fifo=86/86
W (27413664) kx134: FIFO seen at max capacity (86/86 frames) -- possible dropped samples
I (27413664) kx134: epoch: n=2048 mean_g x=0.971 y=0.061 z=-0.236 max_fifo=86/86
W (27413934) kx134: FIFO seen at max capacity (86/86 frames) -- possible dropped samples
I (27413934) kx134: epoch: n=2048 mean_g x=0.972 y=0.061 z=-0.239 max_fifo=86/86
W (27414194) kx134: FIFO seen at max capacity (86/86 frames) -- possible dropped samples
I (27414194) kx134: epoch: n=2048 mean_g x=0.972 y=0.061 z=-0.236 max_fifo=86/86
W (27414474) kx134: FIFO seen at max capacity (86/86 frames) -- possible dropped samples
I (27414474) kx134: epoch: n=2048 mean_g x=0.973 y=0.062 z=-0.237 max_fifo=86/86
W (27414744) kx134: FIFO seen at max capacity (86/86 frames) -- possible dropped samples
I (27414744) kx134: epoch: n=2048 mean_g x=0.970 y=0.061 z=-0.236 max_fifo=86/86
W (27415004) kx134: FIFO seen at max capacity (86/86 frames) -- possible dropped samples
I (27415004) kx134: epoch: n=2048 mean_g x=0.972 y=0.061 z=-0.233 max_fifo=86/86
W (27415274) kx134: FIFO seen at max capacity (86/86 frames) -- possible dropped samples
I (27415274) kx134: epoch: n=2048 mean_g x=0.974 y=0.062 z=-0.236 max_fifo=86/86
W (27415534) kx134: FIFO seen at max capacity (86/86 frames) -- possible dropped samples
I (27415534) kx134: epoch: n=2048 mean_g x=0.974 y=0.063 z=-0.236 max_fifo=86/86
W (27415804) kx134: FIFO seen at max capacity (86/86 frames) -- possible dropped samples
I (27415804) kx134: epoch: n=2048 mean_g x=0.971 y=0.067 z=-0.234 max_fifo=86/86
W (27416064) kx134: FIFO seen at max capacity (86/86 frames) -- possible dropped samples
I (27416064) kx134: epoch: n=2048 mean_g x=0.971 y=0.063 z=-0.241 max_fifo=86/86
E (27416274) esp-tls: [sock=58] select() timeout
E (27416274) transport_base: Failed to open a new connection: 32774
E (27416274) mqtt_client: Error transport connect
W (27416274) link_mqtt: disconnected
W (27416344) kx134: FIFO seen at max capacity (86/86 frames) -- possible dropped samples
I (27416344) kx134: epoch: n=2048 mean_g x=0.969 y=0.064 z=-0.237 max_fifo=86/86
W (27416604) kx134: FIFO seen at max capacity (86/86 frames) -- possible dropped samples
I (27416604) kx134: epoch: n=2048 mean_g x=0.974 y=0.060 z=-0.238 max_fifo=86/86
W (27416874) kx134: FIFO seen at max capacity (86/86 frames) -- possible dropped samples
I (27416874) kx134: epoch: n=2048 mean_g x=0.973 y=0.062 z=-0.236 max_fifo=86/86
W (27417134) kx134: FIFO seen at max capacity (86/86 frames) -- possible dropped samples
I (27417134) kx134: epoch: n=2048 mean_g x=0.974 y=0.063 z=-0.236 max_fifo=86/86
W (27417414) kx134: FIFO seen at max capacity (86/86 frames) -- possible dropped samples
I (27417414) kx134: epoch: n=2048 mean_g x=0.975 y=0.061 z=-0.233 max_fifo=86/86
W (27417674) kx134: FIFO seen at max capacity (86/86 frames) -- possible dropped samples
I (27417674) kx134: epoch: n=2048 mean_g x=0.969 y=0.063 z=-0.238 max_fifo=86/86
W (27417944) kx134: FIFO seen at max capacity (86/86 frames) -- possible dropped samples
I (27417944) kx134: epoch: n=2048 mean_g x=0.971 y=0.066 z=-0.236 max_fifo=86/86
W (27418214) kx134: FIFO seen at max capacity (86/86 frames) -- possible dropped samples
I (27418214) kx134: epoch: n=2048 mean_g x=0.972 y=0.061 z=-0.233 max_fifo=86/86
W (27418474) kx134: FIFO seen at max capacity (86/86 frames) -- possible dropped samples
I (27418474) kx134: epoch: n=2048 mean_g x=0.970 y=0.062 z=-0.237 max_fifo=86/86
W (27418744) kx134: FIFO seen at max capacity (86/86 frames) -- possible dropped samples
I (27418744) kx134: epoch: n=2048 mean_g x=0.969 y=0.061 z=-0.235 max_fifo=86/86
W (27419004) kx134: FIFO seen at max capacity (86/86 frames) -- possible dropped samples
I (27419004) kx134: epoch: n=2048 mean_g x=0.971 y=0.064 z=-0.236 max_fifo=86/86
W (27419274) kx134: FIFO seen at max capacity (86/86 frames) -- possible dropped samples
I (27419274) kx134: epoch: n=2048 mean_g x=0.972 y=0.062 z=-0.235 max_fifo=86/86
W (27419544) kx134: FIFO seen at max capacity (86/86 frames) -- possible dropped samples
I (27419544) kx134: epoch: n=2048 mean_g x=0.971 y=0.065 z=-0.236 max_fifo=86/86
W (27419814) kx134: FIFO seen at max capacity (86/86 frames) -- possible dropped samples
I (27419814) kx134: epoch: n=2048 mean_g x=0.970 y=0.061 z=-0.236 max_fifo=86/86
W (27420074) kx134: FIFO seen at max capacity (86/86 frames) -- possible dropped samples
I (27420074) kx134: epoch: n=2048 mean_g x=0.971 y=0.061 z=-0.235 max_fifo=86/86
W (27420354) kx134: FIFO seen at max capacity (86/86 frames) -- possible dropped samples
I (27420354) kx134: epoch: n=2048 mean_g x=0.972 y=0.062 z=-0.237 max_fifo=86/86
W (27420614) kx134: FIFO seen at max capacity (86/86 frames) -- possible dropped samples
I (27420614) kx134: epoch: n=2048 mean_g x=0.973 y=0.062 z=-0.238 max_fifo=86/86
W (27420884) kx134: FIFO seen at max capacity (86/86 frames) -- possible dropped samples
I (27420884) kx134: epoch: n=2048 mean_g x=0.971 y=0.063 z=-0.240 max_fifo=86/86
W (27421154) kx134: FIFO seen at max capacity (86/86 frames) -- possible dropped samples
I (27421164) kx134: epoch: n=2048 mean_g x=0.973 y=0.061 z=-0.237 max_fifo=86/86
W (27421424) kx134: FIFO seen at max capacity (86/86 frames) -- possible dropped samples
I (27421424) kx134: epoch: n=2048 mean_g x=0.974 y=0.061 z=-0.234 max_fifo=86/86
W (27421684) kx134: FIFO seen at max capacity (86/86 frames) -- possible dropped samples
I (27421684) kx134: epoch: n=2048 mean_g x=0.972 y=0.065 z=-0.239 max_fifo=86/86
W (27421944) kx134: FIFO seen at max capacity (86/86 frames) -- possible dropped samples
I (27421944) kx134: epoch: n=2048 mean_g x=0.974 y=0.061 z=-0.237 max_fifo=86/86
W (27422214) kx134: FIFO seen at max capacity (86/86 frames) -- possible dropped samples
I (27422214) kx134: epoch: n=2048 mean_g x=0.972 y=0.061 z=-0.235 max_fifo=86/86
W (27422484) kx134: FIFO seen at max capacity (86/86 frames) -- possible dropped samples
I (27422484) kx134: epoch: n=2048 mean_g x=0.974 y=0.065 z=-0.233 max_fifo=86/86
W (27422754) kx134: FIFO seen at max capacity (86/86 frames) -- possible dropped samples
I (27422754) kx134: epoch: n=2048 mean_g x=0.972 y=0.062 z=-0.236 max_fifo=86/86
W (27423014) kx134: FIFO seen at max capacity (86/86 frames) -- possible dropped samples
I (27423014) kx134: epoch: n=2048 mean_g x=0.974 y=0.064 z=-0.235 max_fifo=86/86
W (27423294) kx134: FIFO seen at max capacity (86/86 frames) -- possible dropped samples
I (27423294) kx134: epoch: n=2048 mean_g x=0.971 y=0.060 z=-0.233 max_fifo=86/86
W (27423564) kx134: FIFO seen at max capacity (86/86 frames) -- possible dropped samples
I (27423564) kx134: epoch: n=2048 mean_g x=0.968 y=0.065 z=-0.235 max_fifo=86/86
W (27423824) kx134: FIFO seen at max capacity (86/86 frames) -- possible dropped samples
I (27423824) kx134: epoch: n=2048 mean_g x=0.972 y=0.064 z=-0.234 max_fifo=86/86
W (27424094) kx134: FIFO seen at max capacity (86/86 frames) -- possible dropped samples
I (27424094) kx134: epoch: n=2048 mean_g x=0.973 y=0.064 z=-0.237 max_fifo=86/86
W (27424364) kx134: FIFO seen at max capacity (86/86 frames) -- possible dropped samples
I (27424364) kx134: epoch: n=2048 mean_g x=0.970 y=0.060 z=-0.234 max_fifo=86/86
W (27424624) kx134: FIFO seen at max capacity (86/86 frames) -- possible dropped samples
I (27424624) kx134: epoch: n=2048 mean_g x=0.969 y=0.065 z=-0.238 max_fifo=86/86
W (27424884) kx134: FIFO seen at max capacity (86/86 frames) -- possible dropped samples
I (27424884) kx134: epoch: n=2048 mean_g x=0.973 y=0.064 z=-0.238 max_fifo=86/86
W (27425154) kx134: FIFO seen at max capacity (86/86 frames) -- possible dropped samples
I (27425154) kx134: epoch: n=2048 mean_g x=0.973 y=0.062 z=-0.235 max_fifo=86/86
W (27425424) kx134: FIFO seen at max capacity (86/86 frames) -- possible dropped samples
I (27425424) kx134: epoch: n=2048 mean_g x=0.970 y=0.062 z=-0.234 max_fifo=86/86
W (27425694) kx134: FIFO seen at max capacity (86/86 frames) -- possible dropped samples
I (27425694) kx134: epoch: n=2048 mean_g x=0.972 y=0.063 z=-0.237 max_fifo=86/86
W (27425954) kx134: FIFO seen at max capacity (86/86 frames) -- possible dropped samples
I (27425954) kx134: epoch: n=2048 mean_g x=0.973 y=0.065 z=-0.233 max_fifo=86/86
W (27426234) kx134: FIFO seen at max capacity (86/86 frames) -- possible dropped samples
I (27426234) kx134: epoch: n=2048 mean_g x=0.972 y=0.065 z=-0.231 max_fifo=86/86
W (27426504) kx134: FIFO seen at max capacity (86/86 frames) -- possible dropped samples
I (27426504) kx134: epoch: n=2048 mean_g x=0.974 y=0.061 z=-0.234 max_fifo=86/86
W (27426764) kx134: FIFO seen at max capacity (86/86 frames) -- possible dropped samples
I (27426764) kx134: epoch: n=2048 mean_g x=0.974 y=0.060 z=-0.236 max_fifo=86/86
W (27427034) kx134: FIFO seen at max capacity (86/86 frames) -- possible dropped samples
I (27427034) kx134: epoch: n=2048 mean_g x=0.972 y=0.058 z=-0.233 max_fifo=86/86
W (27427294) kx134: FIFO seen at max capacity (86/86 frames) -- possible dropped samples
I (27427294) kx134: epoch: n=2048 mean_g x=0.971 y=0.061 z=-0.235 max_fifo=86/86
W (27427564) kx134: FIFO seen at max capacity (86/86 frames) -- possible dropped samples
I (27427564) kx134: epoch: n=2048 mean_g x=0.972 y=0.061 z=-0.237 max_fifo=86/86
W (27427824) kx134: FIFO seen at max capacity (86/86 frames) -- possible dropped samples
I (27427824) kx134: epoch: n=2048 mean_g x=0.972 y=0.063 z=-0.234 max_fifo=86/86
W (27428094) kx134: FIFO seen at max capacity (86/86 frames) -- possible dropped samples
I (27428094) kx134: epoch: n=2048 mean_g x=0.973 y=0.063 z=-0.235 max_fifo=86/86
W (27428364) kx134: FIFO seen at max capacity (86/86 frames) -- possible dropped samples
I (27428364) kx134: epoch: n=2048 mean_g x=0.973 y=0.061 z=-0.235 max_fifo=86/86
W (27428634) kx134: FIFO seen at max capacity (86/86 frames) -- possible dropped samples
I (27428634) kx134: epoch: n=2048 mean_g x=0.973 y=0.061 z=-0.232 max_fifo=86/86
W (27428894) kx134: FIFO seen at max capacity (86/86 frames) -- possible dropped samples
I (27428894) kx134: epoch: n=2048 mean_g x=0.973 y=0.061 z=-0.236 max_fifo=86/86
W (27429174) kx134: FIFO seen at max capacity (86/86 frames) -- possible dropped samples
I (27429174) kx134: epoch: n=2048 mean_g x=0.972 y=0.060 z=-0.234 max_fifo=86/86
E (27429284) esp-tls: [sock=58] select() timeout
E (27429284) transport_base: Failed to open a new connection: 32774
E (27429284) mqtt_client: Error transport connect
W (27429284) link_mqtt: disconnected
W (27429434) kx134: FIFO seen at max capacity (86/86 frames) -- possible dropped samples
I (27429434) kx134: epoch: n=2048 mean_g x=0.971 y=0.062 z=-0.234 max_fifo=86/86
W (27429704) kx134: FIFO seen at max capacity (86/86 frames) -- possible dropped samples
I (27429704) kx134: epoch: n=2048 mean_g x=0.972 y=0.061 z=-0.235 max_fifo=86/86
W (27429974) kx134: FIFO seen at max capacity (86/86 frames) -- possible dropped samples
I (27429974) kx134: epoch: n=2048 mean_g x=0.975 y=0.061 z=-0.233 max_fifo=86/86
W (27430234) kx134: FIFO seen at max capacity (86/86 frames) -- possible dropped samples
I (27430234) kx134: epoch: n=2048 mean_g x=0.972 y=0.058 z=-0.235 max_fifo=86/86
W (27430504) kx134: FIFO seen at max capacity (86/86 frames) -- possible dropped samples
I (27430504) kx134: epoch: n=2048 mean_g x=0.974 y=0.062 z=-0.235 max_fifo=86/86
W (27430764) kx134: FIFO seen at max capacity (86/86 frames) -- possible dropped samples
I (27430764) kx134: epoch: n=2048 mean_g x=0.975 y=0.064 z=-0.232 max_fifo=86/86
W (27431034) kx134: FIFO seen at max capacity (86/86 frames) -- possible dropped samples
I (27431034) kx134: epoch: n=2048 mean_g x=0.973 y=0.066 z=-0.235 max_fifo=86/86
W (27431304) kx134: FIFO seen at max capacity (86/86 frames) -- possible dropped samples
I (27431304) kx134: epoch: n=2048 mean_g x=0.971 y=0.063 z=-0.237 max_fifo=86/86
W (27431574) kx134: FIFO seen at max capacity (86/86 frames) -- possible dropped samples
I (27431574) kx134: epoch: n=2048 mean_g x=0.972 y=0.063 z=-0.235 max_fifo=86/86
W (27431834) kx134: FIFO seen at max capacity (86/86 frames) -- possible dropped samples
I (27431834) kx134: epoch: n=2048 mean_g x=0.972 y=0.064 z=-0.234 max_fifo=86/86
W (27432114) kx134: FIFO seen at max capacity (86/86 frames) -- possible dropped samples
I (27432114) kx134: epoch: n=2048 mean_g x=0.974 y=0.064 z=-0.233 max_fifo=86/86
W (27432384) kx134: FIFO seen at max capacity (86/86 frames) -- possible dropped samples
I (27432384) kx134: epoch: n=2048 mean_g x=0.972 y=0.064 z=-0.234 max_fifo=86/86
W (27432644) kx134: FIFO seen at max capacity (86/86 frames) -- possible dropped samples
I (27432644) kx134: epoch: n=2048 mean_g x=0.969 y=0.063 z=-0.235 max_fifo=86/86
W (27432914) kx134: FIFO seen at max capacity (86/86 frames) -- possible dropped samples
I (27432914) kx134: epoch: n=2048 mean_g x=0.974 y=0.059 z=-0.234 max_fifo=86/86
W (27433174) kx134: FIFO seen at max capacity (86/86 frames) -- possible dropped samples
I (27433174) kx134: epoch: n=2048 mean_g x=0.972 y=0.062 z=-0.234 max_fifo=86/86
W (27433444) kx134: FIFO seen at max capacity (86/86 frames) -- possible dropped samples
I (27433444) kx134: epoch: n=2048 mean_g x=0.972 y=0.064 z=-0.237 max_fifo=86/86
W (27433704) kx134: FIFO seen at max capacity (86/86 frames) -- possible dropped samples
I (27433704) kx134: epoch: n=2048 mean_g x=0.970 y=0.065 z=-0.238 max_fifo=86/86
W (27433974) kx134: FIFO seen at max capacity (86/86 frames) -- possible dropped samples
I (27433974) kx134: epoch: n=2048 mean_g x=0.976 y=0.062 z=-0.238 max_fifo=86/86
W (27434244) kx134: FIFO seen at max capacity (86/86 frames) -- possible dropped samples
I (27434244) kx134: epoch: n=2048 mean_g x=0.971 y=0.064 z=-0.235 max_fifo=86/86
W (27434514) kx134: FIFO seen at max capacity (86/86 frames) -- possible dropped samples
I (27434514) kx134: epoch: n=2048 mean_g x=0.969 y=0.065 z=-0.236 max_fifo=86/86
W (27434774) kx134: FIFO seen at max capacity (86/86 frames) -- possible dropped samples
I (27434774) kx134: epoch: n=2048 mean_g x=0.971 y=0.063 z=-0.233 max_fifo=86/86
W (27435054) kx134: FIFO seen at max capacity (86/86 frames) -- possible dropped samples
I (27435054) kx134: epoch: n=2048 mean_g x=0.973 y=0.060 z=-0.231 max_fifo=86/86
W (27435314) kx134: FIFO seen at max capacity (86/86 frames) -- possible dropped samples
I (27435314) kx134: epoch: n=2048 mean_g x=0.973 y=0.061 z=-0.237 max_fifo=86/86
W (27435584) kx134: FIFO seen at max capacity (86/86 frames) -- possible dropped samples
I (27435584) kx134: epoch: n=2048 mean_g x=0.972 y=0.060 z=-0.234 max_fifo=86/86
W (27435854) kx134: FIFO seen at max capacity (86/86 frames) -- possible dropped samples
I (27435854) kx134: epoch: n=2048 mean_g x=0.975 y=0.062 z=-0.234 max_fifo=86/86
W (27436124) kx134: FIFO seen at max capacity (86/86 frames) -- possible dropped samples
I (27436124) kx134: epoch: n=2048 mean_g x=0.974 y=0.064 z=-0.234 max_fifo=86/86
W (27436394) kx134: FIFO seen at max capacity (86/86 frames) -- possible dropped samples
I (27436394) kx134: epoch: n=2048 mean_g x=0.973 y=0.064 z=-0.234 max_fifo=86/86
W (27436644) kx134: FIFO seen at max capacity (86/86 frames) -- possible dropped samples
I (27436644) kx134: epoch: n=2048 mean_g x=0.974 y=0.059 z=-0.234 max_fifo=86/86
W (27436914) kx134: FIFO seen at max capacity (86/86 frames) -- possible dropped samples
I (27436914) kx134: epoch: n=2048 mean_g x=0.973 y=0.059 z=-0.232 max_fifo=86/86
W (27437184) kx134: FIFO seen at max capacity (86/86 frames) -- possible dropped samples
I (27437184) kx134: epoch: n=2048 mean_g x=0.969 y=0.060 z=-0.239 max_fifo=86/86
W (27437454) kx134: FIFO seen at max capacity (86/86 frames) -- possible dropped samples
I (27437454) kx134: epoch: n=2048 mean_g x=0.973 y=0.063 z=-0.235 max_fifo=86/86
W (27437714) kx134: FIFO seen at max capacity (86/86 frames) -- possible dropped samples
I (27437714) kx134: epoch: n=2048 mean_g x=0.971 y=0.061 z=-0.232 max_fifo=86/86
W (27437994) kx134: FIFO seen at max capacity (86/86 frames) -- possible dropped samples
I (27437994) kx134: epoch: n=2048 mean_g x=0.971 y=0.065 z=-0.236 max_fifo=86/86
I (27438134) DIAG: Stack HWM (bytes free): mic=7204 dsp=4120 rgb=1920 imu=1580 diag=684
I (27438134) DIAG: CPU runtime:
diag           	104715291		6%
IDLE0          	3772230068		226%
IDLE1          	1144375891		68%
mic_task       	228901693		13%
rgb_led        	45000688		2%
tiT            	213825925		12%
wifi_prov      	569654		<1%
imu_task       	4083756665		244%
dsp_task       	356484583		21%
mqtt_task      	26289982		1%
net            	1637966801		98%
main           	157574		<1%
Tmr Svc        	17		<1%
dns_captive    	54		<1%
sys_evt        	1037592		<1%
httpd          	589		<1%
wifi           	294907568		17%
esp_timer      	13851191		<1%
ipc1           	50730		<1%
ipc0           	37885		<1%

I (27438184) DIAG: Heap free: internal=3160 largest_free=1280 PSRAM=8209812 IRAM=0
I (27438194) DIAG: wifi: connects=3 disconnects=447 retry_cnt=0
I (27438194) DIAG: mqtt: connects=12 disconnects=742 publishes=86767 publish_failures=12 cmds_received=0
I (27438204) DIAG: wifi_prov: state=2 provisioning_entries=1 recovery_entries=1 recovery_successes=0
I (27438214) DIAG: mic: blocks_ok=428692 capture_failures=0 rb_drops=0
W (27438224) DIAG: mic i2s: overflow_count=14 (cumulative) read_errors=0 short_reads=0 — check CPU load
I (27438234) DIAG: dsp: fft_count=428693 frames_emitted=107173 rb_timeouts=0 last_fft_us=605
I (27438244) DIAG: imu: epochs=101916 read_errors=0 reinit_attempts=0 reinit_successes=0
I (27438244) DIAG: accel: reads_ok=305748 read_errors=0 fifo_max_hits=101916
I (27438254) DIAG: net: frames_built=130046 build_failures=0 publish_failures=12 cmd_malformed=0 disconnect_reverts=12
W (27438264) kx134: FIFO seen at max capacity (86/86 frames) -- possible dropped samples
I (27438274) kx134: epoch: n=2048 mean_g x=0.969 y=0.060 z=-0.235 max_fifo=86/86
I (27438304) DIAG: led: state_changes=465 remote_updates=0 hw_errors=0
W (27438534) kx134: FIFO seen at max capacity (86/86 frames) -- possible dropped samples
I (27438534) kx134: epoch: n=2048 mean_g x=0.971 y=0.061 z=-0.233 max_fifo=86/86
W (27438804) kx134: FIFO seen at max capacity (86/86 frames) -- possible dropped samples
I (27438804) kx134: epoch: n=2048 mean_g x=0.975 y=0.061 z=-0.236 max_fifo=86/86
W (27439074) kx134: FIFO seen at max capacity (86/86 frames) -- possible dropped samples
I (27439074) kx134: epoch: n=2048 mean_g x=0.973 y=0.061 z=-0.237 max_fifo=86/86
W (27439344) kx134: FIFO seen at max capacity (86/86 frames) -- possible dropped samples
I (27439344) kx134: epoch: n=2048 mean_g x=0.972 y=0.064 z=-0.235 max_fifo=86/86
W (27439604) kx134: FIFO seen at max capacity (86/86 frames) -- possible dropped samples
I (27439604) kx134: epoch: n=2048 mean_g x=0.969 y=0.063 z=-0.236 max_fifo=86/86
W (27439884) kx134: FIFO seen at max capacity (86/86 frames) -- possible dropped samples
I (27439884) kx134: epoch: n=2048 mean_g x=0.971 y=0.063 z=-0.235 max_fifo=86/86
W (27440144) kx134: FIFO seen at max capacity (86/86 frames) -- possible dropped samples
I (27440144) kx134: epoch: n=2048 mean_g x=0.972 y=0.065 z=-0.237 max_fifo=86/86
W (27440414) kx134: FIFO seen at max capacity (86/86 frames) -- possible dropped samples
I (27440414) kx134: epoch: n=2048 mean_g x=0.971 y=0.061 z=-0.234 max_fifo=86/86
W (27440684) kx134: FIFO seen at max capacity (86/86 frames) -- possible dropped samples
I (27440684) kx134: epoch: n=2048 mean_g x=0.973 y=0.063 z=-0.237 max_fifo=86/86
W (27440944) kx134: FIFO seen at max capacity (86/86 frames) -- possible dropped samples
I (27440944) kx134: epoch: n=2048 mean_g x=0.971 y=0.064 z=-0.234 max_fifo=86/86
W (27441214) kx134: FIFO seen at max capacity (86/86 frames) -- possible dropped samples
I (27441214) kx134: epoch: n=2048 mean_g x=0.970 y=0.063 z=-0.236 max_fifo=86/86
W (27441484) kx134: FIFO seen at max capacity (86/86 frames) -- possible dropped samples
I (27441484) kx134: epoch: n=2048 mean_g x=0.970 y=0.065 z=-0.236 max_fifo=86/86
W (27441764) kx134: FIFO seen at max capacity (86/86 frames) -- possible dropped samples
I (27441764) kx134: epoch: n=2048 mean_g x=0.975 y=0.060 z=-0.236 max_fifo=86/86
W (27442034) kx134: FIFO seen at max capacity (86/86 frames) -- possible dropped samples
I (27442034) kx134: epoch: n=2048 mean_g x=0.973 y=0.065 z=-0.235 max_fifo=86/86
E (27442294) esp-tls: [sock=58] select() timeout
E (27442294) transport_base: Failed to open a new connection: 32774
E (27442294) mqtt_client: Error transport connect
W (27442294) link_mqtt: disconnected
W (27442314) kx134: FIFO seen at max capacity (86/86 frames) -- possible dropped samples
I (27442314) kx134: epoch: n=2048 mean_g x=0.971 y=0.064 z=-0.234 max_fifo=86/86
W (27442584) kx134: FIFO seen at max capacity (86/86 frames) -- possible dropped samples
I (27442584) kx134: epoch: n=2048 mean_g x=0.971 y=0.063 z=-0.234 max_fifo=86/86
W (27442854) kx134: FIFO seen at max capacity (86/86 frames) -- possible dropped samples
I (27442854) kx134: epoch: n=2048 mean_g x=0.974 y=0.061 z=-0.236 max_fifo=86/86
W (27443124) kx134: FIFO seen at max capacity (86/86 frames) -- possible dropped samples
I (27443124) kx134: epoch: n=2048 mean_g x=0.971 y=0.066 z=-0.234 max_fifo=86/86
W (27443384) kx134: FIFO seen at max capacity (86/86 frames) -- possible dropped samples
I (27443384) kx134: epoch: n=2048 mean_g x=0.971 y=0.065 z=-0.236 max_fifo=86/86
W (27443664) kx134: FIFO seen at max capacity (86/86 frames) -- possible dropped samples
I (27443664) kx134: epoch: n=2048 mean_g x=0.972 y=0.064 z=-0.235 max_fifo=86/86
W (27443924) kx134: FIFO seen at max capacity (86/86 frames) -- possible dropped samples
I (27443924) kx134: epoch: n=2048 mean_g x=0.972 y=0.062 z=-0.234 max_fifo=86/86
W (27444194) kx134: FIFO seen at max capacity (86/86 frames) -- possible dropped samples
I (27444194) kx134: epoch: n=2048 mean_g x=0.971 y=0.063 z=-0.238 max_fifo=86/86
W (27444464) kx134: FIFO seen at max capacity (86/86 frames) -- possible dropped samples
I (27444464) kx134: epoch: n=2048 mean_g x=0.971 y=0.063 z=-0.235 max_fifo=86/86
W (27444734) kx134: FIFO seen at max capacity (86/86 frames) -- possible dropped samples
I (27444734) kx134: epoch: n=2048 mean_g x=0.972 y=0.063 z=-0.235 max_fifo=86/86
W (27445004) kx134: FIFO seen at max capacity (86/86 frames) -- possible dropped samples
I (27445004) kx134: epoch: n=2048 mean_g x=0.970 y=0.066 z=-0.239 max_fifo=86/86
W (27445264) kx134: FIFO seen at max capacity (86/86 frames) -- possible dropped samples
I (27445264) kx134: epoch: n=2048 mean_g x=0.970 y=0.064 z=-0.238 max_fifo=86/86
W (27445544) kx134: FIFO seen at max capacity (86/86 frames) -- possible dropped samples
I (27445544) kx134: epoch: n=2048 mean_g x=0.973 y=0.064 z=-0.238 max_fifo=86/86
W (27445814) kx134: FIFO seen at max capacity (86/86 frames) -- possible dropped samples
I (27445814) kx134: epoch: n=2048 mean_g x=0.973 y=0.058 z=-0.232 max_fifo=86/86
W (27446084) kx134: FIFO seen at max capacity (86/86 frames) -- possible dropped samples
I (27446084) kx134: epoch: n=2048 mean_g x=0.971 y=0.063 z=-0.234 max_fifo=86/86
W (27446354) kx134: FIFO seen at max capacity (86/86 frames) -- possible dropped samples
I (27446354) kx134: epoch: n=2048 mean_g x=0.973 y=0.066 z=-0.237 max_fifo=86/86
W (27446614) kx134: FIFO seen at max capacity (86/86 frames) -- possible dropped samples
I (27446614) kx134: epoch: n=2048 mean_g x=0.970 y=0.061 z=-0.235 max_fifo=86/86
W (27446884) kx134: FIFO seen at max capacity (86/86 frames) -- possible dropped samples
I (27446884) kx134: epoch: n=2048 mean_g x=0.973 y=0.060 z=-0.235 max_fifo=86/86
W (27447144) kx134: FIFO seen at max capacity (86/86 frames) -- possible dropped samples
I (27447144) kx134: epoch: n=2048 mean_g x=0.968 y=0.065 z=-0.235 max_fifo=86/86
W (27447414) kx134: FIFO seen at max capacity (86/86 frames) -- possible dropped samples
I (27447414) kx134: epoch: n=2048 mean_g x=0.971 y=0.064 z=-0.236 max_fifo=86/86
W (27447684) kx134: FIFO seen at max capacity (86/86 frames) -- possible dropped samples
I (27447684) kx134: epoch: n=2048 mean_g x=0.974 y=0.060 z=-0.238 max_fifo=86/86
W (27447954) kx134: FIFO seen at max capacity (86/86 frames) -- possible dropped samples
I (27447954) kx134: epoch: n=2048 mean_g x=0.973 y=0.062 z=-0.238 max_fifo=86/86
W (27448214) kx134: FIFO seen at max capacity (86/86 frames) -- possible dropped samples
I (27448214) kx134: epoch: n=2048 mean_g x=0.973 y=0.061 z=-0.234 max_fifo=86/86
W (27448494) kx134: FIFO seen at max capacity (86/86 frames) -- possible dropped samples
I (27448494) kx134: epoch: n=2048 mean_g x=0.973 y=0.062 z=-0.234 max_fifo=86/86
W (27448754) kx134: FIFO seen at max capacity (86/86 frames) -- possible dropped samples
I (27448754) kx134: epoch: n=2048 mean_g x=0.974 y=0.062 z=-0.240 max_fifo=86/86
W (27449024) kx134: FIFO seen at max capacity (86/86 frames) -- possible dropped samples
I (27449024) kx134: epoch: n=2048 mean_g x=0.973 y=0.057 z=-0.232 max_fifo=86/86
W (27449294) kx134: FIFO seen at max capacity (86/86 frames) -- possible dropped samples
I (27449294) kx134: epoch: n=2048 mean_g x=0.971 y=0.060 z=-0.238 max_fifo=86/86
W (27449554) kx134: FIFO seen at max capacity (86/86 frames) -- possible dropped samples
I (27449554) kx134: epoch: n=2048 mean_g x=0.970 y=0.062 z=-0.233 max_fifo=86/86
W (27449824) kx134: FIFO seen at max capacity (86/86 frames) -- possible dropped samples
I (27449824) kx134: epoch: n=2048 mean_g x=0.973 y=0.063 z=-0.235 max_fifo=86/86
W (27450084) kx134: FIFO seen at max capacity (86/86 frames) -- possible dropped samples
I (27450084) kx134: epoch: n=2048 mean_g x=0.973 y=0.062 z=-0.235 max_fifo=86/86
W (27450354) kx134: FIFO seen at max capacity (86/86 frames) -- possible dropped samples
I (27450354) kx134: epoch: n=2048 mean_g x=0.976 y=0.059 z=-0.231 max_fifo=86/86
W (27450624) kx134: FIFO seen at max capacity (86/86 frames) -- possible dropped samples
I (27450624) kx134: epoch: n=2048 mean_g x=0.975 y=0.060 z=-0.235 max_fifo=86/86
W (27450894) kx134: FIFO seen at max capacity (86/86 frames) -- possible dropped samples
I (27450894) kx134: epoch: n=2048 mean_g x=0.972 y=0.063 z=-0.235 max_fifo=86/86
W (27451154) kx134: FIFO seen at max capacity (86/86 frames) -- possible dropped samples
I (27451154) kx134: epoch: n=2048 mean_g x=0.975 y=0.064 z=-0.235 max_fifo=86/86
W (27451434) kx134: FIFO seen at max capacity (86/86 frames) -- possible dropped samples
I (27451434) kx134: epoch: n=2048 mean_g x=0.972 y=0.061 z=-0.234 max_fifo=86/86
W (27451694) kx134: FIFO seen at max capacity (86/86 frames) -- possible dropped samples
I (27451694) kx134: epoch: n=2048 mean_g x=0.970 y=0.060 z=-0.236 max_fifo=86/86
W (27451964) kx134: FIFO seen at max capacity (86/86 frames) -- possible dropped samples
I (27451964) kx134: epoch: n=2048 mean_g x=0.972 y=0.061 z=-0.238 max_fifo=86/86
W (27452234) kx134: FIFO seen at max capacity (86/86 frames) -- possible dropped samples
I (27452234) kx134: epoch: n=2048 mean_g x=0.969 y=0.061 z=-0.233 max_fifo=86/86
W (27452494) kx134: FIFO seen at max capacity (86/86 frames) -- possible dropped samples
I (27452494) kx134: epoch: n=2048 mean_g x=0.972 y=0.058 z=-0.238 max_fifo=86/86
W (27452764) kx134: FIFO seen at max capacity (86/86 frames) -- possible dropped samples
I (27452764) kx134: epoch: n=2048 mean_g x=0.972 y=0.063 z=-0.237 max_fifo=86/86
W (27453024) kx134: FIFO seen at max capacity (86/86 frames) -- possible dropped samples
I (27453024) kx134: epoch: n=2048 mean_g x=0.969 y=0.060 z=-0.236 max_fifo=86/86
W (27453294) kx134: FIFO seen at max capacity (86/86 frames) -- possible dropped samples
I (27453294) kx134: epoch: n=2048 mean_g x=0.968 y=0.061 z=-0.238 max_fifo=86/86
W (27453564) kx134: FIFO seen at max capacity (86/86 frames) -- possible dropped samples
I (27453564) kx134: epoch: n=2048 mean_g x=0.971 y=0.065 z=-0.237 max_fifo=86/86
W (27453834) kx134: FIFO seen at max capacity (86/86 frames) -- possible dropped samples
I (27453834) kx134: epoch: n=2048 mean_g x=0.969 y=0.064 z=-0.237 max_fifo=86/86
W (27454094) kx134: FIFO seen at max capacity (86/86 frames) -- possible dropped samples
I (27454094) kx134: epoch: n=2048 mean_g x=0.970 y=0.063 z=-0.237 max_fifo=86/86
W (27454374) kx134: FIFO seen at max capacity (86/86 frames) -- possible dropped samples
I (27454374) kx134: epoch: n=2048 mean_g x=0.971 y=0.065 z=-0.239 max_fifo=86/86
W (27454634) kx134: FIFO seen at max capacity (86/86 frames) -- possible dropped samples
I (27454634) kx134: epoch: n=2048 mean_g x=0.970 y=0.062 z=-0.235 max_fifo=86/86
W (27454904) kx134: FIFO seen at max capacity (86/86 frames) -- possible dropped samples
I (27454904) kx134: epoch: n=2048 mean_g x=0.971 y=0.064 z=-0.236 max_fifo=86/86
W (27455174) kx134: FIFO seen at max capacity (86/86 frames) -- possible dropped samples
I (27455174) kx134: epoch: n=2048 mean_g x=0.973 y=0.062 z=-0.234 max_fifo=86/86
E (27455304) esp-tls: [sock=58] select() timeout
E (27455304) transport_base: Failed to open a new connection: 32774
E (27455304) mqtt_client: Error transport connect
W (27455304) link_mqtt: disconnected
W (27455454) kx134: FIFO seen at max capacity (86/86 frames) -- possible dropped samples
I (27455454) kx134: epoch: n=2048 mean_g x=0.971 y=0.063 z=-0.237 max_fifo=86/86
W (27455714) kx134: FIFO seen at max capacity (86/86 frames) -- possible dropped samples
I (27455714) kx134: epoch: n=2048 mean_g x=0.975 y=0.062 z=-0.237 max_fifo=86/86
W (27455964) kx134: FIFO seen at max capacity (86/86 frames) -- possible dropped samples
I (27455964) kx134: epoch: n=2048 mean_g x=0.973 y=0.063 z=-0.236 max_fifo=86/86
W (27456234) kx134: FIFO seen at max capacity (86/86 frames) -- possible dropped samples
I (27456234) kx134: epoch: n=2048 mean_g x=0.970 y=0.063 z=-0.236 max_fifo=86/86
W (27456504) kx134: FIFO seen at max capacity (86/86 frames) -- possible dropped samples
I (27456504) kx134: epoch: n=2048 mean_g x=0.975 y=0.061 z=-0.235 max_fifo=86/86
W (27456774) kx134: FIFO seen at max capacity (86/86 frames) -- possible dropped samples
I (27456774) kx134: epoch: n=2048 mean_g x=0.972 y=0.061 z=-0.237 max_fifo=86/86
W (27457034) kx134: FIFO seen at max capacity (86/86 frames) -- possible dropped samples
I (27457034) kx134: epoch: n=2048 mean_g x=0.970 y=0.061 z=-0.236 max_fifo=86/86
W (27457314) kx134: FIFO seen at max capacity (86/86 frames) -- possible dropped samples
I (27457314) kx134: epoch: n=2048 mean_g x=0.973 y=0.064 z=-0.236 max_fifo=86/86
W (27457584) kx134: FIFO seen at max capacity (86/86 frames) -- possible dropped samples
I (27457584) kx134: epoch: n=2048 mean_g x=0.971 y=0.064 z=-0.238 max_fifo=86/86
W (27457844) kx134: FIFO seen at max capacity (86/86 frames) -- possible dropped samples
I (27457844) kx134: epoch: n=2048 mean_g x=0.970 y=0.062 z=-0.236 max_fifo=86/86
W (27458114) kx134: FIFO seen at max capacity (86/86 frames) -- possible dropped samples
I (27458114) kx134: epoch: n=2048 mean_g x=0.973 y=0.063 z=-0.236 max_fifo=86/86
W (27458374) kx134: FIFO seen at max capacity (86/86 frames) -- possible dropped samples
I (27458374) kx134: epoch: n=2048 mean_g x=0.972 y=0.058 z=-0.235 max_fifo=86/86
W (27458644) kx134: FIFO seen at max capacity (86/86 frames) -- possible dropped samples
I (27458644) kx134: epoch: n=2048 mean_g x=0.974 y=0.063 z=-0.238 max_fifo=86/86
W (27458904) kx134: FIFO seen at max capacity (86/86 frames) -- possible dropped samples
I (27458904) kx134: epoch: n=2048 mean_g x=0.974 y=0.066 z=-0.233 max_fifo=86/86
W (27459174) kx134: FIFO seen at max capacity (86/86 frames) -- possible dropped samples
I (27459174) kx134: epoch: n=2048 mean_g x=0.971 y=0.065 z=-0.238 max_fifo=86/86
W (27459444) kx134: FIFO seen at max capacity (86/86 frames) -- possible dropped samples
I (27459444) kx134: epoch: n=2048 mean_g x=0.969 y=0.064 z=-0.236 max_fifo=86/86
W (27459714) kx134: FIFO seen at max capacity (86/86 frames) -- possible dropped samples
I (27459714) kx134: epoch: n=2048 mean_g x=0.974 y=0.064 z=-0.236 max_fifo=86/86
W (27459974) kx134: FIFO seen at max capacity (86/86 frames) -- possible dropped samples
I (27459974) kx134: epoch: n=2048 mean_g x=0.974 y=0.063 z=-0.235 max_fifo=86/86
W (27460254) kx134: FIFO seen at max capacity (86/86 frames) -- possible dropped samples
I (27460254) kx134: epoch: n=2048 mean_g x=0.969 y=0.062 z=-0.233 max_fifo=86/86
W (27460514) kx134: FIFO seen at max capacity (86/86 frames) -- possible dropped samples
I (27460514) kx134: epoch: n=2048 mean_g x=0.972 y=0.062 z=-0.235 max_fifo=86/86
W (27460784) kx134: FIFO seen at max capacity (86/86 frames) -- possible dropped samples
I (27460784) kx134: epoch: n=2048 mean_g x=0.969 y=0.065 z=-0.232 max_fifo=86/86
W (27461054) kx134: FIFO seen at max capacity (86/86 frames) -- possible dropped samples
I (27461054) kx134: epoch: n=2048 mean_g x=0.969 y=0.062 z=-0.235 max_fifo=86/86
W (27461314) kx134: FIFO seen at max capacity (86/86 frames) -- possible dropped samples
I (27461314) kx134: epoch: n=2048 mean_g x=0.974 y=0.061 z=-0.237 max_fifo=86/86
W (27461584) kx134: FIFO seen at max capacity (86/86 frames) -- possible dropped samples
I (27461584) kx134: epoch: n=2048 mean_g x=0.972 y=0.065 z=-0.236 max_fifo=86/86
W (27461844) kx134: FIFO seen at max capacity (86/86 frames) -- possible dropped samples
I (27461844) kx134: epoch: n=2048 mean_g x=0.975 y=0.064 z=-0.237 max_fifo=86/86
W (27462114) kx134: FIFO seen at max capacity (86/86 frames) -- possible dropped samples
I (27462114) kx134: epoch: n=2048 mean_g x=0.971 y=0.063 z=-0.234 max_fifo=86/86
W (27462384) kx134: FIFO seen at max capacity (86/86 frames) -- possible dropped samples
I (27462384) kx134: epoch: n=2048 mean_g x=0.971 y=0.065 z=-0.237 max_fifo=86/86
W (27462654) kx134: FIFO seen at max capacity (86/86 frames) -- possible dropped samples
I (27462654) kx134: epoch: n=2048 mean_g x=0.972 y=0.063 z=-0.238 max_fifo=86/86
W (27462914) kx134: FIFO seen at max capacity (86/86 frames) -- possible dropped samples
I (27462914) kx134: epoch: n=2048 mean_g x=0.972 y=0.064 z=-0.235 max_fifo=86/86
W (27463194) kx134: FIFO seen at max capacity (86/86 frames) -- possible dropped samples
I (27463194) kx134: epoch: n=2048 mean_g x=0.971 y=0.063 z=-0.234 max_fifo=86/86
W (27463454) kx134: FIFO seen at max capacity (86/86 frames) -- possible dropped samples
I (27463454) kx134: epoch: n=2048 mean_g x=0.970 y=0.061 z=-0.234 max_fifo=86/86
W (27463724) kx134: FIFO seen at max capacity (86/86 frames) -- possible dropped samples
I (27463724) kx134: epoch: n=2048 mean_g x=0.971 y=0.063 z=-0.234 max_fifo=86/86
W (27463994) kx134: FIFO seen at max capacity (86/86 frames) -- possible dropped samples
I (27463994) kx134: epoch: n=2048 mean_g x=0.973 y=0.061 z=-0.237 max_fifo=86/86
W (27464254) kx134: FIFO seen at max capacity (86/86 frames) -- possible dropped samples
I (27464254) kx134: epoch: n=2048 mean_g x=0.974 y=0.064 z=-0.235 max_fifo=86/86
W (27464524) kx134: FIFO seen at max capacity (86/86 frames) -- possible dropped samples
I (27464524) kx134: epoch: n=2048 mean_g x=0.970 y=0.067 z=-0.236 max_fifo=86/86
W (27464784) kx134: FIFO seen at max capacity (86/86 frames) -- possible dropped samples
I (27464784) kx134: epoch: n=2048 mean_g x=0.971 y=0.059 z=-0.237 max_fifo=86/86
W (27465054) kx134: FIFO seen at max capacity (86/86 frames) -- possible dropped samples
I (27465054) kx134: epoch: n=2048 mean_g x=0.973 y=0.062 z=-0.237 max_fifo=86/86
W (27465324) kx134: FIFO seen at max capacity (86/86 frames) -- possible dropped samples
I (27465324) kx134: epoch: n=2048 mean_g x=0.971 y=0.060 z=-0.233 max_fifo=86/86
W (27465594) kx134: FIFO seen at max capacity (86/86 frames) -- possible dropped samples
I (27465594) kx134: epoch: n=2048 mean_g x=0.974 y=0.062 z=-0.233 max_fifo=86/86
W (27465854) kx134: FIFO seen at max capacity (86/86 frames) -- possible dropped samples
I (27465854) kx134: epoch: n=2048 mean_g x=0.972 y=0.064 z=-0.237 max_fifo=86/86
W (27466134) kx134: FIFO seen at max capacity (86/86 frames) -- possible dropped samples
I (27466134) kx134: epoch: n=2048 mean_g x=0.971 y=0.061 z=-0.235 max_fifo=86/86
W (27466404) kx134: FIFO seen at max capacity (86/86 frames) -- possible dropped samples
I (27466404) kx134: epoch: n=2048 mean_g x=0.969 y=0.063 z=-0.235 max_fifo=86/86
W (27466664) kx134: FIFO seen at max capacity (86/86 frames) -- possible dropped samples
I (27466664) kx134: epoch: n=2048 mean_g x=0.969 y=0.059 z=-0.234 max_fifo=86/86
W (27466934) kx134: FIFO seen at max capacity (86/86 frames) -- possible dropped samples
I (27466934) kx134: epoch: n=2048 mean_g x=0.972 y=0.064 z=-0.235 max_fifo=86/86
W (27467204) kx134: FIFO seen at max capacity (86/86 frames) -- possible dropped samples
I (27467204) kx134: epoch: n=2048 mean_g x=0.971 y=0.063 z=-0.238 max_fifo=86/86
W (27467464) kx134: FIFO seen at max capacity (86/86 frames) -- possible dropped samples
I (27467464) kx134: epoch: n=2048 mean_g x=0.971 y=0.063 z=-0.235 max_fifo=86/86
W (27467724) kx134: FIFO seen at max capacity (86/86 frames) -- possible dropped samples
I (27467724) kx134: epoch: n=2048 mean_g x=0.973 y=0.060 z=-0.235 max_fifo=86/86
W (27467994) kx134: FIFO seen at max capacity (86/86 frames) -- possible dropped samples
I (27467994) kx134: epoch: n=2048 mean_g x=0.976 y=0.060 z=-0.238 max_fifo=86/86
W (27468264) kx134: FIFO seen at max capacity (86/86 frames) -- possible dropped samples
I (27468264) kx134: epoch: n=2048 mean_g x=0.973 y=0.061 z=-0.236 max_fifo=86/86
I (27468304) DIAG: Stack HWM (bytes free): mic=7204 dsp=4120 rgb=1920 imu=1580 diag=684
I (27468304) DIAG: CPU runtime:
rgb_led        	45148624		2%
diag           	104826205		6%
IDLE1          	1174006425		69%
IDLE0          	3795415260		223%
mic_task       	229152334		13%
imu_task       	4088304752		240%
net            	1639719608		96%
tiT            	213865980		12%
wifi_prov      	570536		<1%
dsp_task       	356874770		21%
mqtt_task      	26307539		1%
main           	157574		<1%
dns_captive    	54		<1%
sys_evt        	1037592		<1%
httpd          	589		<1%
ipc1           	50730		<1%
esp_timer      	13882299		<1%
wifi           	295140675		17%
ipc0           	37885		<1%
Tmr Svc        	17		<1%

E (27468314) esp-tls: [sock=58] select() timeout
E (27468354) transport_base: Failed to open a new connection: 32774
E (27468364) mqtt_client: Error transport connect
W (27468364) link_mqtt: disconnected
I (27468374) DIAG: Heap free: internal=3744 largest_free=1280 PSRAM=8209980 IRAM=0
I (27468384) DIAG: wifi: connects=3 disconnects=447 retry_cnt=0
I (27468384) DIAG: mqtt: connects=12 disconnects=745 publishes=86767 publish_failures=12 cmds_received=0
I (27468404) DIAG: wifi_prov: state=2 provisioning_entries=1 recovery_entries=1 recovery_successes=0
I (27468404) DIAG: mic: blocks_ok=429164 capture_failures=0 rb_drops=0
W (27468414) DIAG: mic i2s: overflow_count=14 (cumulative) read_errors=0 short_reads=0 — check CPU load
I (27468424) DIAG: dsp: fft_count=429164 frames_emitted=107291 rb_timeouts=0 last_fft_us=605
I (27468424) DIAG: imu: epochs=102029 read_errors=0 reinit_attempts=0 reinit_successes=0
I (27468434) DIAG: accel: reads_ok=306087 read_errors=0 fifo_max_hits=102029
I (27468444) DIAG: net: frames_built=130190 build_failures=0 publish_failures=12 cmd_malformed=0 disconnect_reverts=12
I (27468454) DIAG: led: state_changes=465 remote_updates=0 hw_errors=0
W (27468534) kx134: FIFO seen at max capacity (86/86 frames) -- possible dropped samples
I (27468534) kx134: epoch: n=2048 mean_g x=0.972 y=0.066 z=-0.238 max_fifo=86/86
W (27468794) kx134: FIFO seen at max capacity (86/86 frames) -- possible dropped samples
I (27468794) kx134: epoch: n=2048 mean_g x=0.969 y=0.061 z=-0.239 max_fifo=86/86
W (27469074) kx134: FIFO seen at max capacity (86/86 frames) -- possible dropped samples
I (27469074) kx134: epoch: n=2048 mean_g x=0.970 y=0.062 z=-0.236 max_fifo=86/86
W (27469344) kx134: FIFO seen at max capacity (86/86 frames) -- possible dropped samples
I (27469344) kx134: epoch: n=2048 mean_g x=0.968 y=0.061 z=-0.236 max_fifo=86/86
W (27469604) kx134: FIFO seen at max capacity (86/86 frames) -- possible dropped samples
I (27469604) kx134: epoch: n=2048 mean_g x=0.972 y=0.068 z=-0.237 max_fifo=86/86
W (27469874) kx134: FIFO seen at max capacity (86/86 frames) -- possible dropped samples
I (27469874) kx134: epoch: n=2048 mean_g x=0.974 y=0.062 z=-0.234 max_fifo=86/86
W (27470134) kx134: FIFO seen at max capacity (86/86 frames) -- possible dropped samples
I (27470134) kx134: epoch: n=2048 mean_g x=0.971 y=0.064 z=-0.239 max_fifo=86/86
W (27470404) kx134: FIFO seen at max capacity (86/86 frames) -- possible dropped samples
I (27470404) kx134: epoch: n=2048 mean_g x=0.971 y=0.062 z=-0.233 max_fifo=86/86
W (27470664) kx134: FIFO seen at max capacity (86/86 frames) -- possible dropped samples
I (27470664) kx134: epoch: n=2048 mean_g x=0.974 y=0.062 z=-0.235 max_fifo=86/86
W (27470934) kx134: FIFO seen at max capacity (86/86 frames) -- possible dropped samples
I (27470934) kx134: epoch: n=2048 mean_g x=0.972 y=0.064 z=-0.238 max_fifo=86/86
W (27471204) kx134: FIFO seen at max capacity (86/86 frames) -- possible dropped samples
I (27471204) kx134: epoch: n=2048 mean_g x=0.970 y=0.060 z=-0.237 max_fifo=86/86
W (27471474) kx134: FIFO seen at max capacity (86/86 frames) -- possible dropped samples
I (27471474) kx134: epoch: n=2048 mean_g x=0.972 y=0.066 z=-0.239 max_fifo=86/86
W (27471734) kx134: FIFO seen at max capacity (86/86 frames) -- possible dropped samples
I (27471734) kx134: epoch: n=2048 mean_g x=0.971 y=0.061 z=-0.236 max_fifo=86/86
W (27472014) kx134: FIFO seen at max capacity (86/86 frames) -- possible dropped samples
I (27472014) kx134: epoch: n=2048 mean_g x=0.972 y=0.061 z=-0.237 max_fifo=86/86
W (27472284) kx134: FIFO seen at max capacity (86/86 frames) -- possible dropped samples
I (27472284) kx134: epoch: n=2048 mean_g x=0.974 y=0.058 z=-0.237 max_fifo=86/86
W (27472544) kx134: FIFO seen at max capacity (86/86 frames) -- possible dropped samples
I (27472544) kx134: epoch: n=2048 mean_g x=0.970 y=0.064 z=-0.237 max_fifo=86/86
W (27472814) kx134: FIFO seen at max capacity (86/86 frames) -- possible dropped samples
I (27472814) kx134: epoch: n=2048 mean_g x=0.972 y=0.063 z=-0.240 max_fifo=86/86
W (27473074) kx134: FIFO seen at max capacity (86/86 frames) -- possible dropped samples
I (27473074) kx134: epoch: n=2048 mean_g x=0.970 y=0.065 z=-0.236 max_fifo=86/86
W (27473344) kx134: FIFO seen at max capacity (86/86 frames) -- possible dropped samples
I (27473344) kx134: epoch: n=2048 mean_g x=0.969 y=0.061 z=-0.233 max_fifo=86/86
W (27473604) kx134: FIFO seen at max capacity (86/86 frames) -- possible dropped samples
I (27473604) kx134: epoch: n=2048 mean_g x=0.974 y=0.062 z=-0.239 max_fifo=86/86
W (27473874) kx134: FIFO seen at max capacity (86/86 frames) -- possible dropped samples
I (27473874) kx134: epoch: n=2048 mean_g x=0.977 y=0.059 z=-0.235 max_fifo=86/86
W (27474144) kx134: FIFO seen at max capacity (86/86 frames) -- possible dropped samples
I (27474144) kx134: epoch: n=2048 mean_g x=0.973 y=0.062 z=-0.237 max_fifo=86/86
W (27474414) kx134: FIFO seen at max capacity (86/86 frames) -- possible dropped samples
I (27474414) kx134: epoch: n=2048 mean_g x=0.973 y=0.064 z=-0.239 max_fifo=86/86
W (27474674) kx134: FIFO seen at max capacity (86/86 frames) -- possible dropped samples
I (27474674) kx134: epoch: n=2048 mean_g x=0.973 y=0.063 z=-0.237 max_fifo=86/86
W (27474954) kx134: FIFO seen at max capacity (86/86 frames) -- possible dropped samples
I (27474954) kx134: epoch: n=2048 mean_g x=0.970 y=0.063 z=-0.238 max_fifo=86/86
W (27475214) kx134: FIFO seen at max capacity (86/86 frames) -- possible dropped samples
I (27475214) kx134: epoch: n=2048 mean_g x=0.972 y=0.061 z=-0.233 max_fifo=86/86
W (27475484) kx134: FIFO seen at max capacity (86/86 frames) -- possible dropped samples
I (27475484) kx134: epoch: n=2048 mean_g x=0.967 y=0.067 z=-0.238 max_fifo=86/86
W (27475754) kx134: FIFO seen at max capacity (86/86 frames) -- possible dropped samples
I (27475754) kx134: epoch: n=2048 mean_g x=0.972 y=0.065 z=-0.238 max_fifo=86/86
W (27476014) kx134: FIFO seen at max capacity (86/86 frames) -- possible dropped samples
I (27476014) kx134: epoch: n=2048 mean_g x=0.970 y=0.064 z=-0.235 max_fifo=86/86
W (27476284) kx134: FIFO seen at max capacity (86/86 frames) -- possible dropped samples
I (27476284) kx134: epoch: n=2048 mean_g x=0.974 y=0.060 z=-0.234 max_fifo=86/86
W (27476544) kx134: FIFO seen at max capacity (86/86 frames) -- possible dropped samples
I (27476544) kx134: epoch: n=2048 mean_g x=0.971 y=0.065 z=-0.236 max_fifo=86/86
W (27476814) kx134: FIFO seen at max capacity (86/86 frames) -- possible dropped samples
I (27476814) kx134: epoch: n=2048 mean_g x=0.972 y=0.062 z=-0.237 max_fifo=86/86
W (27477084) kx134: FIFO seen at max capacity (86/86 frames) -- possible dropped samples
I (27477084) kx134: epoch: n=2048 mean_g x=0.971 y=0.062 z=-0.237 max_fifo=86/86
W (27477354) kx134: FIFO seen at max capacity (86/86 frames) -- possible dropped samples
I (27477354) kx134: epoch: n=2048 mean_g x=0.970 y=0.065 z=-0.239 max_fifo=86/86
W (27477614) kx134: FIFO seen at max capacity (86/86 frames) -- possible dropped samples
I (27477614) kx134: epoch: n=2048 mean_g x=0.969 y=0.066 z=-0.236 max_fifo=86/86
W (27477894) kx134: FIFO seen at max capacity (86/86 frames) -- possible dropped samples
I (27477894) kx134: epoch: n=2048 mean_g x=0.971 y=0.063 z=-0.236 max_fifo=86/86
W (27478164) kx134: FIFO seen at max capacity (86/86 frames) -- possible dropped samples
I (27478164) kx134: epoch: n=2048 mean_g x=0.973 y=0.059 z=-0.238 max_fifo=86/86
W (27478424) kx134: FIFO seen at max capacity (86/86 frames) -- possible dropped samples
I (27478424) kx134: epoch: n=2048 mean_g x=0.972 y=0.061 z=-0.238 max_fifo=86/86
W (27478694) kx134: FIFO seen at max capacity (86/86 frames) -- possible dropped samples
I (27478694) kx134: epoch: n=2048 mean_g x=0.971 y=0.063 z=-0.236 max_fifo=86/86
W (27478964) kx134: FIFO seen at max capacity (86/86 frames) -- possible dropped samples
I (27478964) kx134: epoch: n=2048 mean_g x=0.972 y=0.059 z=-0.237 max_fifo=86/86
W (27479224) kx134: FIFO seen at max capacity (86/86 frames) -- possible dropped samples
I (27479224) kx134: epoch: n=2048 mean_g x=0.974 y=0.061 z=-0.235 max_fifo=86/86
W (27479484) kx134: FIFO seen at max capacity (86/86 frames) -- possible dropped samples
I (27479484) kx134: epoch: n=2048 mean_g x=0.970 y=0.059 z=-0.235 max_fifo=86/86
W (27479754) kx134: FIFO seen at max capacity (86/86 frames) -- possible dropped samples
I (27479754) kx134: epoch: n=2048 mean_g x=0.968 y=0.059 z=-0.232 max_fifo=86/86
W (27480024) kx134: FIFO seen at max capacity (86/86 frames) -- possible dropped samples
I (27480024) kx134: epoch: n=2048 mean_g x=0.970 y=0.063 z=-0.237 max_fifo=86/86
W (27480294) kx134: FIFO seen at max capacity (86/86 frames) -- possible dropped samples
I (27480294) kx134: epoch: n=2048 mean_g x=0.970 y=0.060 z=-0.238 max_fifo=86/86
W (27480554) kx134: FIFO seen at max capacity (86/86 frames) -- possible dropped samples
I (27480554) kx134: epoch: n=2048 mean_g x=0.975 y=0.063 z=-0.237 max_fifo=86/86
W (27480834) kx134: FIFO seen at max capacity (86/86 frames) -- possible dropped samples
I (27480834) kx134: epoch: n=2048 mean_g x=0.975 y=0.065 z=-0.236 max_fifo=86/86
W (27481104) kx134: FIFO seen at max capacity (86/86 frames) -- possible dropped samples
I (27481104) kx134: epoch: n=2048 mean_g x=0.971 y=0.065 z=-0.232 max_fifo=86/86
W (27481364) kx134: FIFO seen at max capacity (86/86 frames) -- possible dropped samples
I (27481364) kx134: epoch: n=2048 mean_g x=0.973 y=0.060 z=-0.237 max_fifo=86/86
E (27481384) esp-tls: [sock=58] select() timeout
E (27481384) transport_base: Failed to open a new connection: 32774
E (27481384) mqtt_client: Error transport connect
W (27481384) link_mqtt: disconnected
W (27481644) kx134: FIFO seen at max capacity (86/86 frames) -- possible dropped samples
I (27481644) kx134: epoch: n=2048 mean_g x=0.972 y=0.066 z=-0.237 max_fifo=86/86
W (27481914) kx134: FIFO seen at max capacity (86/86 frames) -- possible dropped samples
I (27481914) kx134: epoch: n=2048 mean_g x=0.970 y=0.064 z=-0.237 max_fifo=86/86
W (27482184) kx134: FIFO seen at max capacity (86/86 frames) -- possible dropped samples
I (27482184) kx134: epoch: n=2048 mean_g x=0.972 y=0.067 z=-0.237 max_fifo=86/86
W (27482444) kx134: FIFO seen at max capacity (86/86 frames) -- possible dropped samples
I (27482444) kx134: epoch: n=2048 mean_g x=0.974 y=0.059 z=-0.236 max_fifo=86/86
W (27482724) kx134: FIFO seen at max capacity (86/86 frames) -- possible dropped samples
I (27482724) kx134: epoch: n=2048 mean_g x=0.971 y=0.060 z=-0.238 max_fifo=86/86
W (27482984) kx134: FIFO seen at max capacity (86/86 frames) -- possible dropped samples
I (27482984) kx134: epoch: n=2048 mean_g x=0.976 y=0.060 z=-0.239 max_fifo=86/86
W (27483254) kx134: FIFO seen at max capacity (86/86 frames) -- possible dropped samples
I (27483254) kx134: epoch: n=2048 mean_g x=0.972 y=0.062 z=-0.233 max_fifo=86/86
W (27483524) kx134: FIFO seen at max capacity (86/86 frames) -- possible dropped samples
I (27483524) kx134: epoch: n=2048 mean_g x=0.970 y=0.063 z=-0.235 max_fifo=86/86
W (27483784) kx134: FIFO seen at max capacity (86/86 frames) -- possible dropped samples
I (27483784) kx134: epoch: n=2048 mean_g x=0.972 y=0.060 z=-0.235 max_fifo=86/86
W (27484054) kx134: FIFO seen at max capacity (86/86 frames) -- possible dropped samples
I (27484054) kx134: epoch: n=2048 mean_g x=0.971 y=0.064 z=-0.237 max_fifo=86/86
W (27484314) kx134: FIFO seen at max capacity (86/86 frames) -- possible dropped samples
I (27484314) kx134: epoch: n=2048 mean_g x=0.972 y=0.063 z=-0.234 max_fifo=86/86
W (27484584) kx134: FIFO seen at max capacity (86/86 frames) -- possible dropped samples
I (27484584) kx134: epoch: n=2048 mean_g x=0.973 y=0.063 z=-0.235 max_fifo=86/86
W (27484854) kx134: FIFO seen at max capacity (86/86 frames) -- possible dropped samples
I (27484854) kx134: epoch: n=2048 mean_g x=0.975 y=0.061 z=-0.236 max_fifo=86/86
W (27485124) kx134: FIFO seen at max capacity (86/86 frames) -- possible dropped samples
I (27485124) kx134: epoch: n=2048 mean_g x=0.972 y=0.062 z=-0.236 max_fifo=86/86
W (27485384) kx134: FIFO seen at max capacity (86/86 frames) -- possible dropped samples
I (27485384) kx134: epoch: n=2048 mean_g x=0.970 y=0.062 z=-0.236 max_fifo=86/86
W (27485664) kx134: FIFO seen at max capacity (86/86 frames) -- possible dropped samples
I (27485664) kx134: epoch: n=2048 mean_g x=0.973 y=0.064 z=-0.237 max_fifo=86/86
W (27485924) kx134: FIFO seen at max capacity (86/86 frames) -- possible dropped samples
I (27485924) kx134: epoch: n=2048 mean_g x=0.973 y=0.061 z=-0.234 max_fifo=86/86
W (27486194) kx134: FIFO seen at max capacity (86/86 frames) -- possible dropped samples
I (27486194) kx134: epoch: n=2048 mean_g x=0.972 y=0.060 z=-0.234 max_fifo=86/86
W (27486464) kx134: FIFO seen at max capacity (86/86 frames) -- possible dropped samples
I (27486464) kx134: epoch: n=2048 mean_g x=0.973 y=0.063 z=-0.238 max_fifo=86/86
W (27486724) kx134: FIFO seen at max capacity (86/86 frames) -- possible dropped samples
I (27486724) kx134: epoch: n=2048 mean_g x=0.974 y=0.063 z=-0.236 max_fifo=86/86
W (27486994) kx134: FIFO seen at max capacity (86/86 frames) -- possible dropped samples
I (27486994) kx134: epoch: n=2048 mean_g x=0.970 y=0.062 z=-0.234 max_fifo=86/86
W (27487254) kx134: FIFO seen at max capacity (86/86 frames) -- possible dropped samples
I (27487254) kx134: epoch: n=2048 mean_g x=0.971 y=0.065 z=-0.237 max_fifo=86/86
W (27487524) kx134: FIFO seen at max capacity (86/86 frames) -- possible dropped samples
I (27487524) kx134: epoch: n=2048 mean_g x=0.973 y=0.061 z=-0.237 max_fifo=86/86
W (27487794) kx134: FIFO seen at max capacity (86/86 frames) -- possible dropped samples
I (27487794) kx134: epoch: n=2048 mean_g x=0.972 y=0.065 z=-0.237 max_fifo=86/86
W (27488064) kx134: FIFO seen at max capacity (86/86 frames) -- possible dropped samples
I (27488064) kx134: epoch: n=2048 mean_g x=0.976 y=0.057 z=-0.233 max_fifo=86/86
W (27488324) kx134: FIFO seen at max capacity (86/86 frames) -- possible dropped samples
I (27488324) kx134: epoch: n=2048 mean_g x=0.973 y=0.065 z=-0.238 max_fifo=86/86
W (27488604) kx134: FIFO seen at max capacity (86/86 frames) -- possible dropped samples
I (27488604) kx134: epoch: n=2048 mean_g x=0.973 y=0.064 z=-0.235 max_fifo=86/86
W (27488874) kx134: FIFO seen at max capacity (86/86 frames) -- possible dropped samples
I (27488874) kx134: epoch: n=2048 mean_g x=0.975 y=0.065 z=-0.238 max_fifo=86/86
W (27489134) kx134: FIFO seen at max capacity (86/86 frames) -- possible dropped samples
I (27489134) kx134: epoch: n=2048 mean_g x=0.971 y=0.061 z=-0.235 max_fifo=86/86
W (27489404) kx134: FIFO seen at max capacity (86/86 frames) -- possible dropped samples
I (27489404) kx134: epoch: n=2048 mean_g x=0.974 y=0.062 z=-0.238 max_fifo=86/86
W (27489674) kx134: FIFO seen at max capacity (86/86 frames) -- possible dropped samples
I (27489674) kx134: epoch: n=2048 mean_g x=0.972 y=0.063 z=-0.234 max_fifo=86/86
W (27489944) kx134: FIFO seen at max capacity (86/86 frames) -- possible dropped samples
I (27489944) kx134: epoch: n=2048 mean_g x=0.971 y=0.066 z=-0.239 max_fifo=86/86
W (27490204) kx134: FIFO seen at max capacity (86/86 frames) -- possible dropped samples
I (27490204) kx134: epoch: n=2048 mean_g x=0.970 y=0.063 z=-0.237 max_fifo=86/86
W (27490484) kx134: FIFO seen at max capacity (86/86 frames) -- possible dropped samples
I (27490484) kx134: epoch: n=2048 mean_g x=0.973 y=0.063 z=-0.238 max_fifo=86/86
W (27490754) kx134: FIFO seen at max capacity (86/86 frames) -- possible dropped samples
I (27490754) kx134: epoch: n=2048 mean_g x=0.972 y=0.062 z=-0.233 max_fifo=86/86
W (27491024) kx134: FIFO seen at max capacity (86/86 frames) -- possible dropped samples
I (27491024) kx134: epoch: n=2048 mean_g x=0.975 y=0.063 z=-0.236 max_fifo=86/86
W (27491294) kx134: FIFO seen at max capacity (86/86 frames) -- possible dropped samples
I (27491294) kx134: epoch: n=2048 mean_g x=0.974 y=0.062 z=-0.235 max_fifo=86/86
W (27491554) kx134: FIFO seen at max capacity (86/86 frames) -- possible dropped samples
I (27491554) kx134: epoch: n=2048 mean_g x=0.971 y=0.063 z=-0.237 max_fifo=86/86
W (27491824) kx134: FIFO seen at max capacity (86/86 frames) -- possible dropped samples
I (27491824) kx134: epoch: n=2048 mean_g x=0.973 y=0.060 z=-0.235 max_fifo=86/86
W (27492084) kx134: FIFO seen at max capacity (86/86 frames) -- possible dropped samples
I (27492084) kx134: epoch: n=2048 mean_g x=0.973 y=0.064 z=-0.235 max_fifo=86/86
W (27492354) kx134: FIFO seen at max capacity (86/86 frames) -- possible dropped samples
I (27492354) kx134: epoch: n=2048 mean_g x=0.972 y=0.063 z=-0.236 max_fifo=86/86
W (27492624) kx134: FIFO seen at max capacity (86/86 frames) -- possible dropped samples
I (27492624) kx134: epoch: n=2048 mean_g x=0.973 y=0.062 z=-0.235 max_fifo=86/86
W (27492894) kx134: FIFO seen at max capacity (86/86 frames) -- possible dropped samples
I (27492894) kx134: epoch: n=2048 mean_g x=0.976 y=0.061 z=-0.231 max_fifo=86/86
W (27493154) kx134: FIFO seen at max capacity (86/86 frames) -- possible dropped samples
I (27493154) kx134: epoch: n=2048 mean_g x=0.975 y=0.062 z=-0.234 max_fifo=86/86
E (27493404) esp-tls: [sock=58] select() timeout
E (27493404) transport_base: Failed to open a new connection: 32774
E (27493404) mqtt_client: Error transport connect
W (27493404) link_mqtt: disconnected
W (27493434) kx134: FIFO seen at max capacity (86/86 frames) -- possible dropped samples
I (27493434) kx134: epoch: n=2048 mean_g x=0.973 y=0.058 z=-0.231 max_fifo=86/86
W (27493704) kx134: FIFO seen at max capacity (86/86 frames) -- possible dropped samples
I (27493704) kx134: epoch: n=2048 mean_g x=0.974 y=0.062 z=-0.238 max_fifo=86/86
W (27493964) kx134: FIFO seen at max capacity (86/86 frames) -- possible dropped samples
I (27493964) kx134: epoch: n=2048 mean_g x=0.971 y=0.063 z=-0.236 max_fifo=86/86
W (27494234) kx134: FIFO seen at max capacity (86/86 frames) -- possible dropped samples
I (27494234) kx134: epoch: n=2048 mean_g x=0.971 y=0.059 z=-0.236 max_fifo=86/86
W (27494494) kx134: FIFO seen at max capacity (86/86 frames) -- possible dropped samples
I (27494494) kx134: epoch: n=2048 mean_g x=0.972 y=0.057 z=-0.239 max_fifo=86/86
W (27494764) kx134: FIFO seen at max capacity (86/86 frames) -- possible dropped samples
I (27494764) kx134: epoch: n=2048 mean_g x=0.970 y=0.062 z=-0.234 max_fifo=86/86
W (27495024) kx134: FIFO seen at max capacity (86/86 frames) -- possible dropped samples
I (27495024) kx134: epoch: n=2048 mean_g x=0.969 y=0.062 z=-0.235 max_fifo=86/86
W (27495294) kx134: FIFO seen at max capacity (86/86 frames) -- possible dropped samples
I (27495294) kx134: epoch: n=2048 mean_g x=0.970 y=0.060 z=-0.237 max_fifo=86/86
W (27495564) kx134: FIFO seen at max capacity (86/86 frames) -- possible dropped samples
I (27495564) kx134: epoch: n=2048 mean_g x=0.971 y=0.063 z=-0.234 max_fifo=86/86
W (27495834) kx134: FIFO seen at max capacity (86/86 frames) -- possible dropped samples
I (27495834) kx134: epoch: n=2048 mean_g x=0.976 y=0.063 z=-0.237 max_fifo=86/86
W (27496094) kx134: FIFO seen at max capacity (86/86 frames) -- possible dropped samples
I (27496094) kx134: epoch: n=2048 mean_g x=0.971 y=0.063 z=-0.237 max_fifo=86/86
W (27496374) kx134: FIFO seen at max capacity (86/86 frames) -- possible dropped samples
I (27496374) kx134: epoch: n=2048 mean_g x=0.974 y=0.060 z=-0.237 max_fifo=86/86
W (27496634) kx134: FIFO seen at max capacity (86/86 frames) -- possible dropped samples
I (27496644) kx134: epoch: n=2048 mean_g x=0.973 y=0.058 z=-0.232 max_fifo=86/86
W (27496904) kx134: FIFO seen at max capacity (86/86 frames) -- possible dropped samples
I (27496904) kx134: epoch: n=2048 mean_g x=0.970 y=0.065 z=-0.237 max_fifo=86/86
W (27497174) kx134: FIFO seen at max capacity (86/86 frames) -- possible dropped samples
I (27497174) kx134: epoch: n=2048 mean_g x=0.971 y=0.062 z=-0.237 max_fifo=86/86
W (27497434) kx134: FIFO seen at max capacity (86/86 frames) -- possible dropped samples
I (27497434) kx134: epoch: n=2048 mean_g x=0.972 y=0.061 z=-0.236 max_fifo=86/86
W (27497704) kx134: FIFO seen at max capacity (86/86 frames) -- possible dropped samples
I (27497704) kx134: epoch: n=2048 mean_g x=0.970 y=0.066 z=-0.234 max_fifo=86/86
W (27497964) kx134: FIFO seen at max capacity (86/86 frames) -- possible dropped samples
I (27497964) kx134: epoch: n=2048 mean_g x=0.972 y=0.063 z=-0.236 max_fifo=86/86
W (27498234) kx134: FIFO seen at max capacity (86/86 frames) -- possible dropped samples
I (27498234) kx134: epoch: n=2048 mean_g x=0.971 y=0.063 z=-0.236 max_fifo=86/86
I (27498464) DIAG: Stack HWM (bytes free): mic=7204 dsp=4120 rgb=1920 imu=1580 diag=684
I (27498464) DIAG: CPU runtime:
diag           	104946515		6%
IDLE0          	3818591551		221%
IDLE1          	1203625453		69%
tiT            	213906803		12%
mic_task       	229404589		13%
net            	1641472952		95%
wifi_prov      	571430		<1%
imu_task       	4092810118		236%
dsp_task       	357266318		20%
mqtt_task      	26347115		1%
rgb_led        	45298404		2%
main           	157574		<1%
sys_evt        	1037592		<1%
httpd          	589		<1%
ipc1           	50730		<1%
ipc0           	37885		<1%
esp_timer      	13913547		<1%
wifi           	295381120		17%
Tmr Svc        	17		<1%
dns_captive    	54		<1%

W (27498504) kx134: FIFO seen at max capacity (86/86 frames) -- possible dropped samples
I (27498524) kx134: epoch: n=2048 mean_g x=0.974 y=0.064 z=-0.236 max_fifo=86/86
I (27498554) DIAG: Heap free: internal=3148 largest_free=1280 PSRAM=8209812 IRAM=0
I (27498554) DIAG: wifi: connects=3 disconnects=447 retry_cnt=0
I (27498554) DIAG: mqtt: connects=12 disconnects=747 publishes=86767 publish_failures=12 cmds_received=0
I (27498564) DIAG: wifi_prov: state=2 provisioning_entries=1 recovery_entries=1 recovery_successes=0
I (27498574) DIAG: mic: blocks_ok=429635 capture_failures=0 rb_drops=0
W (27498574) DIAG: mic i2s: overflow_count=14 (cumulative) read_errors=0 short_reads=0 — check CPU load
I (27498584) DIAG: dsp: fft_count=429636 frames_emitted=107409 rb_timeouts=0 last_fft_us=605
I (27498594) DIAG: imu: epochs=102142 read_errors=0 reinit_attempts=0 reinit_successes=0
I (27498604) DIAG: accel: reads_ok=306426 read_errors=0 fifo_max_hits=102142
I (27498604) DIAG: net: frames_built=130333 build_failures=0 publish_failures=12 cmd_malformed=0 disconnect_reverts=12
I (27498614) DIAG: led: state_changes=465 remote_updates=0 hw_errors=0
W (27498794) kx134: FIFO seen at max capacity (86/86 frames) -- possible dropped samples
I (27498794) kx134: epoch: n=2048 mean_g x=0.974 y=0.065 z=-0.236 max_fifo=86/86
W (27499064) kx134: FIFO seen at max capacity (86/86 frames) -- possible dropped samples
I (27499064) kx134: epoch: n=2048 mean_g x=0.972 y=0.064 z=-0.238 max_fifo=86/86
W (27499334) kx134: FIFO seen at max capacity (86/86 frames) -- possible dropped samples
I (27499334) kx134: epoch: n=2048 mean_g x=0.969 y=0.065 z=-0.238 max_fifo=86/86
W (27499594) kx134: FIFO seen at max capacity (86/86 frames) -- possible dropped samples
I (27499594) kx134: epoch: n=2048 mean_g x=0.972 y=0.065 z=-0.237 max_fifo=86/86
W (27499854) kx134: FIFO seen at max capacity (86/86 frames) -- possible dropped samples
I (27499854) kx134: epoch: n=2048 mean_g x=0.971 y=0.066 z=-0.236 max_fifo=86/86
W (27500124) kx134: FIFO seen at max capacity (86/86 frames) -- possible dropped samples
I (27500124) kx134: epoch: n=2048 mean_g x=0.973 y=0.063 z=-0.237 max_fifo=86/86
W (27500394) kx134: FIFO seen at max capacity (86/86 frames) -- possible dropped samples
I (27500394) kx134: epoch: n=2048 mean_g x=0.974 y=0.059 z=-0.238 max_fifo=86/86
W (27500664) kx134: FIFO seen at max capacity (86/86 frames) -- possible dropped samples
I (27500664) kx134: epoch: n=2048 mean_g x=0.971 y=0.061 z=-0.237 max_fifo=86/86
W (27500924) kx134: FIFO seen at max capacity (86/86 frames) -- possible dropped samples
I (27500924) kx134: epoch: n=2048 mean_g x=0.974 y=0.061 z=-0.236 max_fifo=86/86
W (27501204) kx134: FIFO seen at max capacity (86/86 frames) -- possible dropped samples
I (27501204) kx134: epoch: n=2048 mean_g x=0.970 y=0.060 z=-0.237 max_fifo=86/86
W (27501474) kx134: FIFO seen at max capacity (86/86 frames) -- possible dropped samples
I (27501474) kx134: epoch: n=2048 mean_g x=0.972 y=0.061 z=-0.238 max_fifo=86/86
W (27501734) kx134: FIFO seen at max capacity (86/86 frames) -- possible dropped samples
I (27501734) kx134: epoch: n=2048 mean_g x=0.971 y=0.066 z=-0.238 max_fifo=86/86
W (27502004) kx134: FIFO seen at max capacity (86/86 frames) -- possible dropped samples
I (27502004) kx134: epoch: n=2048 mean_g x=0.973 y=0.062 z=-0.238 max_fifo=86/86
W (27502264) kx134: FIFO seen at max capacity (86/86 frames) -- possible dropped samples
I (27502264) kx134: epoch: n=2048 mean_g x=0.972 y=0.061 z=-0.235 max_fifo=86/86
W (27502534) kx134: FIFO seen at max capacity (86/86 frames) -- possible dropped samples
I (27502534) kx134: epoch: n=2048 mean_g x=0.972 y=0.063 z=-0.236 max_fifo=86/86
W (27502794) kx134: FIFO seen at max capacity (86/86 frames) -- possible dropped samples
I (27502794) kx134: epoch: n=2048 mean_g x=0.970 y=0.060 z=-0.234 max_fifo=86/86
W (27503064) kx134: FIFO seen at max capacity (86/86 frames) -- possible dropped samples
I (27503064) kx134: epoch: n=2048 mean_g x=0.972 y=0.060 z=-0.239 max_fifo=86/86
W (27503334) kx134: FIFO seen at max capacity (86/86 frames) -- possible dropped samples
I (27503334) kx134: epoch: n=2048 mean_g x=0.973 y=0.066 z=-0.235 max_fifo=86/86
W (27503604) kx134: FIFO seen at max capacity (86/86 frames) -- possible dropped samples
I (27503604) kx134: epoch: n=2048 mean_g x=0.971 y=0.062 z=-0.236 max_fifo=86/86
W (27503864) kx134: FIFO seen at max capacity (86/86 frames) -- possible dropped samples
I (27503864) kx134: epoch: n=2048 mean_g x=0.972 y=0.063 z=-0.237 max_fifo=86/86
W (27504144) kx134: FIFO seen at max capacity (86/86 frames) -- possible dropped samples
I (27504144) kx134: epoch: n=2048 mean_g x=0.969 y=0.062 z=-0.237 max_fifo=86/86
W (27504404) kx134: FIFO seen at max capacity (86/86 frames) -- possible dropped samples
I (27504404) kx134: epoch: n=2048 mean_g x=0.971 y=0.064 z=-0.235 max_fifo=86/86
W (27504674) kx134: FIFO seen at max capacity (86/86 frames) -- possible dropped samples
I (27504674) kx134: epoch: n=2048 mean_g x=0.973 y=0.061 z=-0.234 max_fifo=86/86
W (27504944) kx134: FIFO seen at max capacity (86/86 frames) -- possible dropped samples
I (27504944) kx134: epoch: n=2048 mean_g x=0.968 y=0.062 z=-0.236 max_fifo=86/86
W (27505204) kx134: FIFO seen at max capacity (86/86 frames) -- possible dropped samples
I (27505204) kx134: epoch: n=2048 mean_g x=0.973 y=0.059 z=-0.237 max_fifo=86/86
W (27505474) kx134: FIFO seen at max capacity (86/86 frames) -- possible dropped samples
I (27505474) kx134: epoch: n=2048 mean_g x=0.974 y=0.061 z=-0.234 max_fifo=86/86
W (27505734) kx134: FIFO seen at max capacity (86/86 frames) -- possible dropped samples
I (27505734) kx134: epoch: n=2048 mean_g x=0.974 y=0.063 z=-0.235 max_fifo=86/86
W (27506004) kx134: FIFO seen at max capacity (86/86 frames) -- possible dropped samples
I (27506004) kx134: epoch: n=2048 mean_g x=0.974 y=0.062 z=-0.239 max_fifo=86/86
W (27506274) kx134: FIFO seen at max capacity (86/86 frames) -- possible dropped samples
I (27506274) kx134: epoch: n=2048 mean_g x=0.971 y=0.059 z=-0.236 max_fifo=86/86
E (27506414) esp-tls: [sock=58] select() timeout
E (27506414) transport_base: Failed to open a new connection: 32774
E (27506414) mqtt_client: Error transport connect
W (27506414) link_mqtt: disconnected
W (27506554) kx134: FIFO seen at max capacity (86/86 frames) -- possible dropped samples
I (27506554) kx134: epoch: n=2048 mean_g x=0.975 y=0.061 z=-0.238 max_fifo=86/86
W (27506814) kx134: FIFO seen at max capacity (86/86 frames) -- possible dropped samples
I (27506814) kx134: epoch: n=2048 mean_g x=0.972 y=0.062 z=-0.238 max_fifo=86/86
W (27507094) kx134: FIFO seen at max capacity (86/86 frames) -- possible dropped samples
I (27507094) kx134: epoch: n=2048 mean_g x=0.973 y=0.062 z=-0.238 max_fifo=86/86
W (27507364) kx134: FIFO seen at max capacity (86/86 frames) -- possible dropped samples
I (27507364) kx134: epoch: n=2048 mean_g x=0.972 y=0.058 z=-0.235 max_fifo=86/86
W (27507624) kx134: FIFO seen at max capacity (86/86 frames) -- possible dropped samples
I (27507624) kx134: epoch: n=2048 mean_g x=0.969 y=0.062 z=-0.237 max_fifo=86/86
W (27507894) kx134: FIFO seen at max capacity (86/86 frames) -- possible dropped samples
I (27507894) kx134: epoch: n=2048 mean_g x=0.971 y=0.063 z=-0.234 max_fifo=86/86
W (27508164) kx134: FIFO seen at max capacity (86/86 frames) -- possible dropped samples
I (27508164) kx134: epoch: n=2048 mean_g x=0.972 y=0.065 z=-0.235 max_fifo=86/86
W (27508434) kx134: FIFO seen at max capacity (86/86 frames) -- possible dropped samples
I (27508434) kx134: epoch: n=2048 mean_g x=0.969 y=0.064 z=-0.235 max_fifo=86/86
W (27508694) kx134: FIFO seen at max capacity (86/86 frames) -- possible dropped samples
I (27508694) kx134: epoch: n=2048 mean_g x=0.971 y=0.063 z=-0.237 max_fifo=86/86
W (27508974) kx134: FIFO seen at max capacity (86/86 frames) -- possible dropped samples
I (27508974) kx134: epoch: n=2048 mean_g x=0.971 y=0.062 z=-0.236 max_fifo=86/86
W (27509234) kx134: FIFO seen at max capacity (86/86 frames) -- possible dropped samples
I (27509234) kx134: epoch: n=2048 mean_g x=0.969 y=0.065 z=-0.234 max_fifo=86/86
W (27509504) kx134: FIFO seen at max capacity (86/86 frames) -- possible dropped samples
I (27509504) kx134: epoch: n=2048 mean_g x=0.971 y=0.063 z=-0.235 max_fifo=86/86
W (27509774) kx134: FIFO seen at max capacity (86/86 frames) -- possible dropped samples
I (27509774) kx134: epoch: n=2048 mean_g x=0.973 y=0.060 z=-0.236 max_fifo=86/86
W (27510044) kx134: FIFO seen at max capacity (86/86 frames) -- possible dropped samples
I (27510044) kx134: epoch: n=2048 mean_g x=0.971 y=0.065 z=-0.236 max_fifo=86/86
W (27510314) kx134: FIFO seen at max capacity (86/86 frames) -- possible dropped samples
I (27510314) kx134: epoch: n=2048 mean_g x=0.976 y=0.060 z=-0.236 max_fifo=86/86
W (27510564) kx134: FIFO seen at max capacity (86/86 frames) -- possible dropped samples
I (27510564) kx134: epoch: n=2048 mean_g x=0.972 y=0.064 z=-0.238 max_fifo=86/86
W (27510834) kx134: FIFO seen at max capacity (86/86 frames) -- possible dropped samples
I (27510834) kx134: epoch: n=2048 mean_g x=0.972 y=0.062 z=-0.237 max_fifo=86/86
W (27511104) kx134: FIFO seen at max capacity (86/86 frames) -- possible dropped samples
I (27511104) kx134: epoch: n=2048 mean_g x=0.973 y=0.062 z=-0.237 max_fifo=86/86
W (27511374) kx134: FIFO seen at max capacity (86/86 frames) -- possible dropped samples
I (27511374) kx134: epoch: n=2048 mean_g x=0.976 y=0.059 z=-0.238 max_fifo=86/86
W (27511634) kx134: FIFO seen at max capacity (86/86 frames) -- possible dropped samples
I (27511634) kx134: epoch: n=2048 mean_g x=0.971 y=0.065 z=-0.241 max_fifo=86/86
W (27511914) kx134: FIFO seen at max capacity (86/86 frames) -- possible dropped samples
I (27511914) kx134: epoch: n=2048 mean_g x=0.971 y=0.061 z=-0.236 max_fifo=86/86
W (27512184) kx134: FIFO seen at max capacity (86/86 frames) -- possible dropped samples
I (27512184) kx134: epoch: n=2048 mean_g x=0.974 y=0.059 z=-0.234 max_fifo=86/86
W (27512444) kx134: FIFO seen at max capacity (86/86 frames) -- possible dropped samples
I (27512444) kx134: epoch: n=2048 mean_g x=0.971 y=0.062 z=-0.234 max_fifo=86/86
W (27512714) kx134: FIFO seen at max capacity (86/86 frames) -- possible dropped samples
I (27512714) kx134: epoch: n=2048 mean_g x=0.975 y=0.064 z=-0.237 max_fifo=86/86
W (27512974) kx134: FIFO seen at max capacity (86/86 frames) -- possible dropped samples
I (27512974) kx134: epoch: n=2048 mean_g x=0.970 y=0.065 z=-0.237 max_fifo=86/86
W (27513244) kx134: FIFO seen at max capacity (86/86 frames) -- possible dropped samples
I (27513244) kx134: epoch: n=2048 mean_g x=0.971 y=0.059 z=-0.233 max_fifo=86/86
W (27513504) kx134: FIFO seen at max capacity (86/86 frames) -- possible dropped samples
I (27513504) kx134: epoch: n=2048 mean_g x=0.972 y=0.064 z=-0.239 max_fifo=86/86
W (27513774) kx134: FIFO seen at max capacity (86/86 frames) -- possible dropped samples
I (27513774) kx134: epoch: n=2048 mean_g x=0.973 y=0.064 z=-0.236 max_fifo=86/86
W (27514044) kx134: FIFO seen at max capacity (86/86 frames) -- possible dropped samples
I (27514044) kx134: epoch: n=2048 mean_g x=0.971 y=0.064 z=-0.234 max_fifo=86/86
W (27514314) kx134: FIFO seen at max capacity (86/86 frames) -- possible dropped samples
I (27514314) kx134: epoch: n=2048 mean_g x=0.971 y=0.063 z=-0.233 max_fifo=86/86
W (27514574) kx134: FIFO seen at max capacity (86/86 frames) -- possible dropped samples
I (27514574) kx134: epoch: n=2048 mean_g x=0.972 y=0.060 z=-0.235 max_fifo=86/86
W (27514854) kx134: FIFO seen at max capacity (86/86 frames) -- possible dropped samples
I (27514854) kx134: epoch: n=2048 mean_g x=0.971 y=0.064 z=-0.236 max_fifo=86/86
W (27515114) kx134: FIFO seen at max capacity (86/86 frames) -- possible dropped samples
I (27515114) kx134: epoch: n=2048 mean_g x=0.972 y=0.066 z=-0.238 max_fifo=86/86
W (27515394) kx134: FIFO seen at max capacity (86/86 frames) -- possible dropped samples
I (27515394) kx134: epoch: n=2048 mean_g x=0.970 y=0.062 z=-0.237 max_fifo=86/86
W (27515654) kx134: FIFO seen at max capacity (86/86 frames) -- possible dropped samples
I (27515654) kx134: epoch: n=2048 mean_g x=0.974 y=0.065 z=-0.235 max_fifo=86/86
W (27515914) kx134: FIFO seen at max capacity (86/86 frames) -- possible dropped samples
I (27515914) kx134: epoch: n=2048 mean_g x=0.971 y=0.060 z=-0.234 max_fifo=86/86
W (27516184) kx134: FIFO seen at max capacity (86/86 frames) -- possible dropped samples
I (27516184) kx134: epoch: n=2048 mean_g x=0.969 y=0.063 z=-0.239 max_fifo=86/86
W (27516444) kx134: FIFO seen at max capacity (86/86 frames) -- possible dropped samples
I (27516444) kx134: epoch: n=2048 mean_g x=0.974 y=0.061 z=-0.239 max_fifo=86/86
W (27516714) kx134: FIFO seen at max capacity (86/86 frames) -- possible dropped samples
I (27516714) kx134: epoch: n=2048 mean_g x=0.975 y=0.060 z=-0.238 max_fifo=86/86
W (27516984) kx134: FIFO seen at max capacity (86/86 frames) -- possible dropped samples
I (27516984) kx134: epoch: n=2048 mean_g x=0.970 y=0.063 z=-0.235 max_fifo=86/86
W (27517254) kx134: FIFO seen at max capacity (86/86 frames) -- possible dropped samples
I (27517254) kx134: epoch: n=2048 mean_g x=0.971 y=0.065 z=-0.233 max_fifo=86/86
W (27517514) kx134: FIFO seen at max capacity (86/86 frames) -- possible dropped samples
I (27517514) kx134: epoch: n=2048 mean_g x=0.969 y=0.067 z=-0.235 max_fifo=86/86
W (27517794) kx134: FIFO seen at max capacity (86/86 frames) -- possible dropped samples
I (27517794) kx134: epoch: n=2048 mean_g x=0.969 y=0.064 z=-0.237 max_fifo=86/86
W (27518054) kx134: FIFO seen at max capacity (86/86 frames) -- possible dropped samples
I (27518054) kx134: epoch: n=2048 mean_g x=0.973 y=0.064 z=-0.233 max_fifo=86/86
W (27518324) kx134: FIFO seen at max capacity (86/86 frames) -- possible dropped samples
I (27518324) kx134: epoch: n=2048 mean_g x=0.973 y=0.063 z=-0.237 max_fifo=86/86
W (27518594) kx134: FIFO seen at max capacity (86/86 frames) -- possible dropped samples
I (27518594) kx134: epoch: n=2048 mean_g x=0.974 y=0.062 z=-0.236 max_fifo=86/86
W (27518854) kx134: FIFO seen at max capacity (86/86 frames) -- possible dropped samples
I (27518854) kx134: epoch: n=2048 mean_g x=0.975 y=0.061 z=-0.237 max_fifo=86/86
W (27519124) kx134: FIFO seen at max capacity (86/86 frames) -- possible dropped samples
I (27519124) kx134: epoch: n=2048 mean_g x=0.973 y=0.062 z=-0.233 max_fifo=86/86
W (27519384) kx134: FIFO seen at max capacity (86/86 frames) -- possible dropped samples
I (27519384) kx134: epoch: n=2048 mean_g x=0.969 y=0.062 z=-0.233 max_fifo=86/86
E (27519424) esp-tls: [sock=58] select() timeout
E (27519424) transport_base: Failed to open a new connection: 32774
E (27519424) mqtt_client: Error transport connect
W (27519424) link_mqtt: disconnected
W (27519654) kx134: FIFO seen at max capacity (86/86 frames) -- possible dropped samples
I (27519654) kx134: epoch: n=2048 mean_g x=0.974 y=0.060 z=-0.236 max_fifo=86/86
W (27519914) kx134: FIFO seen at max capacity (86/86 frames) -- possible dropped samples
I (27519914) kx134: epoch: n=2048 mean_g x=0.972 y=0.063 z=-0.237 max_fifo=86/86
W (27520184) kx134: FIFO seen at max capacity (86/86 frames) -- possible dropped samples
I (27520184) kx134: epoch: n=2048 mean_g x=0.975 y=0.063 z=-0.236 max_fifo=86/86
W (27520444) kx134: FIFO seen at max capacity (86/86 frames) -- possible dropped samples
I (27520444) kx134: epoch: n=2048 mean_g x=0.973 y=0.064 z=-0.238 max_fifo=86/86
W (27520714) kx134: FIFO seen at max capacity (86/86 frames) -- possible dropped samples
I (27520714) kx134: epoch: n=2048 mean_g x=0.972 y=0.065 z=-0.234 max_fifo=86/86
W (27520984) kx134: FIFO seen at max capacity (86/86 frames) -- possible dropped samples
I (27520984) kx134: epoch: n=2048 mean_g x=0.969 y=0.066 z=-0.235 max_fifo=86/86
W (27521254) kx134: FIFO seen at max capacity (86/86 frames) -- possible dropped samples
I (27521254) kx134: epoch: n=2048 mean_g x=0.973 y=0.063 z=-0.240 max_fifo=86/86
W (27521514) kx134: FIFO seen at max capacity (86/86 frames) -- possible dropped samples
I (27521514) kx134: epoch: n=2048 mean_g x=0.973 y=0.063 z=-0.236 max_fifo=86/86
W (27521794) kx134: FIFO seen at max capacity (86/86 frames) -- possible dropped samples
I (27521794) kx134: epoch: n=2048 mean_g x=0.975 y=0.063 z=-0.237 max_fifo=86/86
W (27522064) kx134: FIFO seen at max capacity (86/86 frames) -- possible dropped samples
I (27522064) kx134: epoch: n=2048 mean_g x=0.969 y=0.062 z=-0.236 max_fifo=86/86
W (27522324) kx134: FIFO seen at max capacity (86/86 frames) -- possible dropped samples
I (27522324) kx134: epoch: n=2048 mean_g x=0.970 y=0.063 z=-0.235 max_fifo=86/86
W (27522594) kx134: FIFO seen at max capacity (86/86 frames) -- possible dropped samples
I (27522594) kx134: epoch: n=2048 mean_g x=0.971 y=0.062 z=-0.235 max_fifo=86/86
W (27522864) kx134: FIFO seen at max capacity (86/86 frames) -- possible dropped samples
I (27522864) kx134: epoch: n=2048 mean_g x=0.972 y=0.066 z=-0.234 max_fifo=86/86
W (27523124) kx134: FIFO seen at max capacity (86/86 frames) -- possible dropped samples
I (27523124) kx134: epoch: n=2048 mean_g x=0.972 y=0.062 z=-0.235 max_fifo=86/86
W (27523384) kx134: FIFO seen at max capacity (86/86 frames) -- possible dropped samples
I (27523384) kx134: epoch: n=2048 mean_g x=0.976 y=0.061 z=-0.236 max_fifo=86/86
W (27523654) kx134: FIFO seen at max capacity (86/86 frames) -- possible dropped samples
I (27523654) kx134: epoch: n=2048 mean_g x=0.970 y=0.063 z=-0.237 max_fifo=86/86
W (27523924) kx134: FIFO seen at max capacity (86/86 frames) -- possible dropped samples
I (27523924) kx134: epoch: n=2048 mean_g x=0.970 y=0.065 z=-0.235 max_fifo=86/86
W (27524194) kx134: FIFO seen at max capacity (86/86 frames) -- possible dropped samples
I (27524194) kx134: epoch: n=2048 mean_g x=0.969 y=0.063 z=-0.238 max_fifo=86/86
W (27524454) kx134: FIFO seen at max capacity (86/86 frames) -- possible dropped samples
I (27524454) kx134: epoch: n=2048 mean_g x=0.970 y=0.060 z=-0.238 max_fifo=86/86
W (27524734) kx134: FIFO seen at max capacity (86/86 frames) -- possible dropped samples
I (27524734) kx134: epoch: n=2048 mean_g x=0.971 y=0.062 z=-0.238 max_fifo=86/86
W (27525004) kx134: FIFO seen at max capacity (86/86 frames) -- possible dropped samples
I (27525004) kx134: epoch: n=2048 mean_g x=0.974 y=0.058 z=-0.235 max_fifo=86/86
W (27525264) kx134: FIFO seen at max capacity (86/86 frames) -- possible dropped samples
I (27525264) kx134: epoch: n=2048 mean_g x=0.972 y=0.063 z=-0.234 max_fifo=86/86
W (27525534) kx134: FIFO seen at max capacity (86/86 frames) -- possible dropped samples
I (27525534) kx134: epoch: n=2048 mean_g x=0.974 y=0.059 z=-0.234 max_fifo=86/86
W (27525794) kx134: FIFO seen at max capacity (86/86 frames) -- possible dropped samples
I (27525794) kx134: epoch: n=2048 mean_g x=0.968 y=0.063 z=-0.234 max_fifo=86/86
W (27526064) kx134: FIFO seen at max capacity (86/86 frames) -- possible dropped samples
I (27526064) kx134: epoch: n=2048 mean_g x=0.973 y=0.064 z=-0.235 max_fifo=86/86
W (27526324) kx134: FIFO seen at max capacity (86/86 frames) -- possible dropped samples
I (27526324) kx134: epoch: n=2048 mean_g x=0.972 y=0.063 z=-0.235 max_fifo=86/86
W (27526594) kx134: FIFO seen at max capacity (86/86 frames) -- possible dropped samples
I (27526594) kx134: epoch: n=2048 mean_g x=0.972 y=0.062 z=-0.238 max_fifo=86/86
W (27526864) kx134: FIFO seen at max capacity (86/86 frames) -- possible dropped samples
I (27526864) kx134: epoch: n=2048 mean_g x=0.969 y=0.065 z=-0.235 max_fifo=86/86
W (27527134) kx134: FIFO seen at max capacity (86/86 frames) -- possible dropped samples
I (27527134) kx134: epoch: n=2048 mean_g x=0.971 y=0.062 z=-0.234 max_fifo=86/86
W (27527394) kx134: FIFO seen at max capacity (86/86 frames) -- possible dropped samples
I (27527394) kx134: epoch: n=2048 mean_g x=0.973 y=0.068 z=-0.236 max_fifo=86/86
W (27527674) kx134: FIFO seen at max capacity (86/86 frames) -- possible dropped samples
I (27527674) kx134: epoch: n=2048 mean_g x=0.969 y=0.063 z=-0.234 max_fifo=86/86
W (27527934) kx134: FIFO seen at max capacity (86/86 frames) -- possible dropped samples
I (27527934) kx134: epoch: n=2048 mean_g x=0.969 y=0.061 z=-0.237 max_fifo=86/86
W (27528204) kx134: FIFO seen at max capacity (86/86 frames) -- possible dropped samples
I (27528204) kx134: epoch: n=2048 mean_g x=0.974 y=0.062 z=-0.235 max_fifo=86/86
W (27528474) kx134: FIFO seen at max capacity (86/86 frames) -- possible dropped samples
I (27528474) kx134: epoch: n=2048 mean_g x=0.971 y=0.065 z=-0.237 max_fifo=86/86
I (27528624) DIAG: Stack HWM (bytes free): mic=7204 dsp=4120 rgb=1920 imu=1580 diag=684
I (27528624) DIAG: CPU runtime:
diag           	105070644		5%
IDLE0          	3841770653		218%
IDLE1          	1233245111		70%
mic_task       	229655982		13%
net            	1643208897		93%
tiT            	213947132		12%
wifi_prov      	572314		<1%
imu_task       	4097353909		233%
dsp_task       	357657405		20%
mqtt_task      	26364832		1%
rgb_led        	45446083		2%
main           	157574		<1%
httpd          	589		<1%
ipc1           	50730		<1%
ipc0           	37885		<1%
Tmr Svc        	17		<1%
esp_timer      	13944809		<1%
wifi           	295618270		16%
dns_captive    	54		<1%
sys_evt        	1037592		<1%

I (27528684) DIAG: Heap free: internal=3160 largest_free=1280 PSRAM=8209812 IRAM=0
I (27528684) DIAG: wifi: connects=3 disconnects=447 retry_cnt=0
I (27528684) DIAG: mqtt: connects=12 disconnects=749 publishes=86767 publish_failures=12 cmds_received=0
I (27528694) DIAG: wifi_prov: state=2 provisioning_entries=1 recovery_entries=1 recovery_successes=0
I (27528704) DIAG: mic: blocks_ok=430106 capture_failures=0 rb_drops=0
W (27528714) DIAG: mic i2s: overflow_count=14 (cumulative) read_errors=0 short_reads=0 — check CPU load
I (27528724) DIAG: dsp: fft_count=430106 frames_emitted=107526 rb_timeouts=0 last_fft_us=605
I (27528734) DIAG: imu: epochs=102254 read_errors=0 reinit_attempts=0 reinit_successes=0
I (27528734) DIAG: accel: reads_ok=306762 read_errors=0 fifo_max_hits=102254
W (27528744) kx134: FIFO seen at max capacity (86/86 frames) -- possible dropped samples
I (27528754) kx134: epoch: n=2048 mean_g x=0.972 y=0.064 z=-0.232 max_fifo=86/86
I (27528784) DIAG: net: frames_built=130477 build_failures=0 publish_failures=12 cmd_malformed=0 disconnect_reverts=12
I (27528784) DIAG: led: state_changes=465 remote_updates=0 hw_errors=0
W (27529024) kx134: FIFO seen at max capacity (86/86 frames) -- possible dropped samples
I (27529024) kx134: epoch: n=2048 mean_g x=0.971 y=0.062 z=-0.237 max_fifo=86/86
W (27529284) kx134: FIFO seen at max capacity (86/86 frames) -- possible dropped samples
I (27529284) kx134: epoch: n=2048 mean_g x=0.973 y=0.066 z=-0.234 max_fifo=86/86
W (27529564) kx134: FIFO seen at max capacity (86/86 frames) -- possible dropped samples
I (27529564) kx134: epoch: n=2048 mean_g x=0.970 y=0.064 z=-0.236 max_fifo=86/86
W (27529824) kx134: FIFO seen at max capacity (86/86 frames) -- possible dropped samples
I (27529824) kx134: epoch: n=2048 mean_g x=0.976 y=0.062 z=-0.236 max_fifo=86/86
W (27530094) kx134: FIFO seen at max capacity (86/86 frames) -- possible dropped samples
I (27530094) kx134: epoch: n=2048 mean_g x=0.971 y=0.067 z=-0.236 max_fifo=86/86
W (27530364) kx134: FIFO seen at max capacity (86/86 frames) -- possible dropped samples
I (27530364) kx134: epoch: n=2048 mean_g x=0.972 y=0.060 z=-0.235 max_fifo=86/86
W (27530634) kx134: FIFO seen at max capacity (86/86 frames) -- possible dropped samples
I (27530634) kx134: epoch: n=2048 mean_g x=0.971 y=0.062 z=-0.235 max_fifo=86/86
W (27530894) kx134: FIFO seen at max capacity (86/86 frames) -- possible dropped samples
I (27530894) kx134: epoch: n=2048 mean_g x=0.969 y=0.061 z=-0.236 max_fifo=86/86
W (27531154) kx134: FIFO seen at max capacity (86/86 frames) -- possible dropped samples
I (27531154) kx134: epoch: n=2048 mean_g x=0.971 y=0.061 z=-0.236 max_fifo=86/86
W (27531424) kx134: FIFO seen at max capacity (86/86 frames) -- possible dropped samples
I (27531424) kx134: epoch: n=2048 mean_g x=0.972 y=0.062 z=-0.235 max_fifo=86/86
W (27531694) kx134: FIFO seen at max capacity (86/86 frames) -- possible dropped samples
I (27531694) kx134: epoch: n=2048 mean_g x=0.973 y=0.062 z=-0.236 max_fifo=86/86
W (27531964) kx134: FIFO seen at max capacity (86/86 frames) -- possible dropped samples
I (27531964) kx134: epoch: n=2048 mean_g x=0.974 y=0.059 z=-0.234 max_fifo=86/86
W (27532224) kx134: FIFO seen at max capacity (86/86 frames) -- possible dropped samples
I (27532224) kx134: epoch: n=2048 mean_g x=0.974 y=0.062 z=-0.238 max_fifo=86/86
E (27532434) esp-tls: [sock=58] select() timeout
E (27532434) transport_base: Failed to open a new connection: 32774
E (27532434) mqtt_client: Error transport connect
W (27532434) link_mqtt: disconnected
W (27532514) kx134: FIFO seen at max capacity (86/86 frames) -- possible dropped samples
I (27532514) kx134: epoch: n=2048 mean_g x=0.973 y=0.065 z=-0.236 max_fifo=86/86
W (27532774) kx134: FIFO seen at max capacity (86/86 frames) -- possible dropped samples
I (27532774) kx134: epoch: n=2048 mean_g x=0.968 y=0.061 z=-0.235 max_fifo=86/86
W (27533034) kx134: FIFO seen at max capacity (86/86 frames) -- possible dropped samples
I (27533034) kx134: epoch: n=2048 mean_g x=0.969 y=0.062 z=-0.237 max_fifo=86/86
W (27533304) kx134: FIFO seen at max capacity (86/86 frames) -- possible dropped samples
I (27533304) kx134: epoch: n=2048 mean_g x=0.971 y=0.059 z=-0.239 max_fifo=86/86
W (27533574) kx134: FIFO seen at max capacity (86/86 frames) -- possible dropped samples
I (27533574) kx134: epoch: n=2048 mean_g x=0.973 y=0.065 z=-0.240 max_fifo=86/86
W (27533844) kx134: FIFO seen at max capacity (86/86 frames) -- possible dropped samples
I (27533844) kx134: epoch: n=2048 mean_g x=0.971 y=0.059 z=-0.238 max_fifo=86/86
W (27534094) kx134: FIFO seen at max capacity (86/86 frames) -- possible dropped samples
I (27534094) kx134: epoch: n=2048 mean_g x=0.974 y=0.058 z=-0.237 max_fifo=86/86
W (27534364) kx134: FIFO seen at max capacity (86/86 frames) -- possible dropped samples
I (27534364) kx134: epoch: n=2048 mean_g x=0.970 y=0.065 z=-0.237 max_fifo=86/86
W (27534634) kx134: FIFO seen at max capacity (86/86 frames) -- possible dropped samples
I (27534634) kx134: epoch: n=2048 mean_g x=0.972 y=0.061 z=-0.235 max_fifo=86/86
W (27534904) kx134: FIFO seen at max capacity (86/86 frames) -- possible dropped samples
I (27534904) kx134: epoch: n=2048 mean_g x=0.973 y=0.063 z=-0.235 max_fifo=86/86
W (27535164) kx134: FIFO seen at max capacity (86/86 frames) -- possible dropped samples
I (27535164) kx134: epoch: n=2048 mean_g x=0.968 y=0.064 z=-0.236 max_fifo=86/86
W (27535444) kx134: FIFO seen at max capacity (86/86 frames) -- possible dropped samples
I (27535444) kx134: epoch: n=2048 mean_g x=0.972 y=0.063 z=-0.234 max_fifo=86/86
W (27535714) kx134: FIFO seen at max capacity (86/86 frames) -- possible dropped samples
I (27535714) kx134: epoch: n=2048 mean_g x=0.970 y=0.064 z=-0.238 max_fifo=86/86
W (27535974) kx134: FIFO seen at max capacity (86/86 frames) -- possible dropped samples
I (27535974) kx134: epoch: n=2048 mean_g x=0.973 y=0.063 z=-0.233 max_fifo=86/86
W (27536244) kx134: FIFO seen at max capacity (86/86 frames) -- possible dropped samples
I (27536244) kx134: epoch: n=2048 mean_g x=0.972 y=0.062 z=-0.235 max_fifo=86/86
W (27536504) kx134: FIFO seen at max capacity (86/86 frames) -- possible dropped samples
I (27536504) kx134: epoch: n=2048 mean_g x=0.973 y=0.062 z=-0.238 max_fifo=86/86
W (27536774) kx134: FIFO seen at max capacity (86/86 frames) -- possible dropped samples
I (27536774) kx134: epoch: n=2048 mean_g x=0.973 y=0.063 z=-0.237 max_fifo=86/86
W (27537034) kx134: FIFO seen at max capacity (86/86 frames) -- possible dropped samples
I (27537034) kx134: epoch: n=2048 mean_g x=0.972 y=0.064 z=-0.239 max_fifo=86/86
W (27537304) kx134: FIFO seen at max capacity (86/86 frames) -- possible dropped samples
I (27537304) kx134: epoch: n=2048 mean_g x=0.972 y=0.065 z=-0.234 max_fifo=86/86
W (27537574) kx134: FIFO seen at max capacity (86/86 frames) -- possible dropped samples
I (27537574) kx134: epoch: n=2048 mean_g x=0.971 y=0.066 z=-0.237 max_fifo=86/86
W (27537844) kx134: FIFO seen at max capacity (86/86 frames) -- possible dropped samples
I (27537844) kx134: epoch: n=2048 mean_g x=0.970 y=0.065 z=-0.235 max_fifo=86/86
W (27538104) kx134: FIFO seen at max capacity (86/86 frames) -- possible dropped samples
I (27538104) kx134: epoch: n=2048 mean_g x=0.973 y=0.060 z=-0.238 max_fifo=86/86
W (27538384) kx134: FIFO seen at max capacity (86/86 frames) -- possible dropped samples
I (27538384) kx134: epoch: n=2048 mean_g x=0.973 y=0.064 z=-0.238 max_fifo=86/86
W (27538644) kx134: FIFO seen at max capacity (86/86 frames) -- possible dropped samples
I (27538644) kx134: epoch: n=2048 mean_g x=0.973 y=0.062 z=-0.234 max_fifo=86/86
W (27538914) kx134: FIFO seen at max capacity (86/86 frames) -- possible dropped samples
I (27538914) kx134: epoch: n=2048 mean_g x=0.974 y=0.069 z=-0.239 max_fifo=86/86
W (27539184) kx134: FIFO seen at max capacity (86/86 frames) -- possible dropped samples
I (27539184) kx134: epoch: n=2048 mean_g x=0.971 y=0.063 z=-0.235 max_fifo=86/86
W (27539444) kx134: FIFO seen at max capacity (86/86 frames) -- possible dropped samples
I (27539444) kx134: epoch: n=2048 mean_g x=0.972 y=0.064 z=-0.236 max_fifo=86/86
W (27539714) kx134: FIFO seen at max capacity (86/86 frames) -- possible dropped samples
I (27539714) kx134: epoch: n=2048 mean_g x=0.972 y=0.062 z=-0.237 max_fifo=86/86
W (27539974) kx134: FIFO seen at max capacity (86/86 frames) -- possible dropped samples
I (27539974) kx134: epoch: n=2048 mean_g x=0.971 y=0.065 z=-0.238 max_fifo=86/86
W (27540244) kx134: FIFO seen at max capacity (86/86 frames) -- possible dropped samples
I (27540244) kx134: epoch: n=2048 mean_g x=0.973 y=0.062 z=-0.236 max_fifo=86/86
W (27540514) kx134: FIFO seen at max capacity (86/86 frames) -- possible dropped samples
I (27540514) kx134: epoch: n=2048 mean_g x=0.970 y=0.065 z=-0.240 max_fifo=86/86
W (27540784) kx134: FIFO seen at max capacity (86/86 frames) -- possible dropped samples
I (27540784) kx134: epoch: n=2048 mean_g x=0.971 y=0.061 z=-0.234 max_fifo=86/86
W (27541044) kx134: FIFO seen at max capacity (86/86 frames) -- possible dropped samples
I (27541044) kx134: epoch: n=2048 mean_g x=0.972 y=0.061 z=-0.235 max_fifo=86/86
W (27541324) kx134: FIFO seen at max capacity (86/86 frames) -- possible dropped samples
I (27541324) kx134: epoch: n=2048 mean_g x=0.973 y=0.063 z=-0.236 max_fifo=86/86
W (27541584) kx134: FIFO seen at max capacity (86/86 frames) -- possible dropped samples
I (27541584) kx134: epoch: n=2048 mean_g x=0.971 y=0.061 z=-0.238 max_fifo=86/86
W (27541854) kx134: FIFO seen at max capacity (86/86 frames) -- possible dropped samples
I (27541854) kx134: epoch: n=2048 mean_g x=0.973 y=0.064 z=-0.238 max_fifo=86/86
W (27542124) kx134: FIFO seen at max capacity (86/86 frames) -- possible dropped samples
I (27542124) kx134: epoch: n=2048 mean_g x=0.969 y=0.066 z=-0.237 max_fifo=86/86
W (27542384) kx134: FIFO seen at max capacity (86/86 frames) -- possible dropped samples
I (27542384) kx134: epoch: n=2048 mean_g x=0.969 y=0.062 z=-0.235 max_fifo=86/86
W (27542654) kx134: FIFO seen at max capacity (86/86 frames) -- possible dropped samples
I (27542654) kx134: epoch: n=2048 mean_g x=0.973 y=0.063 z=-0.241 max_fifo=86/86
W (27542914) kx134: FIFO seen at max capacity (86/86 frames) -- possible dropped samples
I (27542914) kx134: epoch: n=2048 mean_g x=0.973 y=0.063 z=-0.236 max_fifo=86/86
W (27543184) kx134: FIFO seen at max capacity (86/86 frames) -- possible dropped samples
I (27543184) kx134: epoch: n=2048 mean_g x=0.974 y=0.061 z=-0.236 max_fifo=86/86
W (27543454) kx134: FIFO seen at max capacity (86/86 frames) -- possible dropped samples
I (27543454) kx134: epoch: n=2048 mean_g x=0.969 y=0.061 z=-0.235 max_fifo=86/86
W (27543724) kx134: FIFO seen at max capacity (86/86 frames) -- possible dropped samples
I (27543724) kx134: epoch: n=2048 mean_g x=0.971 y=0.063 z=-0.238 max_fifo=86/86
W (27543984) kx134: FIFO seen at max capacity (86/86 frames) -- possible dropped samples
I (27543984) kx134: epoch: n=2048 mean_g x=0.974 y=0.064 z=-0.236 max_fifo=86/86
W (27544264) kx134: FIFO seen at max capacity (86/86 frames) -- possible dropped samples
I (27544264) kx134: epoch: n=2048 mean_g x=0.971 y=0.062 z=-0.234 max_fifo=86/86
W (27544534) kx134: FIFO seen at max capacity (86/86 frames) -- possible dropped samples
I (27544534) kx134: epoch: n=2048 mean_g x=0.971 y=0.065 z=-0.236 max_fifo=86/86
W (27544794) kx134: FIFO seen at max capacity (86/86 frames) -- possible dropped samples
I (27544794) kx134: epoch: n=2048 mean_g x=0.974 y=0.060 z=-0.238 max_fifo=86/86
W (27545064) kx134: FIFO seen at max capacity (86/86 frames) -- possible dropped samples
I (27545064) kx134: epoch: n=2048 mean_g x=0.972 y=0.062 z=-0.235 max_fifo=86/86
W (27545334) kx134: FIFO seen at max capacity (86/86 frames) -- possible dropped samples
I (27545334) kx134: epoch: n=2048 mean_g x=0.972 y=0.061 z=-0.237 max_fifo=86/86
E (27545444) esp-tls: [sock=58] select() timeout
E (27545444) transport_base: Failed to open a new connection: 32774
E (27545444) mqtt_client: Error transport connect
W (27545444) link_mqtt: disconnected
W (27545594) kx134: FIFO seen at max capacity (86/86 frames) -- possible dropped samples
I (27545594) kx134: epoch: n=2048 mean_g x=0.971 y=0.061 z=-0.235 max_fifo=86/86
W (27545854) kx134: FIFO seen at max capacity (86/86 frames) -- possible dropped samples
I (27545854) kx134: epoch: n=2048 mean_g x=0.971 y=0.062 z=-0.238 max_fifo=86/86
W (27546124) kx134: FIFO seen at max capacity (86/86 frames) -- possible dropped samples
I (27546124) kx134: epoch: n=2048 mean_g x=0.970 y=0.066 z=-0.236 max_fifo=86/86
W (27546394) kx134: FIFO seen at max capacity (86/86 frames) -- possible dropped samples
I (27546394) kx134: epoch: n=2048 mean_g x=0.970 y=0.063 z=-0.235 max_fifo=86/86
W (27546664) kx134: FIFO seen at max capacity (86/86 frames) -- possible dropped samples
I (27546664) kx134: epoch: n=2048 mean_g x=0.973 y=0.059 z=-0.233 max_fifo=86/86
W (27546924) kx134: FIFO seen at max capacity (86/86 frames) -- possible dropped samples
I (27546924) kx134: epoch: n=2048 mean_g x=0.971 y=0.062 z=-0.238 max_fifo=86/86
W (27547204) kx134: FIFO seen at max capacity (86/86 frames) -- possible dropped samples
I (27547204) kx134: epoch: n=2048 mean_g x=0.969 y=0.061 z=-0.234 max_fifo=86/86
W (27547474) kx134: FIFO seen at max capacity (86/86 frames) -- possible dropped samples
I (27547474) kx134: epoch: n=2048 mean_g x=0.972 y=0.065 z=-0.238 max_fifo=86/86
W (27547734) kx134: FIFO seen at max capacity (86/86 frames) -- possible dropped samples
I (27547734) kx134: epoch: n=2048 mean_g x=0.972 y=0.061 z=-0.237 max_fifo=86/86
W (27548004) kx134: FIFO seen at max capacity (86/86 frames) -- possible dropped samples
I (27548004) kx134: epoch: n=2048 mean_g x=0.973 y=0.063 z=-0.237 max_fifo=86/86
W (27548264) kx134: FIFO seen at max capacity (86/86 frames) -- possible dropped samples
I (27548264) kx134: epoch: n=2048 mean_g x=0.973 y=0.066 z=-0.236 max_fifo=86/86
W (27548534) kx134: FIFO seen at max capacity (86/86 frames) -- possible dropped samples
I (27548534) kx134: epoch: n=2048 mean_g x=0.971 y=0.061 z=-0.239 max_fifo=86/86
W (27548794) kx134: FIFO seen at max capacity (86/86 frames) -- possible dropped samples
I (27548794) kx134: epoch: n=2048 mean_g x=0.972 y=0.062 z=-0.237 max_fifo=86/86
W (27549064) kx134: FIFO seen at max capacity (86/86 frames) -- possible dropped samples
I (27549064) kx134: epoch: n=2048 mean_g x=0.973 y=0.061 z=-0.235 max_fifo=86/86
W (27549334) kx134: FIFO seen at max capacity (86/86 frames) -- possible dropped samples
I (27549334) kx134: epoch: n=2048 mean_g x=0.968 y=0.058 z=-0.233 max_fifo=86/86
W (27549604) kx134: FIFO seen at max capacity (86/86 frames) -- possible dropped samples
I (27549604) kx134: epoch: n=2048 mean_g x=0.972 y=0.064 z=-0.237 max_fifo=86/86
W (27549864) kx134: FIFO seen at max capacity (86/86 frames) -- possible dropped samples
I (27549864) kx134: epoch: n=2048 mean_g x=0.969 y=0.067 z=-0.237 max_fifo=86/86
W (27550144) kx134: FIFO seen at max capacity (86/86 frames) -- possible dropped samples
I (27550144) kx134: epoch: n=2048 mean_g x=0.973 y=0.064 z=-0.236 max_fifo=86/86
W (27550414) kx134: FIFO seen at max capacity (86/86 frames) -- possible dropped samples
I (27550414) kx134: epoch: n=2048 mean_g x=0.972 y=0.061 z=-0.236 max_fifo=86/86
W (27550674) kx134: FIFO seen at max capacity (86/86 frames) -- possible dropped samples
I (27550674) kx134: epoch: n=2048 mean_g x=0.968 y=0.059 z=-0.237 max_fifo=86/86
W (27550944) kx134: FIFO seen at max capacity (86/86 frames) -- possible dropped samples
I (27550944) kx134: epoch: n=2048 mean_g x=0.973 y=0.066 z=-0.235 max_fifo=86/86
W (27551204) kx134: FIFO seen at max capacity (86/86 frames) -- possible dropped samples
I (27551204) kx134: epoch: n=2048 mean_g x=0.972 y=0.063 z=-0.238 max_fifo=86/86
W (27551474) kx134: FIFO seen at max capacity (86/86 frames) -- possible dropped samples
I (27551474) kx134: epoch: n=2048 mean_g x=0.973 y=0.060 z=-0.237 max_fifo=86/86
W (27551744) kx134: FIFO seen at max capacity (86/86 frames) -- possible dropped samples
I (27551744) kx134: epoch: n=2048 mean_g x=0.971 y=0.064 z=-0.237 max_fifo=86/86
W (27552024) kx134: FIFO seen at max capacity (86/86 frames) -- possible dropped samples
I (27552024) kx134: epoch: n=2048 mean_g x=0.969 y=0.064 z=-0.233 max_fifo=86/86
W (27552294) kx134: FIFO seen at max capacity (86/86 frames) -- possible dropped samples
I (27552294) kx134: epoch: n=2048 mean_g x=0.972 y=0.061 z=-0.236 max_fifo=86/86
W (27552564) kx134: FIFO seen at max capacity (86/86 frames) -- possible dropped samples
I (27552564) kx134: epoch: n=2048 mean_g x=0.971 y=0.059 z=-0.235 max_fifo=86/86
W (27552834) kx134: FIFO seen at max capacity (86/86 frames) -- possible dropped samples
I (27552834) kx134: epoch: n=2048 mean_g x=0.971 y=0.063 z=-0.235 max_fifo=86/86
W (27553094) kx134: FIFO seen at max capacity (86/86 frames) -- possible dropped samples
I (27553094) kx134: epoch: n=2048 mean_g x=0.972 y=0.062 z=-0.236 max_fifo=86/86
W (27553364) kx134: FIFO seen at max capacity (86/86 frames) -- possible dropped samples
I (27553364) kx134: epoch: n=2048 mean_g x=0.973 y=0.062 z=-0.232 max_fifo=86/86
W (27553624) kx134: FIFO seen at max capacity (86/86 frames) -- possible dropped samples
I (27553624) kx134: epoch: n=2048 mean_g x=0.972 y=0.065 z=-0.236 max_fifo=86/86
W (27553894) kx134: FIFO seen at max capacity (86/86 frames) -- possible dropped samples
I (27553894) kx134: epoch: n=2048 mean_g x=0.972 y=0.063 z=-0.237 max_fifo=86/86
W (27554164) kx134: FIFO seen at max capacity (86/86 frames) -- possible dropped samples
I (27554164) kx134: epoch: n=2048 mean_g x=0.973 y=0.060 z=-0.236 max_fifo=86/86
W (27554434) kx134: FIFO seen at max capacity (86/86 frames) -- possible dropped samples
I (27554434) kx134: epoch: n=2048 mean_g x=0.972 y=0.063 z=-0.235 max_fifo=86/86
W (27554694) kx134: FIFO seen at max capacity (86/86 frames) -- possible dropped samples
I (27554694) kx134: epoch: n=2048 mean_g x=0.973 y=0.060 z=-0.230 max_fifo=86/86
W (27554974) kx134: FIFO seen at max capacity (86/86 frames) -- possible dropped samples
I (27554974) kx134: epoch: n=2048 mean_g x=0.970 y=0.065 z=-0.236 max_fifo=86/86
W (27555234) kx134: FIFO seen at max capacity (86/86 frames) -- possible dropped samples
I (27555234) kx134: epoch: n=2048 mean_g x=0.971 y=0.063 z=-0.236 max_fifo=86/86
W (27555504) kx134: FIFO seen at max capacity (86/86 frames) -- possible dropped samples
I (27555504) kx134: epoch: n=2048 mean_g x=0.972 y=0.063 z=-0.236 max_fifo=86/86
W (27555774) kx134: FIFO seen at max capacity (86/86 frames) -- possible dropped samples
I (27555774) kx134: epoch: n=2048 mean_g x=0.969 y=0.066 z=-0.238 max_fifo=86/86
W (27556044) kx134: FIFO seen at max capacity (86/86 frames) -- possible dropped samples
I (27556044) kx134: epoch: n=2048 mean_g x=0.972 y=0.063 z=-0.235 max_fifo=86/86
W (27556314) kx134: FIFO seen at max capacity (86/86 frames) -- possible dropped samples
I (27556314) kx134: epoch: n=2048 mean_g x=0.971 y=0.063 z=-0.235 max_fifo=86/86
W (27556574) kx134: FIFO seen at max capacity (86/86 frames) -- possible dropped samples
I (27556574) kx134: epoch: n=2048 mean_g x=0.971 y=0.059 z=-0.232 max_fifo=86/86
W (27556854) kx134: FIFO seen at max capacity (86/86 frames) -- possible dropped samples
I (27556854) kx134: epoch: n=2048 mean_g x=0.973 y=0.063 z=-0.232 max_fifo=86/86
W (27557124) kx134: FIFO seen at max capacity (86/86 frames) -- possible dropped samples
I (27557124) kx134: epoch: n=2048 mean_g x=0.973 y=0.066 z=-0.237 max_fifo=86/86
W (27557394) kx134: FIFO seen at max capacity (86/86 frames) -- possible dropped samples
I (27557394) kx134: epoch: n=2048 mean_g x=0.973 y=0.062 z=-0.236 max_fifo=86/86
W (27557664) kx134: FIFO seen at max capacity (86/86 frames) -- possible dropped samples
I (27557664) kx134: epoch: n=2048 mean_g x=0.973 y=0.062 z=-0.239 max_fifo=86/86
W (27557924) kx134: FIFO seen at max capacity (86/86 frames) -- possible dropped samples
I (27557924) kx134: epoch: n=2048 mean_g x=0.972 y=0.061 z=-0.231 max_fifo=86/86
W (27558194) kx134: FIFO seen at max capacity (86/86 frames) -- possible dropped samples
I (27558194) kx134: epoch: n=2048 mean_g x=0.974 y=0.064 z=-0.235 max_fifo=86/86
E (27558454) esp-tls: [sock=58] select() timeout
E (27558454) transport_base: Failed to open a new connection: 32774
E (27558454) mqtt_client: Error transport connect
W (27558454) link_mqtt: disconnected
W (27558454) kx134: FIFO seen at max capacity (86/86 frames) -- possible dropped samples
I (27558464) kx134: epoch: n=2048 mean_g x=0.971 y=0.065 z=-0.236 max_fifo=86/86
W (27558744) kx134: FIFO seen at max capacity (86/86 frames) -- possible dropped samples
I (27558744) kx134: epoch: n=2048 mean_g x=0.973 y=0.062 z=-0.236 max_fifo=86/86
I (27558784) DIAG: Stack HWM (bytes free): mic=7204 dsp=4120 rgb=1920 imu=1580 diag=684
I (27558784) DIAG: CPU runtime:
rgb_led        	45594556		2%
diag           	105176997		5%
IDLE1          	1262865636		70%
IDLE0          	3864938109		216%
imu_task       	4101911434		229%
net            	1644948860		92%
tiT            	213987525		11%
wifi_prov      	573262		<1%
mqtt_task      	26389866		1%
dsp_task       	358048095		20%
mic_task       	229907380		12%
main           	157574		<1%
ipc1           	50730		<1%
ipc0           	37885		<1%
Tmr Svc        	17		<1%
dns_captive    	54		<1%
esp_timer      	13976040		<1%
wifi           	295857247		16%
sys_evt        	1037592		<1%
httpd          	589		<1%

I (27558834) DIAG: Heap free: internal=3744 largest_free=1280 PSRAM=8209980 IRAM=0
I (27558844) DIAG: wifi: connects=3 disconnects=447 retry_cnt=0
I (27558844) DIAG: mqtt: connects=12 disconnects=752 publishes=86767 publish_failures=12 cmds_received=0
I (27558854) DIAG: wifi_prov: state=2 provisioning_entries=1 recovery_entries=1 recovery_successes=0
I (27558864) DIAG: mic: blocks_ok=430577 capture_failures=0 rb_drops=0
W (27558874) DIAG: mic i2s: overflow_count=14 (cumulative) read_errors=0 short_reads=0 — check CPU load
I (27558884) DIAG: dsp: fft_count=430578 frames_emitted=107644 rb_timeouts=0 last_fft_us=605
I (27558884) DIAG: imu: epochs=102367 read_errors=0 reinit_attempts=0 reinit_successes=0
I (27558894) DIAG: accel: reads_ok=307101 read_errors=0 fifo_max_hits=102367
I (27558904) DIAG: net: frames_built=130620 build_failures=0 publish_failures=12 cmd_malformed=0 disconnect_reverts=12
I (27558924) DIAG: led: state_changes=465 remote_updates=0 hw_errors=0
W (27559014) kx134: FIFO seen at max capacity (86/86 frames) -- possible dropped samples
I (27559014) kx134: epoch: n=2048 mean_g x=0.972 y=0.062 z=-0.235 max_fifo=86/86
W (27559284) kx134: FIFO seen at max capacity (86/86 frames) -- possible dropped samples
I (27559284) kx134: epoch: n=2048 mean_g x=0.974 y=0.061 z=-0.235 max_fifo=86/86
W (27559554) kx134: FIFO seen at max capacity (86/86 frames) -- possible dropped samples
I (27559554) kx134: epoch: n=2048 mean_g x=0.972 y=0.064 z=-0.235 max_fifo=86/86
W (27559814) kx134: FIFO seen at max capacity (86/86 frames) -- possible dropped samples
I (27559814) kx134: epoch: n=2048 mean_g x=0.971 y=0.063 z=-0.235 max_fifo=86/86
W (27560084) kx134: FIFO seen at max capacity (86/86 frames) -- possible dropped samples
I (27560084) kx134: epoch: n=2048 mean_g x=0.970 y=0.062 z=-0.234 max_fifo=86/86
W (27560344) kx134: FIFO seen at max capacity (86/86 frames) -- possible dropped samples
I (27560344) kx134: epoch: n=2048 mean_g x=0.971 y=0.064 z=-0.237 max_fifo=86/86
W (27560614) kx134: FIFO seen at max capacity (86/86 frames) -- possible dropped samples
I (27560614) kx134: epoch: n=2048 mean_g x=0.972 y=0.064 z=-0.235 max_fifo=86/86
W (27560884) kx134: FIFO seen at max capacity (86/86 frames) -- possible dropped samples
I (27560884) kx134: epoch: n=2048 mean_g x=0.973 y=0.060 z=-0.235 max_fifo=86/86
W (27561154) kx134: FIFO seen at max capacity (86/86 frames) -- possible dropped samples
I (27561154) kx134: epoch: n=2048 mean_g x=0.973 y=0.064 z=-0.235 max_fifo=86/86
W (27561414) kx134: FIFO seen at max capacity (86/86 frames) -- possible dropped samples
I (27561414) kx134: epoch: n=2048 mean_g x=0.973 y=0.061 z=-0.235 max_fifo=86/86
W (27561694) kx134: FIFO seen at max capacity (86/86 frames) -- possible dropped samples
I (27561694) kx134: epoch: n=2048 mean_g x=0.971 y=0.063 z=-0.240 max_fifo=86/86
W (27561954) kx134: FIFO seen at max capacity (86/86 frames) -- possible dropped samples
I (27561954) kx134: epoch: n=2048 mean_g x=0.973 y=0.062 z=-0.234 max_fifo=86/86
W (27562224) kx134: FIFO seen at max capacity (86/86 frames) -- possible dropped samples
I (27562224) kx134: epoch: n=2048 mean_g x=0.969 y=0.063 z=-0.233 max_fifo=86/86
W (27562494) kx134: FIFO seen at max capacity (86/86 frames) -- possible dropped samples
I (27562494) kx134: epoch: n=2048 mean_g x=0.971 y=0.062 z=-0.234 max_fifo=86/86
W (27562754) kx134: FIFO seen at max capacity (86/86 frames) -- possible dropped samples
I (27562754) kx134: epoch: n=2048 mean_g x=0.971 y=0.063 z=-0.236 max_fifo=86/86
W (27563024) kx134: FIFO seen at max capacity (86/86 frames) -- possible dropped samples
I (27563024) kx134: epoch: n=2048 mean_g x=0.973 y=0.067 z=-0.236 max_fifo=86/86
W (27563284) kx134: FIFO seen at max capacity (86/86 frames) -- possible dropped samples
I (27563284) kx134: epoch: n=2048 mean_g x=0.972 y=0.063 z=-0.230 max_fifo=86/86
W (27563554) kx134: FIFO seen at max capacity (86/86 frames) -- possible dropped samples
I (27563554) kx134: epoch: n=2048 mean_g x=0.972 y=0.065 z=-0.236 max_fifo=86/86
W (27563824) kx134: FIFO seen at max capacity (86/86 frames) -- possible dropped samples
I (27563824) kx134: epoch: n=2048 mean_g x=0.969 y=0.066 z=-0.237 max_fifo=86/86
W (27564094) kx134: FIFO seen at max capacity (86/86 frames) -- possible dropped samples
I (27564094) kx134: epoch: n=2048 mean_g x=0.971 y=0.064 z=-0.236 max_fifo=86/86
W (27564354) kx134: FIFO seen at max capacity (86/86 frames) -- possible dropped samples
I (27564354) kx134: epoch: n=2048 mean_g x=0.970 y=0.065 z=-0.235 max_fifo=86/86
W (27564634) kx134: FIFO seen at max capacity (86/86 frames) -- possible dropped samples
I (27564634) kx134: epoch: n=2048 mean_g x=0.973 y=0.061 z=-0.236 max_fifo=86/86
W (27564894) kx134: FIFO seen at max capacity (86/86 frames) -- possible dropped samples
I (27564894) kx134: epoch: n=2048 mean_g x=0.969 y=0.064 z=-0.236 max_fifo=86/86
W (27565164) kx134: FIFO seen at max capacity (86/86 frames) -- possible dropped samples
I (27565164) kx134: epoch: n=2048 mean_g x=0.971 y=0.064 z=-0.235 max_fifo=86/86
W (27565434) kx134: FIFO seen at max capacity (86/86 frames) -- possible dropped samples
I (27565434) kx134: epoch: n=2048 mean_g x=0.973 y=0.061 z=-0.236 max_fifo=86/86
W (27565704) kx134: FIFO seen at max capacity (86/86 frames) -- possible dropped samples
I (27565704) kx134: epoch: n=2048 mean_g x=0.970 y=0.064 z=-0.235 max_fifo=86/86
W (27565964) kx134: FIFO seen at max capacity (86/86 frames) -- possible dropped samples
I (27565964) kx134: epoch: n=2048 mean_g x=0.971 y=0.062 z=-0.235 max_fifo=86/86
W (27566224) kx134: FIFO seen at max capacity (86/86 frames) -- possible dropped samples
I (27566224) kx134: epoch: n=2048 mean_g x=0.974 y=0.062 z=-0.234 max_fifo=86/86
W (27566494) kx134: FIFO seen at max capacity (86/86 frames) -- possible dropped samples
I (27566494) kx134: epoch: n=2048 mean_g x=0.974 y=0.066 z=-0.236 max_fifo=86/86
W (27566764) kx134: FIFO seen at max capacity (86/86 frames) -- possible dropped samples
I (27566764) kx134: epoch: n=2048 mean_g x=0.975 y=0.062 z=-0.236 max_fifo=86/86
W (27567034) kx134: FIFO seen at max capacity (86/86 frames) -- possible dropped samples
I (27567034) kx134: epoch: n=2048 mean_g x=0.974 y=0.061 z=-0.238 max_fifo=86/86
W (27567294) kx134: FIFO seen at max capacity (86/86 frames) -- possible dropped samples
I (27567294) kx134: epoch: n=2048 mean_g x=0.974 y=0.062 z=-0.235 max_fifo=86/86
W (27567574) kx134: FIFO seen at max capacity (86/86 frames) -- possible dropped samples
I (27567574) kx134: epoch: n=2048 mean_g x=0.967 y=0.060 z=-0.237 max_fifo=86/86
W (27567844) kx134: FIFO seen at max capacity (86/86 frames) -- possible dropped samples
I (27567844) kx134: epoch: n=2048 mean_g x=0.972 y=0.060 z=-0.236 max_fifo=86/86
W (27568104) kx134: FIFO seen at max capacity (86/86 frames) -- possible dropped samples
I (27568104) kx134: epoch: n=2048 mean_g x=0.971 y=0.066 z=-0.235 max_fifo=86/86
W (27568374) kx134: FIFO seen at max capacity (86/86 frames) -- possible dropped samples
I (27568374) kx134: epoch: n=2048 mean_g x=0.971 y=0.062 z=-0.237 max_fifo=86/86
W (27568634) kx134: FIFO seen at max capacity (86/86 frames) -- possible dropped samples
I (27568634) kx134: epoch: n=2048 mean_g x=0.970 y=0.062 z=-0.238 max_fifo=86/86
W (27568904) kx134: FIFO seen at max capacity (86/86 frames) -- possible dropped samples
I (27568904) kx134: epoch: n=2048 mean_g x=0.973 y=0.065 z=-0.237 max_fifo=86/86
W (27569164) kx134: FIFO seen at max capacity (86/86 frames) -- possible dropped samples
I (27569164) kx134: epoch: n=2048 mean_g x=0.973 y=0.063 z=-0.238 max_fifo=86/86
W (27569434) kx134: FIFO seen at max capacity (86/86 frames) -- possible dropped samples
I (27569434) kx134: epoch: n=2048 mean_g x=0.975 y=0.061 z=-0.235 max_fifo=86/86
W (27569704) kx134: FIFO seen at max capacity (86/86 frames) -- possible dropped samples
I (27569704) kx134: epoch: n=2048 mean_g x=0.975 y=0.062 z=-0.237 max_fifo=86/86
W (27569974) kx134: FIFO seen at max capacity (86/86 frames) -- possible dropped samples
I (27569974) kx134: epoch: n=2048 mean_g x=0.973 y=0.061 z=-0.234 max_fifo=86/86
W (27570234) kx134: FIFO seen at max capacity (86/86 frames) -- possible dropped samples
I (27570234) kx134: epoch: n=2048 mean_g x=0.973 y=0.065 z=-0.234 max_fifo=86/86
W (27570514) kx134: FIFO seen at max capacity (86/86 frames) -- possible dropped samples
I (27570514) kx134: epoch: n=2048 mean_g x=0.973 y=0.064 z=-0.235 max_fifo=86/86
W (27570774) kx134: FIFO seen at max capacity (86/86 frames) -- possible dropped samples
I (27570774) kx134: epoch: n=2048 mean_g x=0.974 y=0.059 z=-0.235 max_fifo=86/86
W (27571044) kx134: FIFO seen at max capacity (86/86 frames) -- possible dropped samples
I (27571044) kx134: epoch: n=2048 mean_g x=0.971 y=0.065 z=-0.236 max_fifo=86/86
W (27571314) kx134: FIFO seen at max capacity (86/86 frames) -- possible dropped samples
I (27571314) kx134: epoch: n=2048 mean_g x=0.973 y=0.063 z=-0.235 max_fifo=86/86
E (27571464) esp-tls: [sock=58] select() timeout
E (27571464) transport_base: Failed to open a new connection: 32774
E (27571464) mqtt_client: Error transport connect
W (27571464) link_mqtt: disconnected
W (27571574) kx134: FIFO seen at max capacity (86/86 frames) -- possible dropped samples
I (27571574) kx134: epoch: n=2048 mean_g x=0.974 y=0.063 z=-0.238 max_fifo=86/86
W (27571844) kx134: FIFO seen at max capacity (86/86 frames) -- possible dropped samples
I (27571844) kx134: epoch: n=2048 mean_g x=0.970 y=0.067 z=-0.235 max_fifo=86/86
W (27572104) kx134: FIFO seen at max capacity (86/86 frames) -- possible dropped samples
I (27572104) kx134: epoch: n=2048 mean_g x=0.974 y=0.066 z=-0.236 max_fifo=86/86
W (27572374) kx134: FIFO seen at max capacity (86/86 frames) -- possible dropped samples
I (27572374) kx134: epoch: n=2048 mean_g x=0.972 y=0.064 z=-0.238 max_fifo=86/86
W (27572644) kx134: FIFO seen at max capacity (86/86 frames) -- possible dropped samples
I (27572644) kx134: epoch: n=2048 mean_g x=0.972 y=0.061 z=-0.235 max_fifo=86/86
W (27572914) kx134: FIFO seen at max capacity (86/86 frames) -- possible dropped samples
I (27572914) kx134: epoch: n=2048 mean_g x=0.968 y=0.062 z=-0.234 max_fifo=86/86
W (27573174) kx134: FIFO seen at max capacity (86/86 frames) -- possible dropped samples
I (27573174) kx134: epoch: n=2048 mean_g x=0.971 y=0.063 z=-0.234 max_fifo=86/86
W (27573454) kx134: FIFO seen at max capacity (86/86 frames) -- possible dropped samples
I (27573454) kx134: epoch: n=2048 mean_g x=0.974 y=0.062 z=-0.235 max_fifo=86/86
W (27573714) kx134: FIFO seen at max capacity (86/86 frames) -- possible dropped samples
I (27573714) kx134: epoch: n=2048 mean_g x=0.973 y=0.063 z=-0.239 max_fifo=86/86
W (27573984) kx134: FIFO seen at max capacity (86/86 frames) -- possible dropped samples
I (27573984) kx134: epoch: n=2048 mean_g x=0.973 y=0.064 z=-0.238 max_fifo=86/86
W (27574254) kx134: FIFO seen at max capacity (86/86 frames) -- possible dropped samples
I (27574254) kx134: epoch: n=2048 mean_g x=0.973 y=0.063 z=-0.233 max_fifo=86/86
W (27574524) kx134: FIFO seen at max capacity (86/86 frames) -- possible dropped samples
I (27574524) kx134: epoch: n=2048 mean_g x=0.974 y=0.063 z=-0.234 max_fifo=86/86
W (27574784) kx134: FIFO seen at max capacity (86/86 frames) -- possible dropped samples
I (27574784) kx134: epoch: n=2048 mean_g x=0.972 y=0.064 z=-0.234 max_fifo=86/86
W (27575044) kx134: FIFO seen at max capacity (86/86 frames) -- possible dropped samples
I (27575044) kx134: epoch: n=2048 mean_g x=0.971 y=0.068 z=-0.238 max_fifo=86/86
W (27575314) kx134: FIFO seen at max capacity (86/86 frames) -- possible dropped samples
I (27575314) kx134: epoch: n=2048 mean_g x=0.973 y=0.061 z=-0.237 max_fifo=86/86
W (27575584) kx134: FIFO seen at max capacity (86/86 frames) -- possible dropped samples
I (27575584) kx134: epoch: n=2048 mean_g x=0.972 y=0.063 z=-0.235 max_fifo=86/86
W (27575854) kx134: FIFO seen at max capacity (86/86 frames) -- possible dropped samples
I (27575854) kx134: epoch: n=2048 mean_g x=0.974 y=0.062 z=-0.233 max_fifo=86/86
W (27576114) kx134: FIFO seen at max capacity (86/86 frames) -- possible dropped samples
I (27576114) kx134: epoch: n=2048 mean_g x=0.973 y=0.060 z=-0.234 max_fifo=86/86
W (27576394) kx134: FIFO seen at max capacity (86/86 frames) -- possible dropped samples
I (27576394) kx134: epoch: n=2048 mean_g x=0.970 y=0.065 z=-0.237 max_fifo=86/86
W (27576664) kx134: FIFO seen at max capacity (86/86 frames) -- possible dropped samples
I (27576664) kx134: epoch: n=2048 mean_g x=0.971 y=0.063 z=-0.238 max_fifo=86/86
W (27576924) kx134: FIFO seen at max capacity (86/86 frames) -- possible dropped samples
I (27576924) kx134: epoch: n=2048 mean_g x=0.968 y=0.063 z=-0.236 max_fifo=86/86
W (27577194) kx134: FIFO seen at max capacity (86/86 frames) -- possible dropped samples
I (27577194) kx134: epoch: n=2048 mean_g x=0.972 y=0.062 z=-0.237 max_fifo=86/86
W (27577464) kx134: FIFO seen at max capacity (86/86 frames) -- possible dropped samples
I (27577464) kx134: epoch: n=2048 mean_g x=0.971 y=0.063 z=-0.233 max_fifo=86/86
W (27577724) kx134: FIFO seen at max capacity (86/86 frames) -- possible dropped samples
I (27577724) kx134: epoch: n=2048 mean_g x=0.973 y=0.062 z=-0.236 max_fifo=86/86
W (27577984) kx134: FIFO seen at max capacity (86/86 frames) -- possible dropped samples
I (27577984) kx134: epoch: n=2048 mean_g x=0.971 y=0.064 z=-0.236 max_fifo=86/86
W (27578254) kx134: FIFO seen at max capacity (86/86 frames) -- possible dropped samples
I (27578254) kx134: epoch: n=2048 mean_g x=0.971 y=0.063 z=-0.234 max_fifo=86/86
W (27578524) kx134: FIFO seen at max capacity (86/86 frames) -- possible dropped samples
I (27578524) kx134: epoch: n=2048 mean_g x=0.971 y=0.063 z=-0.235 max_fifo=86/86
W (27578794) kx134: FIFO seen at max capacity (86/86 frames) -- possible dropped samples
I (27578794) kx134: epoch: n=2048 mean_g x=0.971 y=0.063 z=-0.238 max_fifo=86/86
W (27579054) kx134: FIFO seen at max capacity (86/86 frames) -- possible dropped samples
I (27579054) kx134: epoch: n=2048 mean_g x=0.974 y=0.062 z=-0.236 max_fifo=86/86
W (27579334) kx134: FIFO seen at max capacity (86/86 frames) -- possible dropped samples
I (27579334) kx134: epoch: n=2048 mean_g x=0.970 y=0.061 z=-0.235 max_fifo=86/86
W (27579604) kx134: FIFO seen at max capacity (86/86 frames) -- possible dropped samples
I (27579604) kx134: epoch: n=2048 mean_g x=0.970 y=0.064 z=-0.234 max_fifo=86/86
W (27579864) kx134: FIFO seen at max capacity (86/86 frames) -- possible dropped samples
I (27579864) kx134: epoch: n=2048 mean_g x=0.969 y=0.064 z=-0.235 max_fifo=86/86
W (27580134) kx134: FIFO seen at max capacity (86/86 frames) -- possible dropped samples
I (27580134) kx134: epoch: n=2048 mean_g x=0.970 y=0.061 z=-0.234 max_fifo=86/86
W (27580394) kx134: FIFO seen at max capacity (86/86 frames) -- possible dropped samples
I (27580394) kx134: epoch: n=2048 mean_g x=0.970 y=0.061 z=-0.235 max_fifo=86/86
W (27580664) kx134: FIFO seen at max capacity (86/86 frames) -- possible dropped samples
I (27580664) kx134: epoch: n=2048 mean_g x=0.972 y=0.060 z=-0.233 max_fifo=86/86
W (27580924) kx134: FIFO seen at max capacity (86/86 frames) -- possible dropped samples
I (27580924) kx134: epoch: n=2048 mean_g x=0.970 y=0.062 z=-0.232 max_fifo=86/86
W (27581194) kx134: FIFO seen at max capacity (86/86 frames) -- possible dropped samples
I (27581194) kx134: epoch: n=2048 mean_g x=0.971 y=0.065 z=-0.235 max_fifo=86/86
W (27581464) kx134: FIFO seen at max capacity (86/86 frames) -- possible dropped samples
I (27581464) kx134: epoch: n=2048 mean_g x=0.973 y=0.063 z=-0.240 max_fifo=86/86
W (27581734) kx134: FIFO seen at max capacity (86/86 frames) -- possible dropped samples
I (27581734) kx134: epoch: n=2048 mean_g x=0.969 y=0.062 z=-0.239 max_fifo=86/86
W (27581994) kx134: FIFO seen at max capacity (86/86 frames) -- possible dropped samples
I (27581994) kx134: epoch: n=2048 mean_g x=0.975 y=0.061 z=-0.233 max_fifo=86/86
W (27582274) kx134: FIFO seen at max capacity (86/86 frames) -- possible dropped samples
I (27582274) kx134: epoch: n=2048 mean_g x=0.971 y=0.061 z=-0.235 max_fifo=86/86
W (27582544) kx134: FIFO seen at max capacity (86/86 frames) -- possible dropped samples
I (27582544) kx134: epoch: n=2048 mean_g x=0.973 y=0.061 z=-0.235 max_fifo=86/86
W (27582804) kx134: FIFO seen at max capacity (86/86 frames) -- possible dropped samples
I (27582804) kx134: epoch: n=2048 mean_g x=0.970 y=0.066 z=-0.235 max_fifo=86/86
W (27583074) kx134: FIFO seen at max capacity (86/86 frames) -- possible dropped samples
I (27583074) kx134: epoch: n=2048 mean_g x=0.973 y=0.062 z=-0.234 max_fifo=86/86
W (27583334) kx134: FIFO seen at max capacity (86/86 frames) -- possible dropped samples
I (27583334) kx134: epoch: n=2048 mean_g x=0.975 y=0.061 z=-0.235 max_fifo=86/86
W (27583604) kx134: FIFO seen at max capacity (86/86 frames) -- possible dropped samples
I (27583604) kx134: epoch: n=2048 mean_g x=0.972 y=0.061 z=-0.236 max_fifo=86/86
W (27583864) kx134: FIFO seen at max capacity (86/86 frames) -- possible dropped samples
I (27583864) kx134: epoch: n=2048 mean_g x=0.974 y=0.064 z=-0.236 max_fifo=86/86
W (27584134) kx134: FIFO seen at max capacity (86/86 frames) -- possible dropped samples
I (27584134) kx134: epoch: n=2048 mean_g x=0.975 y=0.058 z=-0.234 max_fifo=86/86
W (27584404) kx134: FIFO seen at max capacity (86/86 frames) -- possible dropped samples
I (27584404) kx134: epoch: n=2048 mean_g x=0.973 y=0.062 z=-0.234 max_fifo=86/86
E (27584474) esp-tls: [sock=58] select() timeout
E (27584474) transport_base: Failed to open a new connection: 32774
E (27584474) mqtt_client: Error transport connect
W (27584474) link_mqtt: disconnected
W (27584674) kx134: FIFO seen at max capacity (86/86 frames) -- possible dropped samples
I (27584674) kx134: epoch: n=2048 mean_g x=0.973 y=0.064 z=-0.235 max_fifo=86/86
W (27584934) kx134: FIFO seen at max capacity (86/86 frames) -- possible dropped samples
I (27584934) kx134: epoch: n=2048 mean_g x=0.975 y=0.063 z=-0.237 max_fifo=86/86
W (27585214) kx134: FIFO seen at max capacity (86/86 frames) -- possible dropped samples
I (27585214) kx134: epoch: n=2048 mean_g x=0.974 y=0.059 z=-0.236 max_fifo=86/86
W (27585474) kx134: FIFO seen at max capacity (86/86 frames) -- possible dropped samples
I (27585474) kx134: epoch: n=2048 mean_g x=0.972 y=0.061 z=-0.235 max_fifo=86/86
W (27585744) kx134: FIFO seen at max capacity (86/86 frames) -- possible dropped samples
I (27585744) kx134: epoch: n=2048 mean_g x=0.971 y=0.063 z=-0.235 max_fifo=86/86
W (27586014) kx134: FIFO seen at max capacity (86/86 frames) -- possible dropped samples
I (27586014) kx134: epoch: n=2048 mean_g x=0.972 y=0.065 z=-0.235 max_fifo=86/86
W (27586274) kx134: FIFO seen at max capacity (86/86 frames) -- possible dropped samples
I (27586274) kx134: epoch: n=2048 mean_g x=0.969 y=0.064 z=-0.232 max_fifo=86/86
W (27586544) kx134: FIFO seen at max capacity (86/86 frames) -- possible dropped samples
I (27586544) kx134: epoch: n=2048 mean_g x=0.970 y=0.066 z=-0.235 max_fifo=86/86
W (27586804) kx134: FIFO seen at max capacity (86/86 frames) -- possible dropped samples
I (27586804) kx134: epoch: n=2048 mean_g x=0.975 y=0.061 z=-0.235 max_fifo=86/86
W (27587074) kx134: FIFO seen at max capacity (86/86 frames) -- possible dropped samples
I (27587074) kx134: epoch: n=2048 mean_g x=0.972 y=0.059 z=-0.237 max_fifo=86/86
W (27587344) kx134: FIFO seen at max capacity (86/86 frames) -- possible dropped samples
I (27587344) kx134: epoch: n=2048 mean_g x=0.972 y=0.063 z=-0.234 max_fifo=86/86
W (27587624) kx134: FIFO seen at max capacity (86/86 frames) -- possible dropped samples
I (27587624) kx134: epoch: n=2048 mean_g x=0.972 y=0.061 z=-0.237 max_fifo=86/86
W (27587874) kx134: FIFO seen at max capacity (86/86 frames) -- possible dropped samples
I (27587874) kx134: epoch: n=2048 mean_g x=0.973 y=0.061 z=-0.235 max_fifo=86/86
W (27588154) kx134: FIFO seen at max capacity (86/86 frames) -- possible dropped samples
I (27588154) kx134: epoch: n=2048 mean_g x=0.973 y=0.063 z=-0.236 max_fifo=86/86
W (27588414) kx134: FIFO seen at max capacity (86/86 frames) -- possible dropped samples
I (27588414) kx134: epoch: n=2048 mean_g x=0.971 y=0.066 z=-0.239 max_fifo=86/86
W (27588684) kx134: FIFO seen at max capacity (86/86 frames) -- possible dropped samples
I (27588684) kx134: epoch: n=2048 mean_g x=0.973 y=0.060 z=-0.234 max_fifo=86/86
I (27588924) DIAG: Stack HWM (bytes free): mic=7204 dsp=4120 rgb=1920 imu=1580 diag=684
I (27588924) DIAG: CPU runtime:
diag           	105299704		5%
IDLE0          	3888143236		213%
IDLE1          	1292467861		71%
net            	1646675828		90%
mic_task       	230159396		12%
tiT            	214027099		11%
wifi_prov      	574150		<1%
imu_task       	4106421418		225%
dsp_task       	358438201		19%
mqtt_task      	26409329		1%
rgb_led        	45742225		2%
main           	157574		<1%
ipc0           	37885		<1%
Tmr Svc        	17		<1%
dns_captive    	54		<1%
sys_evt        	1037592		<1%
esp_timer      	14007428		<1%
wifi           	296089132		16%
httpd          	589		<1%
ipc1           	50730		<1%

W (27588954) kx134: FIFO seen at max capacity (86/86 frames) -- possible dropped samples
I (27588984) kx134: epoch: n=2048 mean_g x=0.971 y=0.062 z=-0.235 max_fifo=86/86
I (27589014) DIAG: Heap free: internal=3148 largest_free=1280 PSRAM=8209812 IRAM=0
I (27589014) DIAG: wifi: connects=3 disconnects=447 retry_cnt=0
I (27589024) DIAG: mqtt: connects=12 disconnects=754 publishes=86767 publish_failures=12 cmds_received=0
I (27589034) DIAG: wifi_prov: state=2 provisioning_entries=1 recovery_entries=1 recovery_successes=0
I (27589034) DIAG: mic: blocks_ok=431049 capture_failures=0 rb_drops=0
W (27589044) DIAG: mic i2s: overflow_count=14 (cumulative) read_errors=0 short_reads=0 — check CPU load
I (27589054) DIAG: dsp: fft_count=431049 frames_emitted=107762 rb_timeouts=0 last_fft_us=605
I (27589064) DIAG: imu: epochs=102480 read_errors=0 reinit_attempts=0 reinit_successes=0
I (27589074) DIAG: accel: reads_ok=307440 read_errors=0 fifo_max_hits=102480
I (27589074) DIAG: net: frames_built=130764 build_failures=0 publish_failures=12 cmd_malformed=0 disconnect_reverts=12
I (27589084) DIAG: led: state_changes=465 remote_updates=0 hw_errors=0
W (27589254) kx134: FIFO seen at max capacity (86/86 frames) -- possible dropped samples
I (27589254) kx134: epoch: n=2048 mean_g x=0.972 y=0.064 z=-0.238 max_fifo=86/86
W (27589524) kx134: FIFO seen at max capacity (86/86 frames) -- possible dropped samples
I (27589524) kx134: epoch: n=2048 mean_g x=0.972 y=0.064 z=-0.235 max_fifo=86/86
W (27589794) kx134: FIFO seen at max capacity (86/86 frames) -- possible dropped samples
I (27589794) kx134: epoch: n=2048 mean_g x=0.974 y=0.063 z=-0.238 max_fifo=86/86
W (27590054) kx134: FIFO seen at max capacity (86/86 frames) -- possible dropped samples
I (27590054) kx134: epoch: n=2048 mean_g x=0.970 y=0.063 z=-0.238 max_fifo=86/86
W (27590324) kx134: FIFO seen at max capacity (86/86 frames) -- possible dropped samples
I (27590324) kx134: epoch: n=2048 mean_g x=0.970 y=0.061 z=-0.236 max_fifo=86/86
W (27590584) kx134: FIFO seen at max capacity (86/86 frames) -- possible dropped samples
I (27590584) kx134: epoch: n=2048 mean_g x=0.974 y=0.062 z=-0.239 max_fifo=86/86
W (27590854) kx134: FIFO seen at max capacity (86/86 frames) -- possible dropped samples
I (27590854) kx134: epoch: n=2048 mean_g x=0.975 y=0.065 z=-0.235 max_fifo=86/86
W (27591124) kx134: FIFO seen at max capacity (86/86 frames) -- possible dropped samples
I (27591124) kx134: epoch: n=2048 mean_g x=0.973 y=0.065 z=-0.236 max_fifo=86/86
W (27591394) kx134: FIFO seen at max capacity (86/86 frames) -- possible dropped samples
I (27591404) kx134: epoch: n=2048 mean_g x=0.974 y=0.060 z=-0.237 max_fifo=86/86
W (27591654) kx134: FIFO seen at max capacity (86/86 frames) -- possible dropped samples
I (27591654) kx134: epoch: n=2048 mean_g x=0.970 y=0.064 z=-0.234 max_fifo=86/86
W (27591934) kx134: FIFO seen at max capacity (86/86 frames) -- possible dropped samples
I (27591934) kx134: epoch: n=2048 mean_g x=0.971 y=0.066 z=-0.235 max_fifo=86/86
W (27592194) kx134: FIFO seen at max capacity (86/86 frames) -- possible dropped samples
I (27592194) kx134: epoch: n=2048 mean_g x=0.971 y=0.063 z=-0.235 max_fifo=86/86
W (27592464) kx134: FIFO seen at max capacity (86/86 frames) -- possible dropped samples
I (27592464) kx134: epoch: n=2048 mean_g x=0.976 y=0.061 z=-0.236 max_fifo=86/86
W (27592734) kx134: FIFO seen at max capacity (86/86 frames) -- possible dropped samples
I (27592734) kx134: epoch: n=2048 mean_g x=0.973 y=0.064 z=-0.235 max_fifo=86/86
W (27592994) kx134: FIFO seen at max capacity (86/86 frames) -- possible dropped samples
I (27592994) kx134: epoch: n=2048 mean_g x=0.973 y=0.062 z=-0.237 max_fifo=86/86
W (27593264) kx134: FIFO seen at max capacity (86/86 frames) -- possible dropped samples
I (27593264) kx134: epoch: n=2048 mean_g x=0.971 y=0.061 z=-0.237 max_fifo=86/86
W (27593524) kx134: FIFO seen at max capacity (86/86 frames) -- possible dropped samples
I (27593524) kx134: epoch: n=2048 mean_g x=0.973 y=0.065 z=-0.240 max_fifo=86/86
W (27593794) kx134: FIFO seen at max capacity (86/86 frames) -- possible dropped samples
I (27593794) kx134: epoch: n=2048 mean_g x=0.971 y=0.063 z=-0.237 max_fifo=86/86
W (27594064) kx134: FIFO seen at max capacity (86/86 frames) -- possible dropped samples
I (27594064) kx134: epoch: n=2048 mean_g x=0.971 y=0.062 z=-0.238 max_fifo=86/86
W (27594334) kx134: FIFO seen at max capacity (86/86 frames) -- possible dropped samples
I (27594334) kx134: epoch: n=2048 mean_g x=0.971 y=0.065 z=-0.237 max_fifo=86/86
W (27594594) kx134: FIFO seen at max capacity (86/86 frames) -- possible dropped samples
I (27594594) kx134: epoch: n=2048 mean_g x=0.971 y=0.061 z=-0.237 max_fifo=86/86
W (27594874) kx134: FIFO seen at max capacity (86/86 frames) -- possible dropped samples
I (27594874) kx134: epoch: n=2048 mean_g x=0.970 y=0.063 z=-0.236 max_fifo=86/86
W (27595134) kx134: FIFO seen at max capacity (86/86 frames) -- possible dropped samples
I (27595134) kx134: epoch: n=2048 mean_g x=0.974 y=0.062 z=-0.238 max_fifo=86/86
W (27595404) kx134: FIFO seen at max capacity (86/86 frames) -- possible dropped samples
I (27595404) kx134: epoch: n=2048 mean_g x=0.971 y=0.065 z=-0.236 max_fifo=86/86
W (27595674) kx134: FIFO seen at max capacity (86/86 frames) -- possible dropped samples
I (27595674) kx134: epoch: n=2048 mean_g x=0.973 y=0.066 z=-0.237 max_fifo=86/86
W (27595934) kx134: FIFO seen at max capacity (86/86 frames) -- possible dropped samples
I (27595934) kx134: epoch: n=2048 mean_g x=0.972 y=0.062 z=-0.237 max_fifo=86/86
W (27596204) kx134: FIFO seen at max capacity (86/86 frames) -- possible dropped samples
I (27596204) kx134: epoch: n=2048 mean_g x=0.973 y=0.064 z=-0.236 max_fifo=86/86
W (27596464) kx134: FIFO seen at max capacity (86/86 frames) -- possible dropped samples
I (27596464) kx134: epoch: n=2048 mean_g x=0.970 y=0.065 z=-0.234 max_fifo=86/86
W (27596734) kx134: FIFO seen at max capacity (86/86 frames) -- possible dropped samples
I (27596734) kx134: epoch: n=2048 mean_g x=0.971 y=0.063 z=-0.235 max_fifo=86/86
W (27597004) kx134: FIFO seen at max capacity (86/86 frames) -- possible dropped samples
I (27597004) kx134: epoch: n=2048 mean_g x=0.971 y=0.062 z=-0.234 max_fifo=86/86
W (27597274) kx134: FIFO seen at max capacity (86/86 frames) -- possible dropped samples
I (27597274) kx134: epoch: n=2048 mean_g x=0.973 y=0.062 z=-0.237 max_fifo=86/86
E (27597484) esp-tls: [sock=58] select() timeout
E (27597484) transport_base: Failed to open a new connection: 32774
E (27597484) mqtt_client: Error transport connect
W (27597484) link_mqtt: disconnected
W (27597544) kx134: FIFO seen at max capacity (86/86 frames) -- possible dropped samples
I (27597544) kx134: epoch: n=2048 mean_g x=0.974 y=0.059 z=-0.239 max_fifo=86/86
W (27597824) kx134: FIFO seen at max capacity (86/86 frames) -- possible dropped samples
I (27597824) kx134: epoch: n=2048 mean_g x=0.971 y=0.062 z=-0.236 max_fifo=86/86
W (27598094) kx134: FIFO seen at max capacity (86/86 frames) -- possible dropped samples
I (27598094) kx134: epoch: n=2048 mean_g x=0.975 y=0.064 z=-0.239 max_fifo=86/86
W (27598354) kx134: FIFO seen at max capacity (86/86 frames) -- possible dropped samples
I (27598354) kx134: epoch: n=2048 mean_g x=0.972 y=0.065 z=-0.237 max_fifo=86/86
W (27598624) kx134: FIFO seen at max capacity (86/86 frames) -- possible dropped samples
I (27598624) kx134: epoch: n=2048 mean_g x=0.970 y=0.062 z=-0.234 max_fifo=86/86
W (27598894) kx134: FIFO seen at max capacity (86/86 frames) -- possible dropped samples
I (27598894) kx134: epoch: n=2048 mean_g x=0.972 y=0.062 z=-0.235 max_fifo=86/86
W (27599164) kx134: FIFO seen at max capacity (86/86 frames) -- possible dropped samples
I (27599164) kx134: epoch: n=2048 mean_g x=0.973 y=0.062 z=-0.237 max_fifo=86/86
W (27599424) kx134: FIFO seen at max capacity (86/86 frames) -- possible dropped samples
I (27599424) kx134: epoch: n=2048 mean_g x=0.972 y=0.064 z=-0.237 max_fifo=86/86
W (27599704) kx134: FIFO seen at max capacity (86/86 frames) -- possible dropped samples
I (27599704) kx134: epoch: n=2048 mean_g x=0.971 y=0.063 z=-0.235 max_fifo=86/86
W (27599974) kx134: FIFO seen at max capacity (86/86 frames) -- possible dropped samples
I (27599974) kx134: epoch: n=2048 mean_g x=0.972 y=0.063 z=-0.235 max_fifo=86/86
W (27600234) kx134: FIFO seen at max capacity (86/86 frames) -- possible dropped samples
I (27600234) kx134: epoch: n=2048 mean_g x=0.971 y=0.066 z=-0.234 max_fifo=86/86
W (27600504) kx134: FIFO seen at max capacity (86/86 frames) -- possible dropped samples
I (27600504) kx134: epoch: n=2048 mean_g x=0.971 y=0.058 z=-0.237 max_fifo=86/86
W (27600764) kx134: FIFO seen at max capacity (86/86 frames) -- possible dropped samples
I (27600764) kx134: epoch: n=2048 mean_g x=0.971 y=0.059 z=-0.236 max_fifo=86/86
W (27601034) kx134: FIFO seen at max capacity (86/86 frames) -- possible dropped samples
I (27601034) kx134: epoch: n=2048 mean_g x=0.972 y=0.060 z=-0.237 max_fifo=86/86
W (27601294) kx134: FIFO seen at max capacity (86/86 frames) -- possible dropped samples
I (27601294) kx134: epoch: n=2048 mean_g x=0.970 y=0.063 z=-0.236 max_fifo=86/86
W (27601564) kx134: FIFO seen at max capacity (86/86 frames) -- possible dropped samples
I (27601564) kx134: epoch: n=2048 mean_g x=0.972 y=0.061 z=-0.239 max_fifo=86/86
W (27601834) kx134: FIFO seen at max capacity (86/86 frames) -- possible dropped samples
I (27601834) kx134: epoch: n=2048 mean_g x=0.971 y=0.061 z=-0.233 max_fifo=86/86
W (27602104) kx134: FIFO seen at max capacity (86/86 frames) -- possible dropped samples
I (27602104) kx134: epoch: n=2048 mean_g x=0.972 y=0.062 z=-0.237 max_fifo=86/86
W (27602364) kx134: FIFO seen at max capacity (86/86 frames) -- possible dropped samples
I (27602364) kx134: epoch: n=2048 mean_g x=0.974 y=0.062 z=-0.235 max_fifo=86/86
W (27602644) kx134: FIFO seen at max capacity (86/86 frames) -- possible dropped samples
I (27602644) kx134: epoch: n=2048 mean_g x=0.970 y=0.063 z=-0.234 max_fifo=86/86
W (27602904) kx134: FIFO seen at max capacity (86/86 frames) -- possible dropped samples
I (27602904) kx134: epoch: n=2048 mean_g x=0.969 y=0.064 z=-0.237 max_fifo=86/86
W (27603174) kx134: FIFO seen at max capacity (86/86 frames) -- possible dropped samples
I (27603174) kx134: epoch: n=2048 mean_g x=0.972 y=0.067 z=-0.239 max_fifo=86/86
W (27603444) kx134: FIFO seen at max capacity (86/86 frames) -- possible dropped samples
I (27603444) kx134: epoch: n=2048 mean_g x=0.974 y=0.062 z=-0.236 max_fifo=86/86
W (27603704) kx134: FIFO seen at max capacity (86/86 frames) -- possible dropped samples
I (27603704) kx134: epoch: n=2048 mean_g x=0.976 y=0.065 z=-0.239 max_fifo=86/86
W (27603974) kx134: FIFO seen at max capacity (86/86 frames) -- possible dropped samples
I (27603974) kx134: epoch: n=2048 mean_g x=0.973 y=0.060 z=-0.233 max_fifo=86/86
W (27604234) kx134: FIFO seen at max capacity (86/86 frames) -- possible dropped samples
I (27604234) kx134: epoch: n=2048 mean_g x=0.972 y=0.062 z=-0.239 max_fifo=86/86
W (27604504) kx134: FIFO seen at max capacity (86/86 frames) -- possible dropped samples
I (27604504) kx134: epoch: n=2048 mean_g x=0.971 y=0.062 z=-0.233 max_fifo=86/86
W (27604774) kx134: FIFO seen at max capacity (86/86 frames) -- possible dropped samples
I (27604774) kx134: epoch: n=2048 mean_g x=0.974 y=0.067 z=-0.235 max_fifo=86/86
W (27605044) kx134: FIFO seen at max capacity (86/86 frames) -- possible dropped samples
I (27605044) kx134: epoch: n=2048 mean_g x=0.973 y=0.061 z=-0.238 max_fifo=86/86
W (27605304) kx134: FIFO seen at max capacity (86/86 frames) -- possible dropped samples
I (27605304) kx134: epoch: n=2048 mean_g x=0.972 y=0.064 z=-0.239 max_fifo=86/86
W (27605584) kx134: FIFO seen at max capacity (86/86 frames) -- possible dropped samples
I (27605584) kx134: epoch: n=2048 mean_g x=0.973 y=0.062 z=-0.237 max_fifo=86/86
W (27605844) kx134: FIFO seen at max capacity (86/86 frames) -- possible dropped samples
I (27605844) kx134: epoch: n=2048 mean_g x=0.970 y=0.063 z=-0.238 max_fifo=86/86
W (27606114) kx134: FIFO seen at max capacity (86/86 frames) -- possible dropped samples
I (27606114) kx134: epoch: n=2048 mean_g x=0.971 y=0.063 z=-0.237 max_fifo=86/86
W (27606384) kx134: FIFO seen at max capacity (86/86 frames) -- possible dropped samples
I (27606384) kx134: epoch: n=2048 mean_g x=0.976 y=0.062 z=-0.234 max_fifo=86/86
W (27606644) kx134: FIFO seen at max capacity (86/86 frames) -- possible dropped samples
I (27606644) kx134: epoch: n=2048 mean_g x=0.972 y=0.064 z=-0.236 max_fifo=86/86
W (27606914) kx134: FIFO seen at max capacity (86/86 frames) -- possible dropped samples
I (27606914) kx134: epoch: n=2048 mean_g x=0.973 y=0.063 z=-0.237 max_fifo=86/86
W (27607174) kx134: FIFO seen at max capacity (86/86 frames) -- possible dropped samples
I (27607174) kx134: epoch: n=2048 mean_g x=0.971 y=0.064 z=-0.237 max_fifo=86/86
W (27607444) kx134: FIFO seen at max capacity (86/86 frames) -- possible dropped samples
I (27607444) kx134: epoch: n=2048 mean_g x=0.974 y=0.063 z=-0.237 max_fifo=86/86
W (27607714) kx134: FIFO seen at max capacity (86/86 frames) -- possible dropped samples
I (27607714) kx134: epoch: n=2048 mean_g x=0.970 y=0.065 z=-0.238 max_fifo=86/86
W (27607984) kx134: FIFO seen at max capacity (86/86 frames) -- possible dropped samples
I (27607984) kx134: epoch: n=2048 mean_g x=0.970 y=0.063 z=-0.236 max_fifo=86/86
W (27608244) kx134: FIFO seen at max capacity (86/86 frames) -- possible dropped samples
I (27608244) kx134: epoch: n=2048 mean_g x=0.969 y=0.062 z=-0.233 max_fifo=86/86
W (27608524) kx134: FIFO seen at max capacity (86/86 frames) -- possible dropped samples
I (27608524) kx134: epoch: n=2048 mean_g x=0.969 y=0.064 z=-0.237 max_fifo=86/86
W (27608784) kx134: FIFO seen at max capacity (86/86 frames) -- possible dropped samples
I (27608784) kx134: epoch: n=2048 mean_g x=0.972 y=0.066 z=-0.237 max_fifo=86/86
W (27609054) kx134: FIFO seen at max capacity (86/86 frames) -- possible dropped samples
I (27609054) kx134: epoch: n=2048 mean_g x=0.977 y=0.063 z=-0.236 max_fifo=86/86
W (27609324) kx134: FIFO seen at max capacity (86/86 frames) -- possible dropped samples
I (27609324) kx134: epoch: n=2048 mean_g x=0.972 y=0.062 z=-0.239 max_fifo=86/86
W (27609594) kx134: FIFO seen at max capacity (86/86 frames) -- possible dropped samples
I (27609594) kx134: epoch: n=2048 mean_g x=0.976 y=0.061 z=-0.237 max_fifo=86/86
W (27609854) kx134: FIFO seen at max capacity (86/86 frames) -- possible dropped samples
I (27609854) kx134: epoch: n=2048 mean_g x=0.973 y=0.064 z=-0.235 max_fifo=86/86
W (27610114) kx134: FIFO seen at max capacity (86/86 frames) -- possible dropped samples
I (27610114) kx134: epoch: n=2048 mean_g x=0.973 y=0.062 z=-0.235 max_fifo=86/86
W (27610384) kx134: FIFO seen at max capacity (86/86 frames) -- possible dropped samples
I (27610384) kx134: epoch: n=2048 mean_g x=0.973 y=0.065 z=-0.237 max_fifo=86/86
E (27610494) esp-tls: [sock=58] select() timeout
E (27610494) transport_base: Failed to open a new connection: 32774
E (27610494) mqtt_client: Error transport connect
W (27610494) link_mqtt: disconnected
W (27610664) kx134: FIFO seen at max capacity (86/86 frames) -- possible dropped samples
I (27610664) kx134: epoch: n=2048 mean_g x=0.967 y=0.061 z=-0.232 max_fifo=86/86
W (27610934) kx134: FIFO seen at max capacity (86/86 frames) -- possible dropped samples
I (27610934) kx134: epoch: n=2048 mean_g x=0.974 y=0.059 z=-0.237 max_fifo=86/86
W (27611184) kx134: FIFO seen at max capacity (86/86 frames) -- possible dropped samples
I (27611184) kx134: epoch: n=2048 mean_g x=0.971 y=0.065 z=-0.234 max_fifo=86/86
W (27611464) kx134: FIFO seen at max capacity (86/86 frames) -- possible dropped samples
I (27611464) kx134: epoch: n=2048 mean_g x=0.973 y=0.059 z=-0.235 max_fifo=86/86
W (27611734) kx134: FIFO seen at max capacity (86/86 frames) -- possible dropped samples
I (27611734) kx134: epoch: n=2048 mean_g x=0.972 y=0.060 z=-0.235 max_fifo=86/86
W (27611994) kx134: FIFO seen at max capacity (86/86 frames) -- possible dropped samples
I (27611994) kx134: epoch: n=2048 mean_g x=0.974 y=0.062 z=-0.235 max_fifo=86/86
W (27612264) kx134: FIFO seen at max capacity (86/86 frames) -- possible dropped samples
I (27612264) kx134: epoch: n=2048 mean_g x=0.974 y=0.063 z=-0.233 max_fifo=86/86
W (27612524) kx134: FIFO seen at max capacity (86/86 frames) -- possible dropped samples
I (27612524) kx134: epoch: n=2048 mean_g x=0.974 y=0.062 z=-0.237 max_fifo=86/86
W (27612794) kx134: FIFO seen at max capacity (86/86 frames) -- possible dropped samples
I (27612794) kx134: epoch: n=2048 mean_g x=0.970 y=0.062 z=-0.233 max_fifo=86/86
W (27613054) kx134: FIFO seen at max capacity (86/86 frames) -- possible dropped samples
I (27613054) kx134: epoch: n=2048 mean_g x=0.972 y=0.059 z=-0.236 max_fifo=86/86
W (27613324) kx134: FIFO seen at max capacity (86/86 frames) -- possible dropped samples
I (27613324) kx134: epoch: n=2048 mean_g x=0.973 y=0.062 z=-0.235 max_fifo=86/86
W (27613594) kx134: FIFO seen at max capacity (86/86 frames) -- possible dropped samples
I (27613594) kx134: epoch: n=2048 mean_g x=0.973 y=0.061 z=-0.234 max_fifo=86/86
W (27613864) kx134: FIFO seen at max capacity (86/86 frames) -- possible dropped samples
I (27613864) kx134: epoch: n=2048 mean_g x=0.971 y=0.062 z=-0.235 max_fifo=86/86
W (27614124) kx134: FIFO seen at max capacity (86/86 frames) -- possible dropped samples
I (27614124) kx134: epoch: n=2048 mean_g x=0.974 y=0.059 z=-0.237 max_fifo=86/86
W (27614404) kx134: FIFO seen at max capacity (86/86 frames) -- possible dropped samples
I (27614404) kx134: epoch: n=2048 mean_g x=0.973 y=0.060 z=-0.236 max_fifo=86/86
W (27614664) kx134: FIFO seen at max capacity (86/86 frames) -- possible dropped samples
I (27614664) kx134: epoch: n=2048 mean_g x=0.970 y=0.061 z=-0.236 max_fifo=86/86
W (27614934) kx134: FIFO seen at max capacity (86/86 frames) -- possible dropped samples
I (27614934) kx134: epoch: n=2048 mean_g x=0.973 y=0.064 z=-0.236 max_fifo=86/86
W (27615204) kx134: FIFO seen at max capacity (86/86 frames) -- possible dropped samples
I (27615204) kx134: epoch: n=2048 mean_g x=0.969 y=0.064 z=-0.236 max_fifo=86/86
W (27615464) kx134: FIFO seen at max capacity (86/86 frames) -- possible dropped samples
I (27615464) kx134: epoch: n=2048 mean_g x=0.971 y=0.062 z=-0.237 max_fifo=86/86
W (27615734) kx134: FIFO seen at max capacity (86/86 frames) -- possible dropped samples
I (27615734) kx134: epoch: n=2048 mean_g x=0.973 y=0.064 z=-0.238 max_fifo=86/86
W (27615994) kx134: FIFO seen at max capacity (86/86 frames) -- possible dropped samples
I (27615994) kx134: epoch: n=2048 mean_g x=0.973 y=0.065 z=-0.237 max_fifo=86/86
W (27616264) kx134: FIFO seen at max capacity (86/86 frames) -- possible dropped samples
I (27616264) kx134: epoch: n=2048 mean_g x=0.974 y=0.061 z=-0.231 max_fifo=86/86
W (27616534) kx134: FIFO seen at max capacity (86/86 frames) -- possible dropped samples
I (27616534) kx134: epoch: n=2048 mean_g x=0.973 y=0.061 z=-0.233 max_fifo=86/86
W (27616804) kx134: FIFO seen at max capacity (86/86 frames) -- possible dropped samples
I (27616804) kx134: epoch: n=2048 mean_g x=0.972 y=0.064 z=-0.238 max_fifo=86/86
W (27617064) kx134: FIFO seen at max capacity (86/86 frames) -- possible dropped samples
I (27617064) kx134: epoch: n=2048 mean_g x=0.972 y=0.065 z=-0.233 max_fifo=86/86
W (27617344) kx134: FIFO seen at max capacity (86/86 frames) -- possible dropped samples
I (27617344) kx134: epoch: n=2048 mean_g x=0.972 y=0.064 z=-0.237 max_fifo=86/86
W (27617614) kx134: FIFO seen at max capacity (86/86 frames) -- possible dropped samples
I (27617614) kx134: epoch: n=2048 mean_g x=0.969 y=0.062 z=-0.237 max_fifo=86/86
W (27617874) kx134: FIFO seen at max capacity (86/86 frames) -- possible dropped samples
I (27617874) kx134: epoch: n=2048 mean_g x=0.972 y=0.060 z=-0.233 max_fifo=86/86
W (27618144) kx134: FIFO seen at max capacity (86/86 frames) -- possible dropped samples
I (27618144) kx134: epoch: n=2048 mean_g x=0.971 y=0.065 z=-0.238 max_fifo=86/86
W (27618404) kx134: FIFO seen at max capacity (86/86 frames) -- possible dropped samples
I (27618404) kx134: epoch: n=2048 mean_g x=0.970 y=0.065 z=-0.235 max_fifo=86/86
W (27618674) kx134: FIFO seen at max capacity (86/86 frames) -- possible dropped samples
I (27618674) kx134: epoch: n=2048 mean_g x=0.972 y=0.064 z=-0.235 max_fifo=86/86
W (27618934) kx134: FIFO seen at max capacity (86/86 frames) -- possible dropped samples
I (27618934) kx134: epoch: n=2048 mean_g x=0.971 y=0.063 z=-0.235 max_fifo=86/86
I (27619094) DIAG: Stack HWM (bytes free): mic=7204 dsp=4120 rgb=1920 imu=1580 diag=684
I (27619094) DIAG: CPU runtime:
diag           	105414751		5%
IDLE0          	3911325981		211%
IDLE1          	1322097120		71%
rgb_led        	45891584		2%
net            	1648415667		89%
tiT            	214068902		11%
wifi_prov      	575042		<1%
imu_task       	4110970809		222%
dsp_task       	358830560		19%
mqtt_task      	26426966		1%
mic_task       	230411674		12%
main           	157574		<1%
Tmr Svc        	17		<1%
dns_captive    	54		<1%
sys_evt        	1037592		<1%
httpd          	589		<1%
esp_timer      	14038658		<1%
wifi           	296328599		16%
ipc1           	50730		<1%
ipc0           	37885		<1%

I (27619144) DIAG: Heap free: internal=3172 largest_free=1280 PSRAM=8209812 IRAM=0
I (27619154) DIAG: wifi: connects=3 disconnects=447 retry_cnt=0
I (27619154) DIAG: mqtt: connects=12 disconnects=756 publishes=86767 publish_failures=12 cmds_received=0
I (27619164) DIAG: wifi_prov: state=2 provisioning_entries=1 recovery_entries=1 recovery_successes=0
I (27619174) DIAG: mic: blocks_ok=431520 capture_failures=0 rb_drops=0
W (27619194) DIAG: mic i2s: overflow_count=14 (cumulative) read_errors=0 short_reads=0 — check CPU load
I (27619194) DIAG: dsp: fft_count=431520 frames_emitted=107880 rb_timeouts=0 last_fft_us=605
I (27619204) DIAG: imu: epochs=102592 read_errors=0 reinit_attempts=0 reinit_successes=0
W (27619204) kx134: FIFO seen at max capacity (86/86 frames) -- possible dropped samples
I (27619214) kx134: epoch: n=2048 mean_g x=0.973 y=0.062 z=-0.234 max_fifo=86/86
I (27619244) DIAG: accel: reads_ok=307779 read_errors=0 fifo_max_hits=102593
I (27619244) DIAG: net: frames_built=130908 build_failures=0 publish_failures=12 cmd_malformed=0 disconnect_reverts=12
I (27619254) DIAG: led: state_changes=465 remote_updates=0 hw_errors=0
W (27619484) kx134: FIFO seen at max capacity (86/86 frames) -- possible dropped samples
I (27619484) kx134: epoch: n=2048 mean_g x=0.972 y=0.062 z=-0.236 max_fifo=86/86
W (27619754) kx134: FIFO seen at max capacity (86/86 frames) -- possible dropped samples
I (27619754) kx134: epoch: n=2048 mean_g x=0.972 y=0.064 z=-0.240 max_fifo=86/86
W (27620014) kx134: FIFO seen at max capacity (86/86 frames) -- possible dropped samples
I (27620014) kx134: epoch: n=2048 mean_g x=0.971 y=0.060 z=-0.236 max_fifo=86/86
W (27620294) kx134: FIFO seen at max capacity (86/86 frames) -- possible dropped samples
I (27620294) kx134: epoch: n=2048 mean_g x=0.973 y=0.059 z=-0.235 max_fifo=86/86
W (27620564) kx134: FIFO seen at max capacity (86/86 frames) -- possible dropped samples
I (27620564) kx134: epoch: n=2048 mean_g x=0.972 y=0.062 z=-0.236 max_fifo=86/86
W (27620824) kx134: FIFO seen at max capacity (86/86 frames) -- possible dropped samples
I (27620824) kx134: epoch: n=2048 mean_g x=0.973 y=0.063 z=-0.236 max_fifo=86/86
W (27621094) kx134: FIFO seen at max capacity (86/86 frames) -- possible dropped samples
I (27621094) kx134: epoch: n=2048 mean_g x=0.973 y=0.065 z=-0.237 max_fifo=86/86
W (27621364) kx134: FIFO seen at max capacity (86/86 frames) -- possible dropped samples
I (27621364) kx134: epoch: n=2048 mean_g x=0.970 y=0.059 z=-0.238 max_fifo=86/86
W (27621634) kx134: FIFO seen at max capacity (86/86 frames) -- possible dropped samples
I (27621634) kx134: epoch: n=2048 mean_g x=0.971 y=0.062 z=-0.236 max_fifo=86/86
W (27621894) kx134: FIFO seen at max capacity (86/86 frames) -- possible dropped samples
I (27621894) kx134: epoch: n=2048 mean_g x=0.971 y=0.063 z=-0.235 max_fifo=86/86
W (27622174) kx134: FIFO seen at max capacity (86/86 frames) -- possible dropped samples
I (27622174) kx134: epoch: n=2048 mean_g x=0.971 y=0.063 z=-0.236 max_fifo=86/86
W (27622444) kx134: FIFO seen at max capacity (86/86 frames) -- possible dropped samples
I (27622444) kx134: epoch: n=2048 mean_g x=0.972 y=0.059 z=-0.238 max_fifo=86/86
W (27622704) kx134: FIFO seen at max capacity (86/86 frames) -- possible dropped samples
I (27622704) kx134: epoch: n=2048 mean_g x=0.971 y=0.062 z=-0.233 max_fifo=86/86
W (27622974) kx134: FIFO seen at max capacity (86/86 frames) -- possible dropped samples
I (27622974) kx134: epoch: n=2048 mean_g x=0.973 y=0.063 z=-0.235 max_fifo=86/86
W (27623234) kx134: FIFO seen at max capacity (86/86 frames) -- possible dropped samples
I (27623234) kx134: epoch: n=2048 mean_g x=0.972 y=0.058 z=-0.237 max_fifo=86/86
E (27623504) esp-tls: [sock=58] select() timeout
E (27623504) transport_base: Failed to open a new connection: 32774
E (27623504) mqtt_client: Error transport connect
W (27623504) link_mqtt: disconnected
W (27623514) kx134: FIFO seen at max capacity (86/86 frames) -- possible dropped samples
I (27623514) kx134: epoch: n=2048 mean_g x=0.972 y=0.062 z=-0.237 max_fifo=86/86
W (27623774) kx134: FIFO seen at max capacity (86/86 frames) -- possible dropped samples
I (27623774) kx134: epoch: n=2048 mean_g x=0.972 y=0.062 z=-0.232 max_fifo=86/86
W (27624054) kx134: FIFO seen at max capacity (86/86 frames) -- possible dropped samples
I (27624054) kx134: epoch: n=2048 mean_g x=0.973 y=0.063 z=-0.234 max_fifo=86/86
W (27624324) kx134: FIFO seen at max capacity (86/86 frames) -- possible dropped samples
I (27624324) kx134: epoch: n=2048 mean_g x=0.973 y=0.058 z=-0.233 max_fifo=86/86
W (27624594) kx134: FIFO seen at max capacity (86/86 frames) -- possible dropped samples
I (27624594) kx134: epoch: n=2048 mean_g x=0.971 y=0.064 z=-0.235 max_fifo=86/86
W (27624864) kx134: FIFO seen at max capacity (86/86 frames) -- possible dropped samples
I (27624864) kx134: epoch: n=2048 mean_g x=0.969 y=0.060 z=-0.235 max_fifo=86/86
W (27625124) kx134: FIFO seen at max capacity (86/86 frames) -- possible dropped samples
I (27625124) kx134: epoch: n=2048 mean_g x=0.975 y=0.059 z=-0.233 max_fifo=86/86
W (27625394) kx134: FIFO seen at max capacity (86/86 frames) -- possible dropped samples
I (27625394) kx134: epoch: n=2048 mean_g x=0.975 y=0.063 z=-0.233 max_fifo=86/86
W (27625654) kx134: FIFO seen at max capacity (86/86 frames) -- possible dropped samples
I (27625654) kx134: epoch: n=2048 mean_g x=0.973 y=0.063 z=-0.234 max_fifo=86/86
W (27625924) kx134: FIFO seen at max capacity (86/86 frames) -- possible dropped samples
I (27625924) kx134: epoch: n=2048 mean_g x=0.968 y=0.061 z=-0.236 max_fifo=86/86
W (27626194) kx134: FIFO seen at max capacity (86/86 frames) -- possible dropped samples
I (27626194) kx134: epoch: n=2048 mean_g x=0.973 y=0.062 z=-0.234 max_fifo=86/86
W (27626464) kx134: FIFO seen at max capacity (86/86 frames) -- possible dropped samples
I (27626464) kx134: epoch: n=2048 mean_g x=0.973 y=0.061 z=-0.237 max_fifo=86/86
W (27626724) kx134: FIFO seen at max capacity (86/86 frames) -- possible dropped samples
I (27626724) kx134: epoch: n=2048 mean_g x=0.975 y=0.060 z=-0.233 max_fifo=86/86
W (27627004) kx134: FIFO seen at max capacity (86/86 frames) -- possible dropped samples
I (27627004) kx134: epoch: n=2048 mean_g x=0.969 y=0.062 z=-0.237 max_fifo=86/86
W (27627264) kx134: FIFO seen at max capacity (86/86 frames) -- possible dropped samples
I (27627264) kx134: epoch: n=2048 mean_g x=0.974 y=0.064 z=-0.238 max_fifo=86/86
W (27627534) kx134: FIFO seen at max capacity (86/86 frames) -- possible dropped samples
I (27627534) kx134: epoch: n=2048 mean_g x=0.971 y=0.064 z=-0.233 max_fifo=86/86
W (27627804) kx134: FIFO seen at max capacity (86/86 frames) -- possible dropped samples
I (27627804) kx134: epoch: n=2048 mean_g x=0.973 y=0.060 z=-0.237 max_fifo=86/86
W (27628064) kx134: FIFO seen at max capacity (86/86 frames) -- possible dropped samples
I (27628064) kx134: epoch: n=2048 mean_g x=0.971 y=0.061 z=-0.236 max_fifo=86/86
W (27628334) kx134: FIFO seen at max capacity (86/86 frames) -- possible dropped samples
I (27628334) kx134: epoch: n=2048 mean_g x=0.972 y=0.057 z=-0.238 max_fifo=86/86
W (27628594) kx134: FIFO seen at max capacity (86/86 frames) -- possible dropped samples
I (27628594) kx134: epoch: n=2048 mean_g x=0.972 y=0.063 z=-0.232 max_fifo=86/86
W (27628864) kx134: FIFO seen at max capacity (86/86 frames) -- possible dropped samples
I (27628864) kx134: epoch: n=2048 mean_g x=0.969 y=0.064 z=-0.237 max_fifo=86/86
W (27629134) kx134: FIFO seen at max capacity (86/86 frames) -- possible dropped samples
I (27629134) kx134: epoch: n=2048 mean_g x=0.972 y=0.066 z=-0.233 max_fifo=86/86
W (27629404) kx134: FIFO seen at max capacity (86/86 frames) -- possible dropped samples
I (27629404) kx134: epoch: n=2048 mean_g x=0.973 y=0.063 z=-0.235 max_fifo=86/86
W (27629664) kx134: FIFO seen at max capacity (86/86 frames) -- possible dropped samples
I (27629664) kx134: epoch: n=2048 mean_g x=0.975 y=0.061 z=-0.236 max_fifo=86/86
W (27629944) kx134: FIFO seen at max capacity (86/86 frames) -- possible dropped samples
I (27629944) kx134: epoch: n=2048 mean_g x=0.972 y=0.061 z=-0.236 max_fifo=86/86
W (27630204) kx134: FIFO seen at max capacity (86/86 frames) -- possible dropped samples
I (27630204) kx134: epoch: n=2048 mean_g x=0.971 y=0.061 z=-0.236 max_fifo=86/86
W (27630474) kx134: FIFO seen at max capacity (86/86 frames) -- possible dropped samples
I (27630474) kx134: epoch: n=2048 mean_g x=0.974 y=0.061 z=-0.233 max_fifo=86/86
W (27630744) kx134: FIFO seen at max capacity (86/86 frames) -- possible dropped samples
I (27630744) kx134: epoch: n=2048 mean_g x=0.970 y=0.061 z=-0.236 max_fifo=86/86
W (27631014) kx134: FIFO seen at max capacity (86/86 frames) -- possible dropped samples
I (27631014) kx134: epoch: n=2048 mean_g x=0.970 y=0.063 z=-0.235 max_fifo=86/86
W (27631284) kx134: FIFO seen at max capacity (86/86 frames) -- possible dropped samples
I (27631284) kx134: epoch: n=2048 mean_g x=0.972 y=0.061 z=-0.236 max_fifo=86/86
W (27631534) kx134: FIFO seen at max capacity (86/86 frames) -- possible dropped samples
I (27631534) kx134: epoch: n=2048 mean_g x=0.972 y=0.063 z=-0.237 max_fifo=86/86
W (27631804) kx134: FIFO seen at max capacity (86/86 frames) -- possible dropped samples
I (27631804) kx134: epoch: n=2048 mean_g x=0.972 y=0.063 z=-0.235 max_fifo=86/86
W (27632074) kx134: FIFO seen at max capacity (86/86 frames) -- possible dropped samples
I (27632074) kx134: epoch: n=2048 mean_g x=0.974 y=0.064 z=-0.233 max_fifo=86/86
W (27632344) kx134: FIFO seen at max capacity (86/86 frames) -- possible dropped samples
I (27632344) kx134: epoch: n=2048 mean_g x=0.972 y=0.060 z=-0.235 max_fifo=86/86
W (27632604) kx134: FIFO seen at max capacity (86/86 frames) -- possible dropped samples
I (27632604) kx134: epoch: n=2048 mean_g x=0.972 y=0.063 z=-0.234 max_fifo=86/86
W (27632884) kx134: FIFO seen at max capacity (86/86 frames) -- possible dropped samples
I (27632884) kx134: epoch: n=2048 mean_g x=0.973 y=0.060 z=-0.236 max_fifo=86/86
W (27633154) kx134: FIFO seen at max capacity (86/86 frames) -- possible dropped samples
I (27633154) kx134: epoch: n=2048 mean_g x=0.972 y=0.059 z=-0.237 max_fifo=86/86
W (27633414) kx134: FIFO seen at max capacity (86/86 frames) -- possible dropped samples
I (27633414) kx134: epoch: n=2048 mean_g x=0.969 y=0.065 z=-0.237 max_fifo=86/86
W (27633684) kx134: FIFO seen at max capacity (86/86 frames) -- possible dropped samples
I (27633684) kx134: epoch: n=2048 mean_g x=0.974 y=0.062 z=-0.236 max_fifo=86/86
W (27633944) kx134: FIFO seen at max capacity (86/86 frames) -- possible dropped samples
I (27633944) kx134: epoch: n=2048 mean_g x=0.973 y=0.066 z=-0.235 max_fifo=86/86
W (27634214) kx134: FIFO seen at max capacity (86/86 frames) -- possible dropped samples
I (27634214) kx134: epoch: n=2048 mean_g x=0.972 y=0.063 z=-0.235 max_fifo=86/86
W (27634474) kx134: FIFO seen at max capacity (86/86 frames) -- possible dropped samples
I (27634474) kx134: epoch: n=2048 mean_g x=0.972 y=0.060 z=-0.236 max_fifo=86/86
W (27634744) kx134: FIFO seen at max capacity (86/86 frames) -- possible dropped samples
I (27634744) kx134: epoch: n=2048 mean_g x=0.973 y=0.058 z=-0.233 max_fifo=86/86
W (27635014) kx134: FIFO seen at max capacity (86/86 frames) -- possible dropped samples
I (27635014) kx134: epoch: n=2048 mean_g x=0.971 y=0.060 z=-0.236 max_fifo=86/86
W (27635284) kx134: FIFO seen at max capacity (86/86 frames) -- possible dropped samples
I (27635284) kx134: epoch: n=2048 mean_g x=0.973 y=0.065 z=-0.236 max_fifo=86/86
W (27635544) kx134: FIFO seen at max capacity (86/86 frames) -- possible dropped samples
I (27635544) kx134: epoch: n=2048 mean_g x=0.969 y=0.064 z=-0.240 max_fifo=86/86
W (27635824) kx134: FIFO seen at max capacity (86/86 frames) -- possible dropped samples
I (27635824) kx134: epoch: n=2048 mean_g x=0.970 y=0.063 z=-0.238 max_fifo=86/86
W (27636084) kx134: FIFO seen at max capacity (86/86 frames) -- possible dropped samples
I (27636084) kx134: epoch: n=2048 mean_g x=0.972 y=0.062 z=-0.235 max_fifo=86/86
W (27636354) kx134: FIFO seen at max capacity (86/86 frames) -- possible dropped samples
I (27636354) kx134: epoch: n=2048 mean_g x=0.971 y=0.064 z=-0.235 max_fifo=86/86
E (27636514) esp-tls: [sock=58] select() timeout
E (27636514) transport_base: Failed to open a new connection: 32774
E (27636514) mqtt_client: Error transport connect
W (27636514) link_mqtt: disconnected
W (27636634) kx134: FIFO seen at max capacity (86/86 frames) -- possible dropped samples
I (27636634) kx134: epoch: n=2048 mean_g x=0.972 y=0.062 z=-0.237 max_fifo=86/86
W (27636894) kx134: FIFO seen at max capacity (86/86 frames) -- possible dropped samples
I (27636894) kx134: epoch: n=2048 mean_g x=0.972 y=0.063 z=-0.234 max_fifo=86/86
W (27637154) kx134: FIFO seen at max capacity (86/86 frames) -- possible dropped samples
I (27637154) kx134: epoch: n=2048 mean_g x=0.972 y=0.063 z=-0.237 max_fifo=86/86
W (27637414) kx134: FIFO seen at max capacity (86/86 frames) -- possible dropped samples
I (27637414) kx134: epoch: n=2048 mean_g x=0.969 y=0.062 z=-0.237 max_fifo=86/86
W (27637684) kx134: FIFO seen at max capacity (86/86 frames) -- possible dropped samples
I (27637684) kx134: epoch: n=2048 mean_g x=0.971 y=0.064 z=-0.235 max_fifo=86/86
W (27637954) kx134: FIFO seen at max capacity (86/86 frames) -- possible dropped samples
I (27637954) kx134: epoch: n=2048 mean_g x=0.972 y=0.063 z=-0.234 max_fifo=86/86
W (27638224) kx134: FIFO seen at max capacity (86/86 frames) -- possible dropped samples
I (27638224) kx134: epoch: n=2048 mean_g x=0.971 y=0.061 z=-0.238 max_fifo=86/86
W (27638484) kx134: FIFO seen at max capacity (86/86 frames) -- possible dropped samples
I (27638484) kx134: epoch: n=2048 mean_g x=0.972 y=0.062 z=-0.236 max_fifo=86/86
W (27638764) kx134: FIFO seen at max capacity (86/86 frames) -- possible dropped samples
I (27638764) kx134: epoch: n=2048 mean_g x=0.972 y=0.062 z=-0.236 max_fifo=86/86
W (27639024) kx134: FIFO seen at max capacity (86/86 frames) -- possible dropped samples
I (27639024) kx134: epoch: n=2048 mean_g x=0.974 y=0.064 z=-0.234 max_fifo=86/86
W (27639294) kx134: FIFO seen at max capacity (86/86 frames) -- possible dropped samples
I (27639294) kx134: epoch: n=2048 mean_g x=0.971 y=0.058 z=-0.236 max_fifo=86/86
W (27639564) kx134: FIFO seen at max capacity (86/86 frames) -- possible dropped samples
I (27639564) kx134: epoch: n=2048 mean_g x=0.974 y=0.061 z=-0.235 max_fifo=86/86
W (27639824) kx134: FIFO seen at max capacity (86/86 frames) -- possible dropped samples
I (27639824) kx134: epoch: n=2048 mean_g x=0.972 y=0.066 z=-0.236 max_fifo=86/86
W (27640094) kx134: FIFO seen at max capacity (86/86 frames) -- possible dropped samples
I (27640094) kx134: epoch: n=2048 mean_g x=0.973 y=0.064 z=-0.234 max_fifo=86/86
W (27640354) kx134: FIFO seen at max capacity (86/86 frames) -- possible dropped samples
I (27640354) kx134: epoch: n=2048 mean_g x=0.973 y=0.062 z=-0.234 max_fifo=86/86
W (27640624) kx134: FIFO seen at max capacity (86/86 frames) -- possible dropped samples
I (27640624) kx134: epoch: n=2048 mean_g x=0.972 y=0.063 z=-0.236 max_fifo=86/86
W (27640894) kx134: FIFO seen at max capacity (86/86 frames) -- possible dropped samples
I (27640894) kx134: epoch: n=2048 mean_g x=0.969 y=0.062 z=-0.238 max_fifo=86/86
W (27641164) kx134: FIFO seen at max capacity (86/86 frames) -- possible dropped samples
I (27641164) kx134: epoch: n=2048 mean_g x=0.971 y=0.063 z=-0.235 max_fifo=86/86
W (27641424) kx134: FIFO seen at max capacity (86/86 frames) -- possible dropped samples
I (27641424) kx134: epoch: n=2048 mean_g x=0.971 y=0.064 z=-0.233 max_fifo=86/86
W (27641704) kx134: FIFO seen at max capacity (86/86 frames) -- possible dropped samples
I (27641704) kx134: epoch: n=2048 mean_g x=0.971 y=0.059 z=-0.232 max_fifo=86/86
W (27641964) kx134: FIFO seen at max capacity (86/86 frames) -- possible dropped samples
I (27641964) kx134: epoch: n=2048 mean_g x=0.970 y=0.063 z=-0.234 max_fifo=86/86
W (27642234) kx134: FIFO seen at max capacity (86/86 frames) -- possible dropped samples
I (27642234) kx134: epoch: n=2048 mean_g x=0.972 y=0.063 z=-0.235 max_fifo=86/86
W (27642504) kx134: FIFO seen at max capacity (86/86 frames) -- possible dropped samples
I (27642504) kx134: epoch: n=2048 mean_g x=0.971 y=0.064 z=-0.234 max_fifo=86/86
W (27642774) kx134: FIFO seen at max capacity (86/86 frames) -- possible dropped samples
I (27642774) kx134: epoch: n=2048 mean_g x=0.967 y=0.060 z=-0.237 max_fifo=86/86
W (27643034) kx134: FIFO seen at max capacity (86/86 frames) -- possible dropped samples
I (27643034) kx134: epoch: n=2048 mean_g x=0.972 y=0.061 z=-0.236 max_fifo=86/86
W (27643294) kx134: FIFO seen at max capacity (86/86 frames) -- possible dropped samples
I (27643294) kx134: epoch: n=2048 mean_g x=0.977 y=0.062 z=-0.236 max_fifo=86/86
W (27643564) kx134: FIFO seen at max capacity (86/86 frames) -- possible dropped samples
I (27643564) kx134: epoch: n=2048 mean_g x=0.971 y=0.063 z=-0.234 max_fifo=86/86
W (27643834) kx134: FIFO seen at max capacity (86/86 frames) -- possible dropped samples
I (27643834) kx134: epoch: n=2048 mean_g x=0.972 y=0.066 z=-0.234 max_fifo=86/86
W (27644104) kx134: FIFO seen at max capacity (86/86 frames) -- possible dropped samples
I (27644104) kx134: epoch: n=2048 mean_g x=0.970 y=0.063 z=-0.235 max_fifo=86/86
W (27644364) kx134: FIFO seen at max capacity (86/86 frames) -- possible dropped samples
I (27644364) kx134: epoch: n=2048 mean_g x=0.972 y=0.060 z=-0.233 max_fifo=86/86
W (27644644) kx134: FIFO seen at max capacity (86/86 frames) -- possible dropped samples
I (27644644) kx134: epoch: n=2048 mean_g x=0.970 y=0.066 z=-0.238 max_fifo=86/86
W (27644914) kx134: FIFO seen at max capacity (86/86 frames) -- possible dropped samples
I (27644914) kx134: epoch: n=2048 mean_g x=0.971 y=0.061 z=-0.236 max_fifo=86/86
W (27645174) kx134: FIFO seen at max capacity (86/86 frames) -- possible dropped samples
I (27645174) kx134: epoch: n=2048 mean_g x=0.971 y=0.063 z=-0.239 max_fifo=86/86
W (27645444) kx134: FIFO seen at max capacity (86/86 frames) -- possible dropped samples
I (27645444) kx134: epoch: n=2048 mean_g x=0.971 y=0.065 z=-0.235 max_fifo=86/86
W (27645704) kx134: FIFO seen at max capacity (86/86 frames) -- possible dropped samples
I (27645704) kx134: epoch: n=2048 mean_g x=0.972 y=0.061 z=-0.233 max_fifo=86/86
W (27645974) kx134: FIFO seen at max capacity (86/86 frames) -- possible dropped samples
I (27645974) kx134: epoch: n=2048 mean_g x=0.970 y=0.063 z=-0.238 max_fifo=86/86
W (27646234) kx134: FIFO seen at max capacity (86/86 frames) -- possible dropped samples
I (27646234) kx134: epoch: n=2048 mean_g x=0.973 y=0.062 z=-0.235 max_fifo=86/86
W (27646504) kx134: FIFO seen at max capacity (86/86 frames) -- possible dropped samples
I (27646504) kx134: epoch: n=2048 mean_g x=0.979 y=0.061 z=-0.237 max_fifo=86/86
W (27646774) kx134: FIFO seen at max capacity (86/86 frames) -- possible dropped samples
I (27646774) kx134: epoch: n=2048 mean_g x=0.973 y=0.063 z=-0.234 max_fifo=86/86
W (27647044) kx134: FIFO seen at max capacity (86/86 frames) -- possible dropped samples
I (27647044) kx134: epoch: n=2048 mean_g x=0.970 y=0.062 z=-0.232 max_fifo=86/86
W (27647304) kx134: FIFO seen at max capacity (86/86 frames) -- possible dropped samples
I (27647304) kx134: epoch: n=2048 mean_g x=0.969 y=0.061 z=-0.236 max_fifo=86/86
W (27647584) kx134: FIFO seen at max capacity (86/86 frames) -- possible dropped samples
I (27647584) kx134: epoch: n=2048 mean_g x=0.974 y=0.063 z=-0.238 max_fifo=86/86
W (27647844) kx134: FIFO seen at max capacity (86/86 frames) -- possible dropped samples
I (27647844) kx134: epoch: n=2048 mean_g x=0.973 y=0.066 z=-0.237 max_fifo=86/86
W (27648114) kx134: FIFO seen at max capacity (86/86 frames) -- possible dropped samples
I (27648124) kx134: epoch: n=2048 mean_g x=0.975 y=0.062 z=-0.237 max_fifo=86/86
W (27648384) kx134: FIFO seen at max capacity (86/86 frames) -- possible dropped samples
I (27648384) kx134: epoch: n=2048 mean_g x=0.971 y=0.065 z=-0.234 max_fifo=86/86
W (27648644) kx134: FIFO seen at max capacity (86/86 frames) -- possible dropped samples
I (27648644) kx134: epoch: n=2048 mean_g x=0.972 y=0.061 z=-0.236 max_fifo=86/86
W (27648914) kx134: FIFO seen at max capacity (86/86 frames) -- possible dropped samples
I (27648914) kx134: epoch: n=2048 mean_g x=0.972 y=0.064 z=-0.237 max_fifo=86/86
W (27649174) kx134: FIFO seen at max capacity (86/86 frames) -- possible dropped samples
I (27649174) kx134: epoch: n=2048 mean_g x=0.973 y=0.059 z=-0.237 max_fifo=86/86
I (27649254) DIAG: Stack HWM (bytes free): mic=7204 dsp=4120 rgb=1920 imu=1580 diag=684
I (27649254) DIAG: CPU runtime:
diag           	105521695		5%
IDLE0          	3934502590		209%
IDLE1          	1351714279		71%
imu_task       	4115520722		219%
mic_task       	230663831		12%
net            	1650154604		87%
wifi_prov      	575917		<1%
tiT            	214111398		11%
mqtt_task      	26444807		1%
dsp_task       	359222453		19%
rgb_led        	46039510		2%
main           	157574		<1%
dns_captive    	54		<1%
sys_evt        	1037592		<1%
httpd          	589		<1%
ipc1           	50730		<1%
esp_timer      	14070217		<1%
wifi           	296572984		15%
ipc0           	37885		<1%
Tmr Svc        	17		<1%

I (27649304) DIAG: Heap free: internal=3172 largest_free=1280 PSRAM=8209812 IRAM=0
I (27649314) DIAG: wifi: connects=3 disconnects=447 retry_cnt=0
I (27649314) DIAG: mqtt: connects=12 disconnects=758 publishes=86767 publish_failures=12 cmds_received=0
I (27649324) DIAG: wifi_prov: state=2 provisioning_entries=1 recovery_entries=1 recovery_successes=0
I (27649334) DIAG: mic: blocks_ok=431991 capture_failures=0 rb_drops=0
W (27649344) DIAG: mic i2s: overflow_count=14 (cumulative) read_errors=0 short_reads=0 — check CPU load
I (27649354) DIAG: dsp: fft_count=431991 frames_emitted=107997 rb_timeouts=0 last_fft_us=605
I (27649354) DIAG: imu: epochs=102705 read_errors=0 reinit_attempts=0 reinit_successes=0
I (27649364) DIAG: accel: reads_ok=308115 read_errors=0 fifo_max_hits=102705
I (27649374) DIAG: net: frames_built=131051 build_failures=0 publish_failures=12 cmd_malformed=0 disconnect_reverts=12
I (27649384) DIAG: led: state_changes=465 remote_updates=0 hw_errors=0
W (27649444) kx134: FIFO seen at max capacity (86/86 frames) -- possible dropped samples
I (27649444) kx134: epoch: n=2048 mean_g x=0.974 y=0.061 z=-0.236 max_fifo=86/86
E (27649524) esp-tls: [sock=58] select() timeout
E (27649524) transport_base: Failed to open a new connection: 32774
E (27649524) mqtt_client: Error transport connect
W (27649524) link_mqtt: disconnected
W (27649714) kx134: FIFO seen at max capacity (86/86 frames) -- possible dropped samples
I (27649714) kx134: epoch: n=2048 mean_g x=0.974 y=0.062 z=-0.235 max_fifo=86/86
W (27649984) kx134: FIFO seen at max capacity (86/86 frames) -- possible dropped samples
I (27649984) kx134: epoch: n=2048 mean_g x=0.972 y=0.063 z=-0.235 max_fifo=86/86
W (27650244) kx134: FIFO seen at max capacity (86/86 frames) -- possible dropped samples
I (27650244) kx134: epoch: n=2048 mean_g x=0.971 y=0.062 z=-0.234 max_fifo=86/86
W (27650524) kx134: FIFO seen at max capacity (86/86 frames) -- possible dropped samples
I (27650524) kx134: epoch: n=2048 mean_g x=0.975 y=0.065 z=-0.235 max_fifo=86/86
W (27650784) kx134: FIFO seen at max capacity (86/86 frames) -- possible dropped samples
I (27650784) kx134: epoch: n=2048 mean_g x=0.974 y=0.061 z=-0.238 max_fifo=86/86
W (27651054) kx134: FIFO seen at max capacity (86/86 frames) -- possible dropped samples
I (27651054) kx134: epoch: n=2048 mean_g x=0.973 y=0.060 z=-0.236 max_fifo=86/86
W (27651324) kx134: FIFO seen at max capacity (86/86 frames) -- possible dropped samples
I (27651324) kx134: epoch: n=2048 mean_g x=0.970 y=0.062 z=-0.235 max_fifo=86/86
W (27651584) kx134: FIFO seen at max capacity (86/86 frames) -- possible dropped samples
I (27651584) kx134: epoch: n=2048 mean_g x=0.975 y=0.062 z=-0.239 max_fifo=86/86
W (27651854) kx134: FIFO seen at max capacity (86/86 frames) -- possible dropped samples
I (27651854) kx134: epoch: n=2048 mean_g x=0.974 y=0.065 z=-0.235 max_fifo=86/86
W (27652114) kx134: FIFO seen at max capacity (86/86 frames) -- possible dropped samples
I (27652114) kx134: epoch: n=2048 mean_g x=0.973 y=0.062 z=-0.238 max_fifo=86/86
W (27652384) kx134: FIFO seen at max capacity (86/86 frames) -- possible dropped samples
I (27652384) kx134: epoch: n=2048 mean_g x=0.972 y=0.063 z=-0.237 max_fifo=86/86
W (27652654) kx134: FIFO seen at max capacity (86/86 frames) -- possible dropped samples
I (27652654) kx134: epoch: n=2048 mean_g x=0.974 y=0.062 z=-0.234 max_fifo=86/86
W (27652924) kx134: FIFO seen at max capacity (86/86 frames) -- possible dropped samples
I (27652924) kx134: epoch: n=2048 mean_g x=0.974 y=0.063 z=-0.235 max_fifo=86/86
W (27653184) kx134: FIFO seen at max capacity (86/86 frames) -- possible dropped samples
I (27653184) kx134: epoch: n=2048 mean_g x=0.972 y=0.062 z=-0.235 max_fifo=86/86
W (27653464) kx134: FIFO seen at max capacity (86/86 frames) -- possible dropped samples
I (27653464) kx134: epoch: n=2048 mean_g x=0.971 y=0.063 z=-0.234 max_fifo=86/86
W (27653724) kx134: FIFO seen at max capacity (86/86 frames) -- possible dropped samples
I (27653724) kx134: epoch: n=2048 mean_g x=0.975 y=0.063 z=-0.235 max_fifo=86/86
W (27653994) kx134: FIFO seen at max capacity (86/86 frames) -- possible dropped samples
I (27653994) kx134: epoch: n=2048 mean_g x=0.971 y=0.061 z=-0.238 max_fifo=86/86
W (27654264) kx134: FIFO seen at max capacity (86/86 frames) -- possible dropped samples
I (27654264) kx134: epoch: n=2048 mean_g x=0.972 y=0.063 z=-0.236 max_fifo=86/86
W (27654534) kx134: FIFO seen at max capacity (86/86 frames) -- possible dropped samples
I (27654534) kx134: epoch: n=2048 mean_g x=0.973 y=0.064 z=-0.235 max_fifo=86/86
W (27654804) kx134: FIFO seen at max capacity (86/86 frames) -- possible dropped samples
I (27654804) kx134: epoch: n=2048 mean_g x=0.970 y=0.061 z=-0.235 max_fifo=86/86
W (27655054) kx134: FIFO seen at max capacity (86/86 frames) -- possible dropped samples
I (27655054) kx134: epoch: n=2048 mean_g x=0.972 y=0.062 z=-0.235 max_fifo=86/86
W (27655324) kx134: FIFO seen at max capacity (86/86 frames) -- possible dropped samples
I (27655324) kx134: epoch: n=2048 mean_g x=0.974 y=0.063 z=-0.238 max_fifo=86/86
W (27655594) kx134: FIFO seen at max capacity (86/86 frames) -- possible dropped samples
I (27655594) kx134: epoch: n=2048 mean_g x=0.972 y=0.063 z=-0.236 max_fifo=86/86
W (27655864) kx134: FIFO seen at max capacity (86/86 frames) -- possible dropped samples
I (27655864) kx134: epoch: n=2048 mean_g x=0.974 y=0.059 z=-0.236 max_fifo=86/86
W (27656124) kx134: FIFO seen at max capacity (86/86 frames) -- possible dropped samples
I (27656124) kx134: epoch: n=2048 mean_g x=0.971 y=0.060 z=-0.235 max_fifo=86/86
W (27656404) kx134: FIFO seen at max capacity (86/86 frames) -- possible dropped samples
I (27656404) kx134: epoch: n=2048 mean_g x=0.971 y=0.065 z=-0.236 max_fifo=86/86
W (27656674) kx134: FIFO seen at max capacity (86/86 frames) -- possible dropped samples
I (27656674) kx134: epoch: n=2048 mean_g x=0.974 y=0.061 z=-0.236 max_fifo=86/86
W (27656934) kx134: FIFO seen at max capacity (86/86 frames) -- possible dropped samples
I (27656934) kx134: epoch: n=2048 mean_g x=0.972 y=0.062 z=-0.235 max_fifo=86/86
W (27657204) kx134: FIFO seen at max capacity (86/86 frames) -- possible dropped samples
I (27657204) kx134: epoch: n=2048 mean_g x=0.972 y=0.061 z=-0.237 max_fifo=86/86
W (27657464) kx134: FIFO seen at max capacity (86/86 frames) -- possible dropped samples
I (27657464) kx134: epoch: n=2048 mean_g x=0.970 y=0.064 z=-0.237 max_fifo=86/86
W (27657734) kx134: FIFO seen at max capacity (86/86 frames) -- possible dropped samples
I (27657734) kx134: epoch: n=2048 mean_g x=0.974 y=0.060 z=-0.236 max_fifo=86/86
W (27657994) kx134: FIFO seen at max capacity (86/86 frames) -- possible dropped samples
I (27657994) kx134: epoch: n=2048 mean_g x=0.973 y=0.064 z=-0.238 max_fifo=86/86
W (27658264) kx134: FIFO seen at max capacity (86/86 frames) -- possible dropped samples
I (27658264) kx134: epoch: n=2048 mean_g x=0.972 y=0.063 z=-0.237 max_fifo=86/86
W (27658534) kx134: FIFO seen at max capacity (86/86 frames) -- possible dropped samples
I (27658534) kx134: epoch: n=2048 mean_g x=0.970 y=0.061 z=-0.234 max_fifo=86/86
W (27658804) kx134: FIFO seen at max capacity (86/86 frames) -- possible dropped samples
I (27658804) kx134: epoch: n=2048 mean_g x=0.971 y=0.061 z=-0.231 max_fifo=86/86
W (27659064) kx134: FIFO seen at max capacity (86/86 frames) -- possible dropped samples
I (27659064) kx134: epoch: n=2048 mean_g x=0.972 y=0.064 z=-0.236 max_fifo=86/86
W (27659344) kx134: FIFO seen at max capacity (86/86 frames) -- possible dropped samples
I (27659344) kx134: epoch: n=2048 mean_g x=0.973 y=0.060 z=-0.234 max_fifo=86/86
W (27659604) kx134: FIFO seen at max capacity (86/86 frames) -- possible dropped samples
I (27659604) kx134: epoch: n=2048 mean_g x=0.973 y=0.066 z=-0.238 max_fifo=86/86
W (27659874) kx134: FIFO seen at max capacity (86/86 frames) -- possible dropped samples
I (27659874) kx134: epoch: n=2048 mean_g x=0.973 y=0.066 z=-0.237 max_fifo=86/86
W (27660144) kx134: FIFO seen at max capacity (86/86 frames) -- possible dropped samples
I (27660144) kx134: epoch: n=2048 mean_g x=0.969 y=0.065 z=-0.237 max_fifo=86/86
W (27660404) kx134: FIFO seen at max capacity (86/86 frames) -- possible dropped samples
I (27660404) kx134: epoch: n=2048 mean_g x=0.972 y=0.062 z=-0.238 max_fifo=86/86
W (27660674) kx134: FIFO seen at max capacity (86/86 frames) -- possible dropped samples
I (27660674) kx134: epoch: n=2048 mean_g x=0.975 y=0.061 z=-0.232 max_fifo=86/86
W (27660934) kx134: FIFO seen at max capacity (86/86 frames) -- possible dropped samples
I (27660934) kx134: epoch: n=2048 mean_g x=0.973 y=0.064 z=-0.236 max_fifo=86/86
W (27661204) kx134: FIFO seen at max capacity (86/86 frames) -- possible dropped samples
I (27661204) kx134: epoch: n=2048 mean_g x=0.973 y=0.062 z=-0.236 max_fifo=86/86
W (27661474) kx134: FIFO seen at max capacity (86/86 frames) -- possible dropped samples
I (27661474) kx134: epoch: n=2048 mean_g x=0.973 y=0.060 z=-0.234 max_fifo=86/86
W (27661744) kx134: FIFO seen at max capacity (86/86 frames) -- possible dropped samples
I (27661744) kx134: epoch: n=2048 mean_g x=0.971 y=0.063 z=-0.240 max_fifo=86/86
W (27662004) kx134: FIFO seen at max capacity (86/86 frames) -- possible dropped samples
I (27662004) kx134: epoch: n=2048 mean_g x=0.974 y=0.064 z=-0.239 max_fifo=86/86
W (27662284) kx134: FIFO seen at max capacity (86/86 frames) -- possible dropped samples
I (27662284) kx134: epoch: n=2048 mean_g x=0.970 y=0.063 z=-0.235 max_fifo=86/86
E (27662534) esp-tls: [sock=58] select() timeout
E (27662534) transport_base: Failed to open a new connection: 32774
E (27662534) mqtt_client: Error transport connect
W (27662534) link_mqtt: disconnected
W (27662554) kx134: FIFO seen at max capacity (86/86 frames) -- possible dropped samples
I (27662554) kx134: epoch: n=2048 mean_g x=0.971 y=0.062 z=-0.234 max_fifo=86/86
W (27662814) kx134: FIFO seen at max capacity (86/86 frames) -- possible dropped samples
I (27662814) kx134: epoch: n=2048 mean_g x=0.974 y=0.065 z=-0.236 max_fifo=86/86
W (27663084) kx134: FIFO seen at max capacity (86/86 frames) -- possible dropped samples
I (27663084) kx134: epoch: n=2048 mean_g x=0.973 y=0.063 z=-0.235 max_fifo=86/86
W (27663344) kx134: FIFO seen at max capacity (86/86 frames) -- possible dropped samples
I (27663344) kx134: epoch: n=2048 mean_g x=0.974 y=0.061 z=-0.236 max_fifo=86/86
W (27663614) kx134: FIFO seen at max capacity (86/86 frames) -- possible dropped samples
I (27663614) kx134: epoch: n=2048 mean_g x=0.969 y=0.059 z=-0.236 max_fifo=86/86
W (27663874) kx134: FIFO seen at max capacity (86/86 frames) -- possible dropped samples
I (27663874) kx134: epoch: n=2048 mean_g x=0.974 y=0.061 z=-0.236 max_fifo=86/86
W (27664144) kx134: FIFO seen at max capacity (86/86 frames) -- possible dropped samples
I (27664144) kx134: epoch: n=2048 mean_g x=0.971 y=0.064 z=-0.234 max_fifo=86/86
W (27664414) kx134: FIFO seen at max capacity (86/86 frames) -- possible dropped samples
I (27664414) kx134: epoch: n=2048 mean_g x=0.970 y=0.063 z=-0.237 max_fifo=86/86
W (27664684) kx134: FIFO seen at max capacity (86/86 frames) -- possible dropped samples
I (27664684) kx134: epoch: n=2048 mean_g x=0.972 y=0.062 z=-0.237 max_fifo=86/86
W (27664944) kx134: FIFO seen at max capacity (86/86 frames) -- possible dropped samples
I (27664944) kx134: epoch: n=2048 mean_g x=0.970 y=0.062 z=-0.238 max_fifo=86/86
W (27665224) kx134: FIFO seen at max capacity (86/86 frames) -- possible dropped samples
I (27665224) kx134: epoch: n=2048 mean_g x=0.969 y=0.063 z=-0.236 max_fifo=86/86
W (27665494) kx134: FIFO seen at max capacity (86/86 frames) -- possible dropped samples
I (27665494) kx134: epoch: n=2048 mean_g x=0.974 y=0.061 z=-0.239 max_fifo=86/86
W (27665754) kx134: FIFO seen at max capacity (86/86 frames) -- possible dropped samples
I (27665754) kx134: epoch: n=2048 mean_g x=0.970 y=0.062 z=-0.236 max_fifo=86/86
W (27666024) kx134: FIFO seen at max capacity (86/86 frames) -- possible dropped samples
I (27666024) kx134: epoch: n=2048 mean_g x=0.973 y=0.061 z=-0.236 max_fifo=86/86
W (27666294) kx134: FIFO seen at max capacity (86/86 frames) -- possible dropped samples
I (27666294) kx134: epoch: n=2048 mean_g x=0.972 y=0.063 z=-0.234 max_fifo=86/86
W (27666564) kx134: FIFO seen at max capacity (86/86 frames) -- possible dropped samples
I (27666564) kx134: epoch: n=2048 mean_g x=0.970 y=0.062 z=-0.240 max_fifo=86/86
W (27666814) kx134: FIFO seen at max capacity (86/86 frames) -- possible dropped samples
I (27666814) kx134: epoch: n=2048 mean_g x=0.974 y=0.063 z=-0.238 max_fifo=86/86
W (27667084) kx134: FIFO seen at max capacity (86/86 frames) -- possible dropped samples
I (27667084) kx134: epoch: n=2048 mean_g x=0.972 y=0.062 z=-0.237 max_fifo=86/86
W (27667354) kx134: FIFO seen at max capacity (86/86 frames) -- possible dropped samples
I (27667354) kx134: epoch: n=2048 mean_g x=0.972 y=0.063 z=-0.238 max_fifo=86/86
W (27667624) kx134: FIFO seen at max capacity (86/86 frames) -- possible dropped samples
I (27667624) kx134: epoch: n=2048 mean_g x=0.972 y=0.062 z=-0.238 max_fifo=86/86
W (27667884) kx134: FIFO seen at max capacity (86/86 frames) -- possible dropped samples
I (27667884) kx134: epoch: n=2048 mean_g x=0.975 y=0.060 z=-0.239 max_fifo=86/86
W (27668164) kx134: FIFO seen at max capacity (86/86 frames) -- possible dropped samples
I (27668164) kx134: epoch: n=2048 mean_g x=0.971 y=0.063 z=-0.233 max_fifo=86/86
W (27668434) kx134: FIFO seen at max capacity (86/86 frames) -- possible dropped samples
I (27668434) kx134: epoch: n=2048 mean_g x=0.974 y=0.058 z=-0.235 max_fifo=86/86
W (27668694) kx134: FIFO seen at max capacity (86/86 frames) -- possible dropped samples
I (27668694) kx134: epoch: n=2048 mean_g x=0.973 y=0.066 z=-0.238 max_fifo=86/86
W (27668964) kx134: FIFO seen at max capacity (86/86 frames) -- possible dropped samples
I (27668964) kx134: epoch: n=2048 mean_g x=0.974 y=0.064 z=-0.234 max_fifo=86/86
W (27669224) kx134: FIFO seen at max capacity (86/86 frames) -- possible dropped samples
I (27669224) kx134: epoch: n=2048 mean_g x=0.969 y=0.064 z=-0.236 max_fifo=86/86
W (27669494) kx134: FIFO seen at max capacity (86/86 frames) -- possible dropped samples
I (27669494) kx134: epoch: n=2048 mean_g x=0.973 y=0.063 z=-0.235 max_fifo=86/86
W (27669754) kx134: FIFO seen at max capacity (86/86 frames) -- possible dropped samples
I (27669754) kx134: epoch: n=2048 mean_g x=0.972 y=0.063 z=-0.236 max_fifo=86/86
W (27670024) kx134: FIFO seen at max capacity (86/86 frames) -- possible dropped samples
I (27670024) kx134: epoch: n=2048 mean_g x=0.972 y=0.061 z=-0.238 max_fifo=86/86
W (27670294) kx134: FIFO seen at max capacity (86/86 frames) -- possible dropped samples
I (27670294) kx134: epoch: n=2048 mean_g x=0.971 y=0.061 z=-0.238 max_fifo=86/86
W (27670564) kx134: FIFO seen at max capacity (86/86 frames) -- possible dropped samples
I (27670564) kx134: epoch: n=2048 mean_g x=0.971 y=0.064 z=-0.239 max_fifo=86/86
W (27670824) kx134: FIFO seen at max capacity (86/86 frames) -- possible dropped samples
I (27670824) kx134: epoch: n=2048 mean_g x=0.972 y=0.065 z=-0.233 max_fifo=86/86
W (27671104) kx134: FIFO seen at max capacity (86/86 frames) -- possible dropped samples
I (27671104) kx134: epoch: n=2048 mean_g x=0.970 y=0.062 z=-0.238 max_fifo=86/86
W (27671374) kx134: FIFO seen at max capacity (86/86 frames) -- possible dropped samples
I (27671374) kx134: epoch: n=2048 mean_g x=0.974 y=0.064 z=-0.234 max_fifo=86/86
W (27671634) kx134: FIFO seen at max capacity (86/86 frames) -- possible dropped samples
I (27671634) kx134: epoch: n=2048 mean_g x=0.972 y=0.064 z=-0.240 max_fifo=86/86
W (27671904) kx134: FIFO seen at max capacity (86/86 frames) -- possible dropped samples
I (27671904) kx134: epoch: n=2048 mean_g x=0.969 y=0.063 z=-0.234 max_fifo=86/86
W (27672164) kx134: FIFO seen at max capacity (86/86 frames) -- possible dropped samples
I (27672164) kx134: epoch: n=2048 mean_g x=0.972 y=0.064 z=-0.234 max_fifo=86/86
W (27672434) kx134: FIFO seen at max capacity (86/86 frames) -- possible dropped samples
I (27672434) kx134: epoch: n=2048 mean_g x=0.970 y=0.064 z=-0.234 max_fifo=86/86
W (27672694) kx134: FIFO seen at max capacity (86/86 frames) -- possible dropped samples
I (27672694) kx134: epoch: n=2048 mean_g x=0.974 y=0.061 z=-0.237 max_fifo=86/86
W (27672964) kx134: FIFO seen at max capacity (86/86 frames) -- possible dropped samples
I (27672964) kx134: epoch: n=2048 mean_g x=0.972 y=0.064 z=-0.233 max_fifo=86/86
W (27673234) kx134: FIFO seen at max capacity (86/86 frames) -- possible dropped samples
I (27673234) kx134: epoch: n=2048 mean_g x=0.971 y=0.065 z=-0.236 max_fifo=86/86
W (27673504) kx134: FIFO seen at max capacity (86/86 frames) -- possible dropped samples
I (27673504) kx134: epoch: n=2048 mean_g x=0.974 y=0.063 z=-0.236 max_fifo=86/86
W (27673764) kx134: FIFO seen at max capacity (86/86 frames) -- possible dropped samples
I (27673764) kx134: epoch: n=2048 mean_g x=0.968 y=0.067 z=-0.234 max_fifo=86/86
W (27674044) kx134: FIFO seen at max capacity (86/86 frames) -- possible dropped samples
I (27674044) kx134: epoch: n=2048 mean_g x=0.972 y=0.064 z=-0.237 max_fifo=86/86
W (27674304) kx134: FIFO seen at max capacity (86/86 frames) -- possible dropped samples
I (27674304) kx134: epoch: n=2048 mean_g x=0.974 y=0.062 z=-0.235 max_fifo=86/86
W (27674574) kx134: FIFO seen at max capacity (86/86 frames) -- possible dropped samples
I (27674574) kx134: epoch: n=2048 mean_g x=0.972 y=0.062 z=-0.234 max_fifo=86/86
W (27674844) kx134: FIFO seen at max capacity (86/86 frames) -- possible dropped samples
I (27674844) kx134: epoch: n=2048 mean_g x=0.970 y=0.063 z=-0.234 max_fifo=86/86
W (27675104) kx134: FIFO seen at max capacity (86/86 frames) -- possible dropped samples
I (27675104) kx134: epoch: n=2048 mean_g x=0.969 y=0.059 z=-0.237 max_fifo=86/86
W (27675374) kx134: FIFO seen at max capacity (86/86 frames) -- possible dropped samples
I (27675374) kx134: epoch: n=2048 mean_g x=0.973 y=0.062 z=-0.236 max_fifo=86/86
E (27675544) esp-tls: [sock=58] select() timeout
E (27675544) transport_base: Failed to open a new connection: 32774
E (27675544) mqtt_client: Error transport connect
W (27675544) link_mqtt: disconnected
W (27675644) kx134: FIFO seen at max capacity (86/86 frames) -- possible dropped samples
I (27675644) kx134: epoch: n=2048 mean_g x=0.971 y=0.064 z=-0.237 max_fifo=86/86
W (27675924) kx134: FIFO seen at max capacity (86/86 frames) -- possible dropped samples
I (27675924) kx134: epoch: n=2048 mean_g x=0.972 y=0.067 z=-0.235 max_fifo=86/86
W (27676194) kx134: FIFO seen at max capacity (86/86 frames) -- possible dropped samples
I (27676194) kx134: epoch: n=2048 mean_g x=0.971 y=0.061 z=-0.237 max_fifo=86/86
W (27676464) kx134: FIFO seen at max capacity (86/86 frames) -- possible dropped samples
I (27676464) kx134: epoch: n=2048 mean_g x=0.974 y=0.065 z=-0.234 max_fifo=86/86
W (27676734) kx134: FIFO seen at max capacity (86/86 frames) -- possible dropped samples
I (27676734) kx134: epoch: n=2048 mean_g x=0.972 y=0.064 z=-0.236 max_fifo=86/86
W (27677004) kx134: FIFO seen at max capacity (86/86 frames) -- possible dropped samples
I (27677004) kx134: epoch: n=2048 mean_g x=0.974 y=0.063 z=-0.232 max_fifo=86/86
W (27677274) kx134: FIFO seen at max capacity (86/86 frames) -- possible dropped samples
I (27677274) kx134: epoch: n=2048 mean_g x=0.974 y=0.061 z=-0.233 max_fifo=86/86
W (27677534) kx134: FIFO seen at max capacity (86/86 frames) -- possible dropped samples
I (27677534) kx134: epoch: n=2048 mean_g x=0.969 y=0.062 z=-0.235 max_fifo=86/86
W (27677814) kx134: FIFO seen at max capacity (86/86 frames) -- possible dropped samples
I (27677814) kx134: epoch: n=2048 mean_g x=0.973 y=0.063 z=-0.237 max_fifo=86/86
W (27678084) kx134: FIFO seen at max capacity (86/86 frames) -- possible dropped samples
I (27678084) kx134: epoch: n=2048 mean_g x=0.971 y=0.064 z=-0.238 max_fifo=86/86
W (27678354) kx134: FIFO seen at max capacity (86/86 frames) -- possible dropped samples
I (27678354) kx134: epoch: n=2048 mean_g x=0.972 y=0.068 z=-0.238 max_fifo=86/86
W (27678624) kx134: FIFO seen at max capacity (86/86 frames) -- possible dropped samples
I (27678634) kx134: epoch: n=2048 mean_g x=0.971 y=0.060 z=-0.237 max_fifo=86/86
W (27678894) kx134: FIFO seen at max capacity (86/86 frames) -- possible dropped samples
I (27678894) kx134: epoch: n=2048 mean_g x=0.972 y=0.061 z=-0.236 max_fifo=86/86
W (27679164) kx134: FIFO seen at max capacity (86/86 frames) -- possible dropped samples
I (27679164) kx134: epoch: n=2048 mean_g x=0.973 y=0.063 z=-0.239 max_fifo=86/86
I (27679394) DIAG: Stack HWM (bytes free): mic=7204 dsp=4120 rgb=1920 imu=1580 diag=684
I (27679394) DIAG: CPU runtime:
diag           	105649855		5%
IDLE0          	3957689032		207%
IDLE1          	1381315516		72%
mic_task       	230915012		12%
net            	1651881397		86%
tiT            	214154025		11%
wifi_prov      	576805		<1%
imu_task       	4120033454		215%
dsp_task       	359613329		18%
mqtt_task      	26470875		1%
rgb_led        	46187092		2%
main           	157574		<1%
sys_evt        	1037592		<1%
httpd          	589		<1%
ipc1           	50730		<1%
ipc0           	37885		<1%
esp_timer      	14101478		<1%
wifi           	296807137		15%
Tmr Svc        	17		<1%
dns_captive    	54		<1%

W (27679424) kx134: FIFO seen at max capacity (86/86 frames) -- possible dropped samples
I (27679464) kx134: epoch: n=2048 mean_g x=0.971 y=0.063 z=-0.233 max_fifo=86/86
I (27679484) DIAG: Heap free: internal=3148 largest_free=1280 PSRAM=8209812 IRAM=0
I (27679484) DIAG: wifi: connects=3 disconnects=447 retry_cnt=0
I (27679484) DIAG: mqtt: connects=12 disconnects=761 publishes=86767 publish_failures=12 cmds_received=0
I (27679494) DIAG: wifi_prov: state=2 provisioning_entries=1 recovery_entries=1 recovery_successes=0
I (27679504) DIAG: mic: blocks_ok=432462 capture_failures=0 rb_drops=0
W (27679514) DIAG: mic i2s: overflow_count=14 (cumulative) read_errors=0 short_reads=0 — check CPU load
I (27679524) DIAG: dsp: fft_count=432463 frames_emitted=108115 rb_timeouts=0 last_fft_us=605
I (27679524) DIAG: imu: epochs=102818 read_errors=0 reinit_attempts=0 reinit_successes=0
I (27679534) DIAG: accel: reads_ok=308454 read_errors=0 fifo_max_hits=102818
I (27679544) DIAG: net: frames_built=131195 build_failures=0 publish_failures=12 cmd_malformed=0 disconnect_reverts=12
I (27679554) DIAG: led: state_changes=465 remote_updates=0 hw_errors=0
W (27679724) kx134: FIFO seen at max capacity (86/86 frames) -- possible dropped samples
I (27679724) kx134: epoch: n=2048 mean_g x=0.972 y=0.061 z=-0.236 max_fifo=86/86
W (27679994) kx134: FIFO seen at max capacity (86/86 frames) -- possible dropped samples
I (27679994) kx134: epoch: n=2048 mean_g x=0.971 y=0.062 z=-0.237 max_fifo=86/86
W (27680254) kx134: FIFO seen at max capacity (86/86 frames) -- possible dropped samples
I (27680254) kx134: epoch: n=2048 mean_g x=0.972 y=0.063 z=-0.235 max_fifo=86/86
W (27680524) kx134: FIFO seen at max capacity (86/86 frames) -- possible dropped samples
I (27680524) kx134: epoch: n=2048 mean_g x=0.971 y=0.064 z=-0.236 max_fifo=86/86
W (27680794) kx134: FIFO seen at max capacity (86/86 frames) -- possible dropped samples
I (27680794) kx134: epoch: n=2048 mean_g x=0.972 y=0.061 z=-0.236 max_fifo=86/86
W (27681064) kx134: FIFO seen at max capacity (86/86 frames) -- possible dropped samples
I (27681064) kx134: epoch: n=2048 mean_g x=0.974 y=0.062 z=-0.236 max_fifo=86/86
W (27681324) kx134: FIFO seen at max capacity (86/86 frames) -- possible dropped samples
I (27681324) kx134: epoch: n=2048 mean_g x=0.972 y=0.062 z=-0.237 max_fifo=86/86
W (27681604) kx134: FIFO seen at max capacity (86/86 frames) -- possible dropped samples
I (27681604) kx134: epoch: n=2048 mean_g x=0.972 y=0.059 z=-0.235 max_fifo=86/86
W (27681874) kx134: FIFO seen at max capacity (86/86 frames) -- possible dropped samples
I (27681874) kx134: epoch: n=2048 mean_g x=0.972 y=0.064 z=-0.238 max_fifo=86/86
W (27682134) kx134: FIFO seen at max capacity (86/86 frames) -- possible dropped samples
I (27682134) kx134: epoch: n=2048 mean_g x=0.971 y=0.064 z=-0.241 max_fifo=86/86
W (27682404) kx134: FIFO seen at max capacity (86/86 frames) -- possible dropped samples
I (27682404) kx134: epoch: n=2048 mean_g x=0.974 y=0.065 z=-0.236 max_fifo=86/86
W (27682664) kx134: FIFO seen at max capacity (86/86 frames) -- possible dropped samples
I (27682664) kx134: epoch: n=2048 mean_g x=0.974 y=0.065 z=-0.237 max_fifo=86/86
W (27682934) kx134: FIFO seen at max capacity (86/86 frames) -- possible dropped samples
I (27682934) kx134: epoch: n=2048 mean_g x=0.974 y=0.061 z=-0.236 max_fifo=86/86
W (27683194) kx134: FIFO seen at max capacity (86/86 frames) -- possible dropped samples
I (27683194) kx134: epoch: n=2048 mean_g x=0.971 y=0.064 z=-0.234 max_fifo=86/86
W (27683464) kx134: FIFO seen at max capacity (86/86 frames) -- possible dropped samples
I (27683464) kx134: epoch: n=2048 mean_g x=0.970 y=0.067 z=-0.234 max_fifo=86/86
W (27683734) kx134: FIFO seen at max capacity (86/86 frames) -- possible dropped samples
I (27683734) kx134: epoch: n=2048 mean_g x=0.970 y=0.064 z=-0.233 max_fifo=86/86
W (27684004) kx134: FIFO seen at max capacity (86/86 frames) -- possible dropped samples
I (27684004) kx134: epoch: n=2048 mean_g x=0.970 y=0.065 z=-0.235 max_fifo=86/86
W (27684264) kx134: FIFO seen at max capacity (86/86 frames) -- possible dropped samples
I (27684264) kx134: epoch: n=2048 mean_g x=0.976 y=0.060 z=-0.235 max_fifo=86/86
W (27684544) kx134: FIFO seen at max capacity (86/86 frames) -- possible dropped samples
I (27684544) kx134: epoch: n=2048 mean_g x=0.975 y=0.062 z=-0.236 max_fifo=86/86
W (27684814) kx134: FIFO seen at max capacity (86/86 frames) -- possible dropped samples
I (27684814) kx134: epoch: n=2048 mean_g x=0.974 y=0.061 z=-0.235 max_fifo=86/86
W (27685074) kx134: FIFO seen at max capacity (86/86 frames) -- possible dropped samples
I (27685074) kx134: epoch: n=2048 mean_g x=0.971 y=0.064 z=-0.237 max_fifo=86/86
W (27685344) kx134: FIFO seen at max capacity (86/86 frames) -- possible dropped samples
I (27685344) kx134: epoch: n=2048 mean_g x=0.975 y=0.061 z=-0.236 max_fifo=86/86
W (27685614) kx134: FIFO seen at max capacity (86/86 frames) -- possible dropped samples
I (27685614) kx134: epoch: n=2048 mean_g x=0.976 y=0.064 z=-0.236 max_fifo=86/86
W (27685884) kx134: FIFO seen at max capacity (86/86 frames) -- possible dropped samples
I (27685884) kx134: epoch: n=2048 mean_g x=0.972 y=0.064 z=-0.235 max_fifo=86/86
W (27686144) kx134: FIFO seen at max capacity (86/86 frames) -- possible dropped samples
I (27686144) kx134: epoch: n=2048 mean_g x=0.973 y=0.061 z=-0.233 max_fifo=86/86
W (27686424) kx134: FIFO seen at max capacity (86/86 frames) -- possible dropped samples
I (27686424) kx134: epoch: n=2048 mean_g x=0.970 y=0.062 z=-0.239 max_fifo=86/86
W (27686694) kx134: FIFO seen at max capacity (86/86 frames) -- possible dropped samples
I (27686694) kx134: epoch: n=2048 mean_g x=0.971 y=0.061 z=-0.239 max_fifo=86/86
W (27686964) kx134: FIFO seen at max capacity (86/86 frames) -- possible dropped samples
I (27686964) kx134: epoch: n=2048 mean_g x=0.976 y=0.060 z=-0.236 max_fifo=86/86
W (27687234) kx134: FIFO seen at max capacity (86/86 frames) -- possible dropped samples
I (27687234) kx134: epoch: n=2048 mean_g x=0.972 y=0.064 z=-0.237 max_fifo=86/86
W (27687504) kx134: FIFO seen at max capacity (86/86 frames) -- possible dropped samples
I (27687504) kx134: epoch: n=2048 mean_g x=0.971 y=0.062 z=-0.238 max_fifo=86/86
W (27687774) kx134: FIFO seen at max capacity (86/86 frames) -- possible dropped samples
I (27687774) kx134: epoch: n=2048 mean_g x=0.972 y=0.061 z=-0.238 max_fifo=86/86
W (27688034) kx134: FIFO seen at max capacity (86/86 frames) -- possible dropped samples
I (27688034) kx134: epoch: n=2048 mean_g x=0.974 y=0.059 z=-0.236 max_fifo=86/86
W (27688314) kx134: FIFO seen at max capacity (86/86 frames) -- possible dropped samples
I (27688314) kx134: epoch: n=2048 mean_g x=0.972 y=0.061 z=-0.235 max_fifo=86/86
E (27688554) esp-tls: [sock=58] select() timeout
E (27688554) transport_base: Failed to open a new connection: 32774
E (27688554) mqtt_client: Error transport connect
W (27688554) link_mqtt: disconnected
W (27688594) kx134: FIFO seen at max capacity (86/86 frames) -- possible dropped samples
I (27688594) kx134: epoch: n=2048 mean_g x=0.971 y=0.062 z=-0.235 max_fifo=86/86
W (27688854) kx134: FIFO seen at max capacity (86/86 frames) -- possible dropped samples
I (27688854) kx134: epoch: n=2048 mean_g x=0.968 y=0.064 z=-0.240 max_fifo=86/86
W (27689124) kx134: FIFO seen at max capacity (86/86 frames) -- possible dropped samples
I (27689124) kx134: epoch: n=2048 mean_g x=0.973 y=0.062 z=-0.238 max_fifo=86/86
W (27689384) kx134: FIFO seen at max capacity (86/86 frames) -- possible dropped samples
I (27689384) kx134: epoch: n=2048 mean_g x=0.971 y=0.064 z=-0.235 max_fifo=86/86
W (27689654) kx134: FIFO seen at max capacity (86/86 frames) -- possible dropped samples
I (27689654) kx134: epoch: n=2048 mean_g x=0.973 y=0.063 z=-0.235 max_fifo=86/86
W (27689914) kx134: FIFO seen at max capacity (86/86 frames) -- possible dropped samples
I (27689914) kx134: epoch: n=2048 mean_g x=0.972 y=0.062 z=-0.234 max_fifo=86/86
W (27690184) kx134: FIFO seen at max capacity (86/86 frames) -- possible dropped samples
I (27690184) kx134: epoch: n=2048 mean_g x=0.974 y=0.064 z=-0.235 max_fifo=86/86
W (27690454) kx134: FIFO seen at max capacity (86/86 frames) -- possible dropped samples
I (27690454) kx134: epoch: n=2048 mean_g x=0.972 y=0.066 z=-0.235 max_fifo=86/86
W (27690724) kx134: FIFO seen at max capacity (86/86 frames) -- possible dropped samples
I (27690724) kx134: epoch: n=2048 mean_g x=0.970 y=0.062 z=-0.236 max_fifo=86/86
W (27690984) kx134: FIFO seen at max capacity (86/86 frames) -- possible dropped samples
I (27690984) kx134: epoch: n=2048 mean_g x=0.971 y=0.066 z=-0.236 max_fifo=86/86
W (27691264) kx134: FIFO seen at max capacity (86/86 frames) -- possible dropped samples
I (27691264) kx134: epoch: n=2048 mean_g x=0.972 y=0.066 z=-0.235 max_fifo=86/86
W (27691524) kx134: FIFO seen at max capacity (86/86 frames) -- possible dropped samples
I (27691524) kx134: epoch: n=2048 mean_g x=0.973 y=0.063 z=-0.234 max_fifo=86/86
W (27691794) kx134: FIFO seen at max capacity (86/86 frames) -- possible dropped samples
I (27691794) kx134: epoch: n=2048 mean_g x=0.971 y=0.066 z=-0.235 max_fifo=86/86
W (27692064) kx134: FIFO seen at max capacity (86/86 frames) -- possible dropped samples
I (27692064) kx134: epoch: n=2048 mean_g x=0.971 y=0.060 z=-0.237 max_fifo=86/86
W (27692324) kx134: FIFO seen at max capacity (86/86 frames) -- possible dropped samples
I (27692324) kx134: epoch: n=2048 mean_g x=0.975 y=0.060 z=-0.233 max_fifo=86/86
W (27692594) kx134: FIFO seen at max capacity (86/86 frames) -- possible dropped samples
I (27692594) kx134: epoch: n=2048 mean_g x=0.973 y=0.063 z=-0.238 max_fifo=86/86
W (27692854) kx134: FIFO seen at max capacity (86/86 frames) -- possible dropped samples
I (27692854) kx134: epoch: n=2048 mean_g x=0.973 y=0.063 z=-0.237 max_fifo=86/86
W (27693124) kx134: FIFO seen at max capacity (86/86 frames) -- possible dropped samples
I (27693124) kx134: epoch: n=2048 mean_g x=0.973 y=0.065 z=-0.236 max_fifo=86/86
W (27693394) kx134: FIFO seen at max capacity (86/86 frames) -- possible dropped samples
I (27693394) kx134: epoch: n=2048 mean_g x=0.971 y=0.063 z=-0.238 max_fifo=86/86
W (27693664) kx134: FIFO seen at max capacity (86/86 frames) -- possible dropped samples
I (27693664) kx134: epoch: n=2048 mean_g x=0.974 y=0.061 z=-0.235 max_fifo=86/86
W (27693924) kx134: FIFO seen at max capacity (86/86 frames) -- possible dropped samples
I (27693924) kx134: epoch: n=2048 mean_g x=0.972 y=0.062 z=-0.236 max_fifo=86/86
W (27694204) kx134: FIFO seen at max capacity (86/86 frames) -- possible dropped samples
I (27694204) kx134: epoch: n=2048 mean_g x=0.969 y=0.063 z=-0.239 max_fifo=86/86
W (27694464) kx134: FIFO seen at max capacity (86/86 frames) -- possible dropped samples
I (27694464) kx134: epoch: n=2048 mean_g x=0.970 y=0.065 z=-0.237 max_fifo=86/86
W (27694734) kx134: FIFO seen at max capacity (86/86 frames) -- possible dropped samples
I (27694734) kx134: epoch: n=2048 mean_g x=0.973 y=0.058 z=-0.238 max_fifo=86/86
W (27695004) kx134: FIFO seen at max capacity (86/86 frames) -- possible dropped samples
I (27695004) kx134: epoch: n=2048 mean_g x=0.971 y=0.060 z=-0.236 max_fifo=86/86
W (27695274) kx134: FIFO seen at max capacity (86/86 frames) -- possible dropped samples
I (27695274) kx134: epoch: n=2048 mean_g x=0.969 y=0.063 z=-0.234 max_fifo=86/86
W (27695544) kx134: FIFO seen at max capacity (86/86 frames) -- possible dropped samples
I (27695544) kx134: epoch: n=2048 mean_g x=0.969 y=0.064 z=-0.235 max_fifo=86/86
W (27695794) kx134: FIFO seen at max capacity (86/86 frames) -- possible dropped samples
I (27695794) kx134: epoch: n=2048 mean_g x=0.973 y=0.061 z=-0.238 max_fifo=86/86
W (27696064) kx134: FIFO seen at max capacity (86/86 frames) -- possible dropped samples
I (27696064) kx134: epoch: n=2048 mean_g x=0.971 y=0.062 z=-0.236 max_fifo=86/86
W (27696334) kx134: FIFO seen at max capacity (86/86 frames) -- possible dropped samples
I (27696334) kx134: epoch: n=2048 mean_g x=0.973 y=0.062 z=-0.235 max_fifo=86/86
W (27696604) kx134: FIFO seen at max capacity (86/86 frames) -- possible dropped samples
I (27696604) kx134: epoch: n=2048 mean_g x=0.972 y=0.063 z=-0.237 max_fifo=86/86
W (27696864) kx134: FIFO seen at max capacity (86/86 frames) -- possible dropped samples
I (27696864) kx134: epoch: n=2048 mean_g x=0.974 y=0.060 z=-0.233 max_fifo=86/86
W (27697144) kx134: FIFO seen at max capacity (86/86 frames) -- possible dropped samples
I (27697144) kx134: epoch: n=2048 mean_g x=0.972 y=0.062 z=-0.237 max_fifo=86/86
W (27697414) kx134: FIFO seen at max capacity (86/86 frames) -- possible dropped samples
I (27697414) kx134: epoch: n=2048 mean_g x=0.970 y=0.060 z=-0.236 max_fifo=86/86
W (27697674) kx134: FIFO seen at max capacity (86/86 frames) -- possible dropped samples
I (27697674) kx134: epoch: n=2048 mean_g x=0.974 y=0.062 z=-0.237 max_fifo=86/86
W (27697944) kx134: FIFO seen at max capacity (86/86 frames) -- possible dropped samples
I (27697944) kx134: epoch: n=2048 mean_g x=0.971 y=0.068 z=-0.237 max_fifo=86/86
W (27698204) kx134: FIFO seen at max capacity (86/86 frames) -- possible dropped samples
I (27698204) kx134: epoch: n=2048 mean_g x=0.976 y=0.061 z=-0.237 max_fifo=86/86
W (27698474) kx134: FIFO seen at max capacity (86/86 frames) -- possible dropped samples
I (27698474) kx134: epoch: n=2048 mean_g x=0.974 y=0.068 z=-0.237 max_fifo=86/86
W (27698734) kx134: FIFO seen at max capacity (86/86 frames) -- possible dropped samples
I (27698734) kx134: epoch: n=2048 mean_g x=0.973 y=0.061 z=-0.234 max_fifo=86/86
W (27699004) kx134: FIFO seen at max capacity (86/86 frames) -- possible dropped samples
I (27699004) kx134: epoch: n=2048 mean_g x=0.972 y=0.063 z=-0.237 max_fifo=86/86
W (27699274) kx134: FIFO seen at max capacity (86/86 frames) -- possible dropped samples
I (27699274) kx134: epoch: n=2048 mean_g x=0.971 y=0.063 z=-0.239 max_fifo=86/86
W (27699544) kx134: FIFO seen at max capacity (86/86 frames) -- possible dropped samples
I (27699544) kx134: epoch: n=2048 mean_g x=0.972 y=0.066 z=-0.237 max_fifo=86/86
W (27699804) kx134: FIFO seen at max capacity (86/86 frames) -- possible dropped samples
I (27699804) kx134: epoch: n=2048 mean_g x=0.972 y=0.062 z=-0.237 max_fifo=86/86
W (27700084) kx134: FIFO seen at max capacity (86/86 frames) -- possible dropped samples
I (27700084) kx134: epoch: n=2048 mean_g x=0.973 y=0.064 z=-0.238 max_fifo=86/86
W (27700344) kx134: FIFO seen at max capacity (86/86 frames) -- possible dropped samples
I (27700344) kx134: epoch: n=2048 mean_g x=0.971 y=0.061 z=-0.236 max_fifo=86/86
W (27700614) kx134: FIFO seen at max capacity (86/86 frames) -- possible dropped samples
I (27700614) kx134: epoch: n=2048 mean_g x=0.975 y=0.060 z=-0.237 max_fifo=86/86
W (27700884) kx134: FIFO seen at max capacity (86/86 frames) -- possible dropped samples
I (27700894) kx134: epoch: n=2048 mean_g x=0.970 y=0.062 z=-0.237 max_fifo=86/86
W (27701154) kx134: FIFO seen at max capacity (86/86 frames) -- possible dropped samples
I (27701154) kx134: epoch: n=2048 mean_g x=0.971 y=0.063 z=-0.238 max_fifo=86/86
W (27701424) kx134: FIFO seen at max capacity (86/86 frames) -- possible dropped samples
I (27701424) kx134: epoch: n=2048 mean_g x=0.976 y=0.061 z=-0.235 max_fifo=86/86
E (27701564) esp-tls: [sock=58] select() timeout
E (27701564) transport_base: Failed to open a new connection: 32774
E (27701564) mqtt_client: Error transport connect
W (27701564) link_mqtt: disconnected
W (27701684) kx134: FIFO seen at max capacity (86/86 frames) -- possible dropped samples
I (27701694) kx134: epoch: n=2048 mean_g x=0.973 y=0.061 z=-0.236 max_fifo=86/86
W (27701964) kx134: FIFO seen at max capacity (86/86 frames) -- possible dropped samples
I (27701964) kx134: epoch: n=2048 mean_g x=0.970 y=0.059 z=-0.234 max_fifo=86/86
W (27702234) kx134: FIFO seen at max capacity (86/86 frames) -- possible dropped samples
I (27702234) kx134: epoch: n=2048 mean_g x=0.976 y=0.064 z=-0.236 max_fifo=86/86
W (27702504) kx134: FIFO seen at max capacity (86/86 frames) -- possible dropped samples
I (27702504) kx134: epoch: n=2048 mean_g x=0.971 y=0.066 z=-0.238 max_fifo=86/86
W (27702774) kx134: FIFO seen at max capacity (86/86 frames) -- possible dropped samples
I (27702774) kx134: epoch: n=2048 mean_g x=0.969 y=0.060 z=-0.235 max_fifo=86/86
W (27703034) kx134: FIFO seen at max capacity (86/86 frames) -- possible dropped samples
I (27703034) kx134: epoch: n=2048 mean_g x=0.973 y=0.060 z=-0.234 max_fifo=86/86
W (27703304) kx134: FIFO seen at max capacity (86/86 frames) -- possible dropped samples
I (27703304) kx134: epoch: n=2048 mean_g x=0.973 y=0.062 z=-0.234 max_fifo=86/86
W (27703564) kx134: FIFO seen at max capacity (86/86 frames) -- possible dropped samples
I (27703564) kx134: epoch: n=2048 mean_g x=0.972 y=0.063 z=-0.237 max_fifo=86/86
W (27703834) kx134: FIFO seen at max capacity (86/86 frames) -- possible dropped samples
I (27703834) kx134: epoch: n=2048 mean_g x=0.976 y=0.064 z=-0.236 max_fifo=86/86
W (27704104) kx134: FIFO seen at max capacity (86/86 frames) -- possible dropped samples
I (27704104) kx134: epoch: n=2048 mean_g x=0.974 y=0.063 z=-0.237 max_fifo=86/86
W (27704374) kx134: FIFO seen at max capacity (86/86 frames) -- possible dropped samples
I (27704374) kx134: epoch: n=2048 mean_g x=0.970 y=0.062 z=-0.239 max_fifo=86/86
W (27704634) kx134: FIFO seen at max capacity (86/86 frames) -- possible dropped samples
I (27704634) kx134: epoch: n=2048 mean_g x=0.972 y=0.064 z=-0.238 max_fifo=86/86
W (27704924) kx134: FIFO seen at max capacity (86/86 frames) -- possible dropped samples
I (27704924) kx134: epoch: n=2048 mean_g x=0.973 y=0.059 z=-0.236 max_fifo=86/86
W (27705194) kx134: FIFO seen at max capacity (86/86 frames) -- possible dropped samples
I (27705194) kx134: epoch: n=2048 mean_g x=0.974 y=0.061 z=-0.236 max_fifo=86/86
W (27705454) kx134: FIFO seen at max capacity (86/86 frames) -- possible dropped samples
I (27705454) kx134: epoch: n=2048 mean_g x=0.971 y=0.062 z=-0.234 max_fifo=86/86
W (27705724) kx134: FIFO seen at max capacity (86/86 frames) -- possible dropped samples
I (27705724) kx134: epoch: n=2048 mean_g x=0.972 y=0.062 z=-0.237 max_fifo=86/86
W (27705994) kx134: FIFO seen at max capacity (86/86 frames) -- possible dropped samples
I (27705994) kx134: epoch: n=2048 mean_g x=0.972 y=0.063 z=-0.236 max_fifo=86/86
W (27706264) kx134: FIFO seen at max capacity (86/86 frames) -- possible dropped samples
I (27706264) kx134: epoch: n=2048 mean_g x=0.971 y=0.060 z=-0.236 max_fifo=86/86
W (27706524) kx134: FIFO seen at max capacity (86/86 frames) -- possible dropped samples
I (27706524) kx134: epoch: n=2048 mean_g x=0.969 y=0.062 z=-0.238 max_fifo=86/86
W (27706804) kx134: FIFO seen at max capacity (86/86 frames) -- possible dropped samples
I (27706804) kx134: epoch: n=2048 mean_g x=0.973 y=0.069 z=-0.234 max_fifo=86/86
W (27707074) kx134: FIFO seen at max capacity (86/86 frames) -- possible dropped samples
I (27707074) kx134: epoch: n=2048 mean_g x=0.972 y=0.063 z=-0.236 max_fifo=86/86
W (27707344) kx134: FIFO seen at max capacity (86/86 frames) -- possible dropped samples
I (27707344) kx134: epoch: n=2048 mean_g x=0.975 y=0.063 z=-0.237 max_fifo=86/86
W (27707604) kx134: FIFO seen at max capacity (86/86 frames) -- possible dropped samples
I (27707604) kx134: epoch: n=2048 mean_g x=0.974 y=0.058 z=-0.237 max_fifo=86/86
W (27707864) kx134: FIFO seen at max capacity (86/86 frames) -- possible dropped samples
I (27707864) kx134: epoch: n=2048 mean_g x=0.972 y=0.062 z=-0.236 max_fifo=86/86
W (27708134) kx134: FIFO seen at max capacity (86/86 frames) -- possible dropped samples
I (27708134) kx134: epoch: n=2048 mean_g x=0.973 y=0.062 z=-0.235 max_fifo=86/86
W (27708394) kx134: FIFO seen at max capacity (86/86 frames) -- possible dropped samples
I (27708394) kx134: epoch: n=2048 mean_g x=0.975 y=0.058 z=-0.234 max_fifo=86/86
W (27708664) kx134: FIFO seen at max capacity (86/86 frames) -- possible dropped samples
I (27708664) kx134: epoch: n=2048 mean_g x=0.972 y=0.063 z=-0.235 max_fifo=86/86
W (27708934) kx134: FIFO seen at max capacity (86/86 frames) -- possible dropped samples
I (27708934) kx134: epoch: n=2048 mean_g x=0.974 y=0.062 z=-0.235 max_fifo=86/86
W (27709204) kx134: FIFO seen at max capacity (86/86 frames) -- possible dropped samples
I (27709204) kx134: epoch: n=2048 mean_g x=0.975 y=0.062 z=-0.234 max_fifo=86/86
W (27709464) kx134: FIFO seen at max capacity (86/86 frames) -- possible dropped samples
I (27709464) kx134: epoch: n=2048 mean_g x=0.974 y=0.060 z=-0.237 max_fifo=86/86
I (27709554) DIAG: Stack HWM (bytes free): mic=7204 dsp=4120 rgb=1920 imu=1580 diag=684
I (27709554) DIAG: CPU runtime:
diag           	105774314		5%
IDLE1          	1410935680		72%
IDLE0          	3980871859		205%
mic_task       	231167013		11%
imu_task       	4124567711		212%
wifi_prov      	577686		<1%
net            	1653621121		85%
tiT            	214196032		11%
dsp_task       	360004251		18%
mqtt_task      	26488621		1%
rgb_led        	46335654		2%
main           	157574		<1%
httpd          	589		<1%
ipc1           	50730		<1%
ipc0           	37885		<1%
Tmr Svc        	17		<1%
esp_timer      	14132873		<1%
wifi           	297042192		15%
dns_captive    	54		<1%
sys_evt        	1037592		<1%

I (27709604) DIAG: Heap free: internal=3160 largest_free=1280 PSRAM=8209812 IRAM=0
I (27709614) DIAG: wifi: connects=3 disconnects=447 retry_cnt=0
I (27709614) DIAG: mqtt: connects=12 disconnects=763 publishes=86767 publish_failures=12 cmds_received=0
I (27709624) DIAG: wifi_prov: state=2 provisioning_entries=1 recovery_entries=1 recovery_successes=0
I (27709634) DIAG: mic: blocks_ok=432933 capture_failures=0 rb_drops=0
W (27709644) DIAG: mic i2s: overflow_count=14 (cumulative) read_errors=0 short_reads=0 — check CPU load
I (27709654) DIAG: dsp: fft_count=432933 frames_emitted=108233 rb_timeouts=0 last_fft_us=605
I (27709654) DIAG: imu: epochs=102930 read_errors=0 reinit_attempts=0 reinit_successes=0
I (27709664) DIAG: accel: reads_ok=308790 read_errors=0 fifo_max_hits=102930
I (27709674) DIAG: net: frames_built=131338 build_failures=0 publish_failures=12 cmd_malformed=0 disconnect_reverts=12
I (27709684) DIAG: led: state_changes=465 remote_updates=0 hw_errors=0
W (27709744) kx134: FIFO seen at max capacity (86/86 frames) -- possible dropped samples
I (27709744) kx134: epoch: n=2048 mean_g x=0.971 y=0.063 z=-0.235 max_fifo=86/86
W (27710004) kx134: FIFO seen at max capacity (86/86 frames) -- possible dropped samples
I (27710004) kx134: epoch: n=2048 mean_g x=0.970 y=0.064 z=-0.235 max_fifo=86/86
W (27710274) kx134: FIFO seen at max capacity (86/86 frames) -- possible dropped samples
I (27710284) kx134: epoch: n=2048 mean_g x=0.973 y=0.063 z=-0.235 max_fifo=86/86
W (27710544) kx134: FIFO seen at max capacity (86/86 frames) -- possible dropped samples
I (27710544) kx134: epoch: n=2048 mean_g x=0.971 y=0.061 z=-0.237 max_fifo=86/86
W (27710804) kx134: FIFO seen at max capacity (86/86 frames) -- possible dropped samples
I (27710804) kx134: epoch: n=2048 mean_g x=0.971 y=0.061 z=-0.238 max_fifo=86/86
W (27711074) kx134: FIFO seen at max capacity (86/86 frames) -- possible dropped samples
I (27711074) kx134: epoch: n=2048 mean_g x=0.972 y=0.062 z=-0.237 max_fifo=86/86
W (27711334) kx134: FIFO seen at max capacity (86/86 frames) -- possible dropped samples
I (27711334) kx134: epoch: n=2048 mean_g x=0.970 y=0.060 z=-0.235 max_fifo=86/86
W (27711604) kx134: FIFO seen at max capacity (86/86 frames) -- possible dropped samples
I (27711604) kx134: epoch: n=2048 mean_g x=0.972 y=0.062 z=-0.238 max_fifo=86/86
W (27711874) kx134: FIFO seen at max capacity (86/86 frames) -- possible dropped samples
I (27711874) kx134: epoch: n=2048 mean_g x=0.971 y=0.062 z=-0.238 max_fifo=86/86
W (27712144) kx134: FIFO seen at max capacity (86/86 frames) -- possible dropped samples
I (27712144) kx134: epoch: n=2048 mean_g x=0.971 y=0.064 z=-0.238 max_fifo=86/86
W (27712404) kx134: FIFO seen at max capacity (86/86 frames) -- possible dropped samples
I (27712404) kx134: epoch: n=2048 mean_g x=0.971 y=0.064 z=-0.239 max_fifo=86/86
W (27712684) kx134: FIFO seen at max capacity (86/86 frames) -- possible dropped samples
I (27712684) kx134: epoch: n=2048 mean_g x=0.970 y=0.062 z=-0.234 max_fifo=86/86
W (27712944) kx134: FIFO seen at max capacity (86/86 frames) -- possible dropped samples
I (27712944) kx134: epoch: n=2048 mean_g x=0.972 y=0.063 z=-0.238 max_fifo=86/86
W (27713214) kx134: FIFO seen at max capacity (86/86 frames) -- possible dropped samples
I (27713214) kx134: epoch: n=2048 mean_g x=0.973 y=0.061 z=-0.235 max_fifo=86/86
W (27713484) kx134: FIFO seen at max capacity (86/86 frames) -- possible dropped samples
I (27713484) kx134: epoch: n=2048 mean_g x=0.976 y=0.059 z=-0.234 max_fifo=86/86
W (27713744) kx134: FIFO seen at max capacity (86/86 frames) -- possible dropped samples
I (27713744) kx134: epoch: n=2048 mean_g x=0.975 y=0.062 z=-0.237 max_fifo=86/86
W (27714014) kx134: FIFO seen at max capacity (86/86 frames) -- possible dropped samples
I (27714014) kx134: epoch: n=2048 mean_g x=0.970 y=0.062 z=-0.236 max_fifo=86/86
W (27714274) kx134: FIFO seen at max capacity (86/86 frames) -- possible dropped samples
I (27714274) kx134: epoch: n=2048 mean_g x=0.968 y=0.066 z=-0.238 max_fifo=86/86
W (27714544) kx134: FIFO seen at max capacity (86/86 frames) -- possible dropped samples
I (27714544) kx134: epoch: n=2048 mean_g x=0.972 y=0.064 z=-0.234 max_fifo=86/86
E (27714574) esp-tls: [sock=58] select() timeout
E (27714574) transport_base: Failed to open a new connection: 32774
E (27714574) mqtt_client: Error transport connect
W (27714574) link_mqtt: disconnected
W (27714814) kx134: FIFO seen at max capacity (86/86 frames) -- possible dropped samples
I (27714814) kx134: epoch: n=2048 mean_g x=0.971 y=0.058 z=-0.238 max_fifo=86/86
W (27715084) kx134: FIFO seen at max capacity (86/86 frames) -- possible dropped samples
I (27715084) kx134: epoch: n=2048 mean_g x=0.970 y=0.062 z=-0.237 max_fifo=86/86
W (27715344) kx134: FIFO seen at max capacity (86/86 frames) -- possible dropped samples
I (27715344) kx134: epoch: n=2048 mean_g x=0.973 y=0.061 z=-0.235 max_fifo=86/86
W (27715624) kx134: FIFO seen at max capacity (86/86 frames) -- possible dropped samples
I (27715624) kx134: epoch: n=2048 mean_g x=0.974 y=0.062 z=-0.238 max_fifo=86/86
W (27715884) kx134: FIFO seen at max capacity (86/86 frames) -- possible dropped samples
I (27715884) kx134: epoch: n=2048 mean_g x=0.973 y=0.060 z=-0.238 max_fifo=86/86
W (27716154) kx134: FIFO seen at max capacity (86/86 frames) -- possible dropped samples
I (27716154) kx134: epoch: n=2048 mean_g x=0.973 y=0.060 z=-0.238 max_fifo=86/86
W (27716424) kx134: FIFO seen at max capacity (86/86 frames) -- possible dropped samples
I (27716424) kx134: epoch: n=2048 mean_g x=0.972 y=0.064 z=-0.239 max_fifo=86/86
W (27716694) kx134: FIFO seen at max capacity (86/86 frames) -- possible dropped samples
I (27716694) kx134: epoch: n=2048 mean_g x=0.972 y=0.059 z=-0.236 max_fifo=86/86
W (27716964) kx134: FIFO seen at max capacity (86/86 frames) -- possible dropped samples
I (27716964) kx134: epoch: n=2048 mean_g x=0.974 y=0.064 z=-0.234 max_fifo=86/86
W (27717214) kx134: FIFO seen at max capacity (86/86 frames) -- possible dropped samples
I (27717214) kx134: epoch: n=2048 mean_g x=0.973 y=0.065 z=-0.238 max_fifo=86/86
W (27717484) kx134: FIFO seen at max capacity (86/86 frames) -- possible dropped samples
I (27717484) kx134: epoch: n=2048 mean_g x=0.971 y=0.060 z=-0.237 max_fifo=86/86
W (27717754) kx134: FIFO seen at max capacity (86/86 frames) -- possible dropped samples
I (27717754) kx134: epoch: n=2048 mean_g x=0.975 y=0.060 z=-0.240 max_fifo=86/86
W (27718024) kx134: FIFO seen at max capacity (86/86 frames) -- possible dropped samples
I (27718024) kx134: epoch: n=2048 mean_g x=0.973 y=0.064 z=-0.236 max_fifo=86/86
W (27718284) kx134: FIFO seen at max capacity (86/86 frames) -- possible dropped samples
I (27718284) kx134: epoch: n=2048 mean_g x=0.971 y=0.061 z=-0.235 max_fifo=86/86
W (27718564) kx134: FIFO seen at max capacity (86/86 frames) -- possible dropped samples
I (27718564) kx134: epoch: n=2048 mean_g x=0.970 y=0.061 z=-0.232 max_fifo=86/86
W (27718834) kx134: FIFO seen at max capacity (86/86 frames) -- possible dropped samples
I (27718834) kx134: epoch: n=2048 mean_g x=0.970 y=0.062 z=-0.235 max_fifo=86/86
W (27719094) kx134: FIFO seen at max capacity (86/86 frames) -- possible dropped samples
I (27719094) kx134: epoch: n=2048 mean_g x=0.972 y=0.062 z=-0.237 max_fifo=86/86
W (27719364) kx134: FIFO seen at max capacity (86/86 frames) -- possible dropped samples
I (27719364) kx134: epoch: n=2048 mean_g x=0.972 y=0.065 z=-0.238 max_fifo=86/86
W (27719624) kx134: FIFO seen at max capacity (86/86 frames) -- possible dropped samples
I (27719624) kx134: epoch: n=2048 mean_g x=0.973 y=0.060 z=-0.235 max_fifo=86/86
W (27719894) kx134: FIFO seen at max capacity (86/86 frames) -- possible dropped samples
I (27719894) kx134: epoch: n=2048 mean_g x=0.973 y=0.064 z=-0.235 max_fifo=86/86
W (27720154) kx134: FIFO seen at max capacity (86/86 frames) -- possible dropped samples
I (27720154) kx134: epoch: n=2048 mean_g x=0.973 y=0.061 z=-0.237 max_fifo=86/86
W (27720424) kx134: FIFO seen at max capacity (86/86 frames) -- possible dropped samples
I (27720424) kx134: epoch: n=2048 mean_g x=0.970 y=0.062 z=-0.237 max_fifo=86/86
W (27720694) kx134: FIFO seen at max capacity (86/86 frames) -- possible dropped samples
I (27720694) kx134: epoch: n=2048 mean_g x=0.973 y=0.062 z=-0.238 max_fifo=86/86
W (27720964) kx134: FIFO seen at max capacity (86/86 frames) -- possible dropped samples
I (27720964) kx134: epoch: n=2048 mean_g x=0.973 y=0.061 z=-0.233 max_fifo=86/86
W (27721224) kx134: FIFO seen at max capacity (86/86 frames) -- possible dropped samples
I (27721224) kx134: epoch: n=2048 mean_g x=0.974 y=0.060 z=-0.237 max_fifo=86/86
W (27721504) kx134: FIFO seen at max capacity (86/86 frames) -- possible dropped samples
I (27721504) kx134: epoch: n=2048 mean_g x=0.971 y=0.064 z=-0.234 max_fifo=86/86
W (27721764) kx134: FIFO seen at max capacity (86/86 frames) -- possible dropped samples
I (27721764) kx134: epoch: n=2048 mean_g x=0.972 y=0.063 z=-0.239 max_fifo=86/86
W (27722034) kx134: FIFO seen at max capacity (86/86 frames) -- possible dropped samples
I (27722044) kx134: epoch: n=2048 mean_g x=0.972 y=0.061 z=-0.235 max_fifo=86/86
W (27722304) kx134: FIFO seen at max capacity (86/86 frames) -- possible dropped samples
I (27722304) kx134: epoch: n=2048 mean_g x=0.971 y=0.065 z=-0.237 max_fifo=86/86
W (27722564) kx134: FIFO seen at max capacity (86/86 frames) -- possible dropped samples
I (27722564) kx134: epoch: n=2048 mean_g x=0.974 y=0.064 z=-0.235 max_fifo=86/86
W (27722834) kx134: FIFO seen at max capacity (86/86 frames) -- possible dropped samples
I (27722834) kx134: epoch: n=2048 mean_g x=0.969 y=0.062 z=-0.238 max_fifo=86/86
W (27723094) kx134: FIFO seen at max capacity (86/86 frames) -- possible dropped samples
I (27723094) kx134: epoch: n=2048 mean_g x=0.973 y=0.063 z=-0.237 max_fifo=86/86
W (27723364) kx134: FIFO seen at max capacity (86/86 frames) -- possible dropped samples
I (27723364) kx134: epoch: n=2048 mean_g x=0.975 y=0.061 z=-0.233 max_fifo=86/86
W (27723634) kx134: FIFO seen at max capacity (86/86 frames) -- possible dropped samples
I (27723634) kx134: epoch: n=2048 mean_g x=0.969 y=0.065 z=-0.238 max_fifo=86/86
W (27723904) kx134: FIFO seen at max capacity (86/86 frames) -- possible dropped samples
I (27723904) kx134: epoch: n=2048 mean_g x=0.972 y=0.062 z=-0.236 max_fifo=86/86
W (27724164) kx134: FIFO seen at max capacity (86/86 frames) -- possible dropped samples
I (27724164) kx134: epoch: n=2048 mean_g x=0.973 y=0.064 z=-0.238 max_fifo=86/86
W (27724444) kx134: FIFO seen at max capacity (86/86 frames) -- possible dropped samples
I (27724444) kx134: epoch: n=2048 mean_g x=0.973 y=0.061 z=-0.234 max_fifo=86/86
W (27724704) kx134: FIFO seen at max capacity (86/86 frames) -- possible dropped samples
I (27724704) kx134: epoch: n=2048 mean_g x=0.975 y=0.066 z=-0.237 max_fifo=86/86
W (27724974) kx134: FIFO seen at max capacity (86/86 frames) -- possible dropped samples
I (27724974) kx134: epoch: n=2048 mean_g x=0.971 y=0.063 z=-0.233 max_fifo=86/86
W (27725244) kx134: FIFO seen at max capacity (86/86 frames) -- possible dropped samples
I (27725244) kx134: epoch: n=2048 mean_g x=0.971 y=0.064 z=-0.237 max_fifo=86/86
W (27725504) kx134: FIFO seen at max capacity (86/86 frames) -- possible dropped samples
I (27725504) kx134: epoch: n=2048 mean_g x=0.970 y=0.062 z=-0.235 max_fifo=86/86
W (27725774) kx134: FIFO seen at max capacity (86/86 frames) -- possible dropped samples
I (27725774) kx134: epoch: n=2048 mean_g x=0.970 y=0.062 z=-0.235 max_fifo=86/86
W (27726034) kx134: FIFO seen at max capacity (86/86 frames) -- possible dropped samples
I (27726034) kx134: epoch: n=2048 mean_g x=0.974 y=0.060 z=-0.236 max_fifo=86/86
W (27726304) kx134: FIFO seen at max capacity (86/86 frames) -- possible dropped samples
I (27726304) kx134: epoch: n=2048 mean_g x=0.972 y=0.064 z=-0.234 max_fifo=86/86
W (27726574) kx134: FIFO seen at max capacity (86/86 frames) -- possible dropped samples
I (27726574) kx134: epoch: n=2048 mean_g x=0.971 y=0.064 z=-0.237 max_fifo=86/86
W (27726844) kx134: FIFO seen at max capacity (86/86 frames) -- possible dropped samples
I (27726844) kx134: epoch: n=2048 mean_g x=0.973 y=0.062 z=-0.235 max_fifo=86/86
W (27727104) kx134: FIFO seen at max capacity (86/86 frames) -- possible dropped samples
I (27727104) kx134: epoch: n=2048 mean_g x=0.970 y=0.066 z=-0.236 max_fifo=86/86
W (27727384) kx134: FIFO seen at max capacity (86/86 frames) -- possible dropped samples
I (27727384) kx134: epoch: n=2048 mean_g x=0.973 y=0.067 z=-0.241 max_fifo=86/86
E (27727584) esp-tls: [sock=58] select() timeout
E (27727584) transport_base: Failed to open a new connection: 32774
E (27727584) mqtt_client: Error transport connect
W (27727584) link_mqtt: disconnected
W (27727644) kx134: FIFO seen at max capacity (86/86 frames) -- possible dropped samples
I (27727644) kx134: epoch: n=2048 mean_g x=0.973 y=0.061 z=-0.235 max_fifo=86/86
W (27727914) kx134: FIFO seen at max capacity (86/86 frames) -- possible dropped samples
I (27727914) kx134: epoch: n=2048 mean_g x=0.970 y=0.060 z=-0.233 max_fifo=86/86
W (27728184) kx134: FIFO seen at max capacity (86/86 frames) -- possible dropped samples
I (27728184) kx134: epoch: n=2048 mean_g x=0.973 y=0.061 z=-0.238 max_fifo=86/86
W (27728454) kx134: FIFO seen at max capacity (86/86 frames) -- possible dropped samples
I (27728454) kx134: epoch: n=2048 mean_g x=0.972 y=0.066 z=-0.237 max_fifo=86/86
W (27728714) kx134: FIFO seen at max capacity (86/86 frames) -- possible dropped samples
I (27728714) kx134: epoch: n=2048 mean_g x=0.971 y=0.061 z=-0.239 max_fifo=86/86
W (27728974) kx134: FIFO seen at max capacity (86/86 frames) -- possible dropped samples
I (27728974) kx134: epoch: n=2048 mean_g x=0.974 y=0.062 z=-0.236 max_fifo=86/86
W (27729244) kx134: FIFO seen at max capacity (86/86 frames) -- possible dropped samples
I (27729244) kx134: epoch: n=2048 mean_g x=0.973 y=0.062 z=-0.236 max_fifo=86/86
W (27729514) kx134: FIFO seen at max capacity (86/86 frames) -- possible dropped samples
I (27729514) kx134: epoch: n=2048 mean_g x=0.970 y=0.065 z=-0.237 max_fifo=86/86
W (27729784) kx134: FIFO seen at max capacity (86/86 frames) -- possible dropped samples
I (27729784) kx134: epoch: n=2048 mean_g x=0.972 y=0.066 z=-0.234 max_fifo=86/86
W (27730044) kx134: FIFO seen at max capacity (86/86 frames) -- possible dropped samples
I (27730044) kx134: epoch: n=2048 mean_g x=0.973 y=0.065 z=-0.238 max_fifo=86/86
W (27730324) kx134: FIFO seen at max capacity (86/86 frames) -- possible dropped samples
I (27730324) kx134: epoch: n=2048 mean_g x=0.977 y=0.065 z=-0.234 max_fifo=86/86
W (27730594) kx134: FIFO seen at max capacity (86/86 frames) -- possible dropped samples
I (27730594) kx134: epoch: n=2048 mean_g x=0.968 y=0.063 z=-0.235 max_fifo=86/86
W (27730854) kx134: FIFO seen at max capacity (86/86 frames) -- possible dropped samples
I (27730854) kx134: epoch: n=2048 mean_g x=0.973 y=0.063 z=-0.237 max_fifo=86/86
W (27731124) kx134: FIFO seen at max capacity (86/86 frames) -- possible dropped samples
I (27731124) kx134: epoch: n=2048 mean_g x=0.972 y=0.065 z=-0.231 max_fifo=86/86
W (27731384) kx134: FIFO seen at max capacity (86/86 frames) -- possible dropped samples
I (27731384) kx134: epoch: n=2048 mean_g x=0.971 y=0.062 z=-0.236 max_fifo=86/86
W (27731654) kx134: FIFO seen at max capacity (86/86 frames) -- possible dropped samples
I (27731654) kx134: epoch: n=2048 mean_g x=0.971 y=0.062 z=-0.237 max_fifo=86/86
W (27731914) kx134: FIFO seen at max capacity (86/86 frames) -- possible dropped samples
I (27731914) kx134: epoch: n=2048 mean_g x=0.970 y=0.064 z=-0.234 max_fifo=86/86
W (27732184) kx134: FIFO seen at max capacity (86/86 frames) -- possible dropped samples
I (27732184) kx134: epoch: n=2048 mean_g x=0.973 y=0.061 z=-0.236 max_fifo=86/86
W (27732454) kx134: FIFO seen at max capacity (86/86 frames) -- possible dropped samples
I (27732454) kx134: epoch: n=2048 mean_g x=0.972 y=0.064 z=-0.234 max_fifo=86/86
W (27732724) kx134: FIFO seen at max capacity (86/86 frames) -- possible dropped samples
I (27732724) kx134: epoch: n=2048 mean_g x=0.975 y=0.062 z=-0.237 max_fifo=86/86
W (27732984) kx134: FIFO seen at max capacity (86/86 frames) -- possible dropped samples
I (27732984) kx134: epoch: n=2048 mean_g x=0.971 y=0.063 z=-0.236 max_fifo=86/86
W (27733264) kx134: FIFO seen at max capacity (86/86 frames) -- possible dropped samples
I (27733264) kx134: epoch: n=2048 mean_g x=0.975 y=0.064 z=-0.236 max_fifo=86/86
W (27733534) kx134: FIFO seen at max capacity (86/86 frames) -- possible dropped samples
I (27733534) kx134: epoch: n=2048 mean_g x=0.974 y=0.066 z=-0.237 max_fifo=86/86
W (27733794) kx134: FIFO seen at max capacity (86/86 frames) -- possible dropped samples
I (27733794) kx134: epoch: n=2048 mean_g x=0.972 y=0.071 z=-0.239 max_fifo=86/86
W (27734064) kx134: FIFO seen at max capacity (86/86 frames) -- possible dropped samples
I (27734064) kx134: epoch: n=2048 mean_g x=0.971 y=0.064 z=-0.235 max_fifo=86/86
W (27734324) kx134: FIFO seen at max capacity (86/86 frames) -- possible dropped samples
I (27734324) kx134: epoch: n=2048 mean_g x=0.971 y=0.062 z=-0.235 max_fifo=86/86
W (27734594) kx134: FIFO seen at max capacity (86/86 frames) -- possible dropped samples
I (27734594) kx134: epoch: n=2048 mean_g x=0.973 y=0.061 z=-0.236 max_fifo=86/86
W (27734854) kx134: FIFO seen at max capacity (86/86 frames) -- possible dropped samples
I (27734854) kx134: epoch: n=2048 mean_g x=0.973 y=0.067 z=-0.235 max_fifo=86/86
W (27735124) kx134: FIFO seen at max capacity (86/86 frames) -- possible dropped samples
I (27735124) kx134: epoch: n=2048 mean_g x=0.974 y=0.064 z=-0.235 max_fifo=86/86
W (27735394) kx134: FIFO seen at max capacity (86/86 frames) -- possible dropped samples
I (27735394) kx134: epoch: n=2048 mean_g x=0.970 y=0.061 z=-0.238 max_fifo=86/86
W (27735664) kx134: FIFO seen at max capacity (86/86 frames) -- possible dropped samples
I (27735664) kx134: epoch: n=2048 mean_g x=0.970 y=0.060 z=-0.235 max_fifo=86/86
W (27735924) kx134: FIFO seen at max capacity (86/86 frames) -- possible dropped samples
I (27735924) kx134: epoch: n=2048 mean_g x=0.972 y=0.062 z=-0.237 max_fifo=86/86
W (27736204) kx134: FIFO seen at max capacity (86/86 frames) -- possible dropped samples
I (27736204) kx134: epoch: n=2048 mean_g x=0.974 y=0.063 z=-0.236 max_fifo=86/86
W (27736464) kx134: FIFO seen at max capacity (86/86 frames) -- possible dropped samples
I (27736464) kx134: epoch: n=2048 mean_g x=0.972 y=0.064 z=-0.237 max_fifo=86/86
W (27736734) kx134: FIFO seen at max capacity (86/86 frames) -- possible dropped samples
I (27736734) kx134: epoch: n=2048 mean_g x=0.978 y=0.065 z=-0.238 max_fifo=86/86
W (27737004) kx134: FIFO seen at max capacity (86/86 frames) -- possible dropped samples
I (27737004) kx134: epoch: n=2048 mean_g x=0.972 y=0.062 z=-0.233 max_fifo=86/86
W (27737264) kx134: FIFO seen at max capacity (86/86 frames) -- possible dropped samples
I (27737264) kx134: epoch: n=2048 mean_g x=0.972 y=0.061 z=-0.238 max_fifo=86/86
W (27737534) kx134: FIFO seen at max capacity (86/86 frames) -- possible dropped samples
I (27737534) kx134: epoch: n=2048 mean_g x=0.972 y=0.064 z=-0.238 max_fifo=86/86
I (27737684) wifi:new:<11,2>, old:<11,2>, ap:<11,0>, sta:<11,2>, prof:1, snd_ch_cfg:0x0
I (27737684) wifi:station: 6a:7e:e2:4c:5b:ab join, AID=1, bgn, 20
W (27737804) kx134: FIFO seen at max capacity (86/86 frames) -- possible dropped samples
I (27737804) kx134: epoch: n=2048 mean_g x=0.969 y=0.065 z=-0.235 max_fifo=86/86
W (27738084) kx134: FIFO seen at max capacity (86/86 frames) -- possible dropped samples
I (27738084) kx134: epoch: n=2048 mean_g x=0.973 y=0.067 z=-0.237 max_fifo=86/86
W (27738354) kx134: FIFO seen at max capacity (86/86 frames) -- possible dropped samples
I (27738354) kx134: epoch: n=2048 mean_g x=0.967 y=0.061 z=-0.235 max_fifo=86/86
W (27738624) kx134: FIFO seen at max capacity (86/86 frames) -- possible dropped samples
I (27738624) kx134: epoch: n=2048 mean_g x=0.973 y=0.063 z=-0.235 max_fifo=86/86
W (27738894) kx134: FIFO seen at max capacity (86/86 frames) -- possible dropped samples
I (27738894) kx134: epoch: n=2048 mean_g x=0.972 y=0.063 z=-0.234 max_fifo=86/86
W (27739164) kx134: FIFO seen at max capacity (86/86 frames) -- possible dropped samples
I (27739164) kx134: epoch: n=2048 mean_g x=0.974 y=0.061 z=-0.238 max_fifo=86/86
W (27739434) kx134: FIFO seen at max capacity (86/86 frames) -- possible dropped samples
I (27739434) kx134: epoch: n=2048 mean_g x=0.973 y=0.061 z=-0.236 max_fifo=86/86
W (27739694) kx134: FIFO seen at max capacity (86/86 frames) -- possible dropped samples
I (27739694) kx134: epoch: n=2048 mean_g x=0.974 y=0.061 z=-0.238 max_fifo=86/86
I (27739734) DIAG: Stack HWM (bytes free): mic=7204 dsp=4120 rgb=1920 imu=1580 diag=684
I (27739734) DIAG: CPU runtime:
dsp_task       	360395028		18%
diag           	105901753		5%
IDLE1          	1440582456		73%
IDLE0          	4004044523		203%
rgb_led        	46485950		2%
mic_task       	231420449		11%
imu_task       	4129106190		209%
net            	1655360204		84%
mqtt_task      	26506135		1%
wifi_prov      	578618		<1%
tiT            	214238782		10%
main           	157574		<1%
ipc1           	50730		<1%
ipc0           	37885		<1%
Tmr Svc        	17		<1%
dns_captive    	54		<1%
wifi           	297302327		15%
esp_timer      	14164855		<1%
sys_evt        	1037592		<1%
httpd          	589		<1%

I (27739784) DIAG: Heap free: internal=1420 largest_free=768 PSRAM=8209812 IRAM=0
I (27739794) DIAG: wifi: connects=3 disconnects=447 retry_cnt=0
I (27739804) DIAG: mqtt: connects=12 disconnects=765 publishes=86767 publish_failures=12 cmds_received=0
I (27739814) DIAG: wifi_prov: state=2 provisioning_entries=1 recovery_entries=1 recovery_successes=0
I (27739814) DIAG: mic: blocks_ok=433405 capture_failures=0 rb_drops=0
W (27739824) DIAG: mic i2s: overflow_count=14 (cumulative) read_errors=0 short_reads=0 — check CPU load
I (27739834) DIAG: dsp: fft_count=433405 frames_emitted=108351 rb_timeouts=0 last_fft_us=605
I (27739844) DIAG: imu: epochs=103043 read_errors=0 reinit_attempts=0 reinit_successes=0
I (27739854) DIAG: accel: reads_ok=309129 read_errors=0 fifo_max_hits=103043
I (27739854) DIAG: net: frames_built=131482 build_failures=0 publish_failures=12 cmd_malformed=0 disconnect_reverts=12
I (27739864) DIAG: led: state_changes=465 remote_updates=0 hw_errors=0
W (27739974) kx134: FIFO seen at max capacity (86/86 frames) -- possible dropped samples
I (27739974) kx134: epoch: n=2048 mean_g x=0.975 y=0.065 z=-0.235 max_fifo=86/86
W (27740244) kx134: FIFO seen at max capacity (86/86 frames) -- possible dropped samples
I (27740244) kx134: epoch: n=2048 mean_g x=0.971 y=0.064 z=-0.236 max_fifo=86/86
W (27740514) kx134: FIFO seen at max capacity (86/86 frames) -- possible dropped samples
I (27740514) kx134: epoch: n=2048 mean_g x=0.970 y=0.063 z=-0.237 max_fifo=86/86
E (27740594) esp-tls: [sock=58] select() timeout
E (27740594) transport_base: Failed to open a new connection: 32774
E (27740594) mqtt_client: Error transport connect
W (27740594) link_mqtt: disconnected
W (27740784) kx134: FIFO seen at max capacity (86/86 frames) -- possible dropped samples
I (27740784) kx134: epoch: n=2048 mean_g x=0.972 y=0.063 z=-0.238 max_fifo=86/86
W (27741044) kx134: FIFO seen at max capacity (86/86 frames) -- possible dropped samples
I (27741044) kx134: epoch: n=2048 mean_g x=0.971 y=0.061 z=-0.235 max_fifo=86/86
W (27741314) kx134: FIFO seen at max capacity (86/86 frames) -- possible dropped samples
I (27741314) kx134: epoch: n=2048 mean_g x=0.970 y=0.060 z=-0.236 max_fifo=86/86
W (27741574) kx134: FIFO seen at max capacity (86/86 frames) -- possible dropped samples
I (27741574) kx134: epoch: n=2048 mean_g x=0.975 y=0.064 z=-0.237 max_fifo=86/86
I (27741694) wifi:station: 6a:7e:e2:4c:5b:ab leave, AID = 1, reason = 15, bss_flags is 34245730, bss:0x3fcf7100
I (27741694) wifi:new:<11,2>, old:<11,2>, ap:<11,0>, sta:<11,2>, prof:1, snd_ch_cfg:0x0
W (27741854) kx134: FIFO seen at max capacity (86/86 frames) -- possible dropped samples
I (27741854) kx134: epoch: n=2048 mean_g x=0.972 y=0.061 z=-0.235 max_fifo=86/86
W (27742114) kx134: FIFO seen at max capacity (86/86 frames) -- possible dropped samples
I (27742114) kx134: epoch: n=2048 mean_g x=0.974 y=0.066 z=-0.236 max_fifo=86/86
W (27742384) kx134: FIFO seen at max capacity (86/86 frames) -- possible dropped samples
I (27742384) kx134: epoch: n=2048 mean_g x=0.973 y=0.060 z=-0.234 max_fifo=86/86
W (27742644) kx134: FIFO seen at max capacity (86/86 frames) -- possible dropped samples
I (27742644) kx134: epoch: n=2048 mean_g x=0.972 y=0.057 z=-0.237 max_fifo=86/86
W (27742924) kx134: FIFO seen at max capacity (86/86 frames) -- possible dropped samples
I (27742924) kx134: epoch: n=2048 mean_g x=0.973 y=0.059 z=-0.239 max_fifo=86/86
W (27743184) kx134: FIFO seen at max capacity (86/86 frames) -- possible dropped samples
I (27743184) kx134: epoch: n=2048 mean_g x=0.971 y=0.060 z=-0.235 max_fifo=86/86
W (27743454) kx134: FIFO seen at max capacity (86/86 frames) -- possible dropped samples
I (27743454) kx134: epoch: n=2048 mean_g x=0.972 y=0.064 z=-0.234 max_fifo=86/86
W (27743724) kx134: FIFO seen at max capacity (86/86 frames) -- possible dropped samples
I (27743724) kx134: epoch: n=2048 mean_g x=0.971 y=0.064 z=-0.236 max_fifo=86/86
W (27743984) kx134: FIFO seen at max capacity (86/86 frames) -- possible dropped samples
I (27743984) kx134: epoch: n=2048 mean_g x=0.972 y=0.062 z=-0.238 max_fifo=86/86
W (27744254) kx134: FIFO seen at max capacity (86/86 frames) -- possible dropped samples
I (27744254) kx134: epoch: n=2048 mean_g x=0.973 y=0.066 z=-0.237 max_fifo=86/86
W (27744514) kx134: FIFO seen at max capacity (86/86 frames) -- possible dropped samples
I (27744514) kx134: epoch: n=2048 mean_g x=0.970 y=0.060 z=-0.234 max_fifo=86/86
W (27744784) kx134: FIFO seen at max capacity (86/86 frames) -- possible dropped samples
I (27744784) kx134: epoch: n=2048 mean_g x=0.971 y=0.063 z=-0.235 max_fifo=86/86
W (27745054) kx134: FIFO seen at max capacity (86/86 frames) -- possible dropped samples
I (27745054) kx134: epoch: n=2048 mean_g x=0.970 y=0.063 z=-0.237 max_fifo=86/86
W (27745324) kx134: FIFO seen at max capacity (86/86 frames) -- possible dropped samples
I (27745324) kx134: epoch: n=2048 mean_g x=0.973 y=0.061 z=-0.233 max_fifo=86/86
W (27745584) kx134: FIFO seen at max capacity (86/86 frames) -- possible dropped samples
I (27745584) kx134: epoch: n=2048 mean_g x=0.974 y=0.061 z=-0.236 max_fifo=86/86
W (27745864) kx134: FIFO seen at max capacity (86/86 frames) -- possible dropped samples
I (27745864) kx134: epoch: n=2048 mean_g x=0.969 y=0.063 z=-0.235 max_fifo=86/86
W (27746134) kx134: FIFO seen at max capacity (86/86 frames) -- possible dropped samples
I (27746134) kx134: epoch: n=2048 mean_g x=0.972 y=0.061 z=-0.236 max_fifo=86/86
I (27746154) wifi:new:<11,2>, old:<11,2>, ap:<11,0>, sta:<11,2>, prof:1, snd_ch_cfg:0x0
I (27746164) wifi:station: 6a:7e:e2:4c:5b:ab join, AID=1, bgn, 20
W (27746394) kx134: FIFO seen at max capacity (86/86 frames) -- possible dropped samples
I (27746394) kx134: epoch: n=2048 mean_g x=0.969 y=0.062 z=-0.239 max_fifo=86/86
W (27746664) kx134: FIFO seen at max capacity (86/86 frames) -- possible dropped samples
I (27746664) kx134: epoch: n=2048 mean_g x=0.973 y=0.058 z=-0.235 max_fifo=86/86
W (27746924) kx134: FIFO seen at max capacity (86/86 frames) -- possible dropped samples
I (27746924) kx134: epoch: n=2048 mean_g x=0.974 y=0.063 z=-0.237 max_fifo=86/86
W (27747194) kx134: FIFO seen at max capacity (86/86 frames) -- possible dropped samples
I (27747194) kx134: epoch: n=2048 mean_g x=0.973 y=0.063 z=-0.237 max_fifo=86/86
W (27747454) kx134: FIFO seen at max capacity (86/86 frames) -- possible dropped samples
I (27747454) kx134: epoch: n=2048 mean_g x=0.972 y=0.063 z=-0.238 max_fifo=86/86
W (27747724) kx134: FIFO seen at max capacity (86/86 frames) -- possible dropped samples
I (27747724) kx134: epoch: n=2048 mean_g x=0.971 y=0.065 z=-0.239 max_fifo=86/86
W (27747994) kx134: FIFO seen at max capacity (86/86 frames) -- possible dropped samples
I (27747994) kx134: epoch: n=2048 mean_g x=0.972 y=0.060 z=-0.238 max_fifo=86/86
W (27748264) kx134: FIFO seen at max capacity (86/86 frames) -- possible dropped samples
I (27748264) kx134: epoch: n=2048 mean_g x=0.970 y=0.063 z=-0.236 max_fifo=86/86
W (27748524) kx134: FIFO seen at max capacity (86/86 frames) -- possible dropped samples
I (27748524) kx134: epoch: n=2048 mean_g x=0.970 y=0.066 z=-0.234 max_fifo=86/86
W (27748804) kx134: FIFO seen at max capacity (86/86 frames) -- possible dropped samples
I (27748804) kx134: epoch: n=2048 mean_g x=0.972 y=0.060 z=-0.238 max_fifo=86/86
W (27749074) kx134: FIFO seen at max capacity (86/86 frames) -- possible dropped samples
I (27749074) kx134: epoch: n=2048 mean_g x=0.975 y=0.064 z=-0.238 max_fifo=86/86
W (27749334) kx134: FIFO seen at max capacity (86/86 frames) -- possible dropped samples
I (27749334) kx134: epoch: n=2048 mean_g x=0.969 y=0.064 z=-0.237 max_fifo=86/86
W (27749604) kx134: FIFO seen at max capacity (86/86 frames) -- possible dropped samples
I (27749604) kx134: epoch: n=2048 mean_g x=0.971 y=0.063 z=-0.237 max_fifo=86/86
W (27749874) kx134: FIFO seen at max capacity (86/86 frames) -- possible dropped samples
I (27749874) kx134: epoch: n=2048 mean_g x=0.970 y=0.063 z=-0.233 max_fifo=86/86
W (27750134) kx134: FIFO seen at max capacity (86/86 frames) -- possible dropped samples
I (27750134) kx134: epoch: n=2048 mean_g x=0.973 y=0.061 z=-0.237 max_fifo=86/86
I (27750164) wifi:station: 6a:7e:e2:4c:5b:ab leave, AID = 1, reason = 15, bss_flags is 34245730, bss:0x3fcf7100
I (27750164) wifi:new:<11,2>, old:<11,2>, ap:<11,0>, sta:<11,2>, prof:1, snd_ch_cfg:0x0
W (27750394) kx134: FIFO seen at max capacity (86/86 frames) -- possible dropped samples
I (27750394) kx134: epoch: n=2048 mean_g x=0.973 y=0.069 z=-0.239 max_fifo=86/86
W (27750664) kx134: FIFO seen at max capacity (86/86 frames) -- possible dropped samples
I (27750664) kx134: epoch: n=2048 mean_g x=0.971 y=0.057 z=-0.240 max_fifo=86/86
W (27750934) kx134: FIFO seen at max capacity (86/86 frames) -- possible dropped samples
I (27750934) kx134: epoch: n=2048 mean_g x=0.973 y=0.060 z=-0.238 max_fifo=86/86
W (27751204) kx134: FIFO seen at max capacity (86/86 frames) -- possible dropped samples
I (27751204) kx134: epoch: n=2048 mean_g x=0.973 y=0.061 z=-0.238 max_fifo=86/86
W (27751464) kx134: FIFO seen at max capacity (86/86 frames) -- possible dropped samples
I (27751464) kx134: epoch: n=2048 mean_g x=0.969 y=0.062 z=-0.235 max_fifo=86/86
W (27751744) kx134: FIFO seen at max capacity (86/86 frames) -- possible dropped samples
I (27751744) kx134: epoch: n=2048 mean_g x=0.972 y=0.062 z=-0.238 max_fifo=86/86
W (27752014) kx134: FIFO seen at max capacity (86/86 frames) -- possible dropped samples
I (27752014) kx134: epoch: n=2048 mean_g x=0.971 y=0.059 z=-0.235 max_fifo=86/86
W (27752274) kx134: FIFO seen at max capacity (86/86 frames) -- possible dropped samples
I (27752274) kx134: epoch: n=2048 mean_g x=0.972 y=0.063 z=-0.235 max_fifo=86/86
W (27752544) kx134: FIFO seen at max capacity (86/86 frames) -- possible dropped samples
I (27752544) kx134: epoch: n=2048 mean_g x=0.974 y=0.063 z=-0.236 max_fifo=86/86
W (27752804) kx134: FIFO seen at max capacity (86/86 frames) -- possible dropped samples
I (27752804) kx134: epoch: n=2048 mean_g x=0.970 y=0.060 z=-0.238 max_fifo=86/86
W (27753074) kx134: FIFO seen at max capacity (86/86 frames) -- possible dropped samples
I (27753074) kx134: epoch: n=2048 mean_g x=0.971 y=0.062 z=-0.238 max_fifo=86/86
W (27753334) kx134: FIFO seen at max capacity (86/86 frames) -- possible dropped samples
I (27753334) kx134: epoch: n=2048 mean_g x=0.973 y=0.061 z=-0.237 max_fifo=86/86
E (27753604) esp-tls: [sock=58] select() timeout
E (27753604) transport_base: Failed to open a new connection: 32774
E (27753604) mqtt_client: Error transport connect
W (27753604) link_mqtt: disconnected
W (27753604) kx134: FIFO seen at max capacity (86/86 frames) -- possible dropped samples
I (27753614) kx134: epoch: n=2048 mean_g x=0.971 y=0.061 z=-0.237 max_fifo=86/86
W (27753884) kx134: FIFO seen at max capacity (86/86 frames) -- possible dropped samples
I (27753884) kx134: epoch: n=2048 mean_g x=0.969 y=0.063 z=-0.235 max_fifo=86/86
W (27754154) kx134: FIFO seen at max capacity (86/86 frames) -- possible dropped samples
I (27754154) kx134: epoch: n=2048 mean_g x=0.972 y=0.060 z=-0.234 max_fifo=86/86
W (27754414) kx134: FIFO seen at max capacity (86/86 frames) -- possible dropped samples
I (27754414) kx134: epoch: n=2048 mean_g x=0.972 y=0.058 z=-0.235 max_fifo=86/86
W (27754694) kx134: FIFO seen at max capacity (86/86 frames) -- possible dropped samples
I (27754694) kx134: epoch: n=2048 mean_g x=0.973 y=0.066 z=-0.237 max_fifo=86/86
W (27754964) kx134: FIFO seen at max capacity (86/86 frames) -- possible dropped samples
I (27754964) kx134: epoch: n=2048 mean_g x=0.976 y=0.062 z=-0.237 max_fifo=86/86
W (27755224) kx134: FIFO seen at max capacity (86/86 frames) -- possible dropped samples
I (27755224) kx134: epoch: n=2048 mean_g x=0.974 y=0.065 z=-0.236 max_fifo=86/86
W (27755494) kx134: FIFO seen at max capacity (86/86 frames) -- possible dropped samples
I (27755494) kx134: epoch: n=2048 mean_g x=0.971 y=0.062 z=-0.234 max_fifo=86/86
W (27755764) kx134: FIFO seen at max capacity (86/86 frames) -- possible dropped samples
I (27755764) kx134: epoch: n=2048 mean_g x=0.971 y=0.061 z=-0.236 max_fifo=86/86
W (27756034) kx134: FIFO seen at max capacity (86/86 frames) -- possible dropped samples
I (27756034) kx134: epoch: n=2048 mean_g x=0.972 y=0.063 z=-0.235 max_fifo=86/86
W (27756294) kx134: FIFO seen at max capacity (86/86 frames) -- possible dropped samples
I (27756294) kx134: epoch: n=2048 mean_g x=0.972 y=0.063 z=-0.236 max_fifo=86/86
W (27756574) kx134: FIFO seen at max capacity (86/86 frames) -- possible dropped samples
I (27756574) kx134: epoch: n=2048 mean_g x=0.970 y=0.066 z=-0.237 max_fifo=86/86
W (27756834) kx134: FIFO seen at max capacity (86/86 frames) -- possible dropped samples
I (27756834) kx134: epoch: n=2048 mean_g x=0.973 y=0.063 z=-0.236 max_fifo=86/86
W (27757104) kx134: FIFO seen at max capacity (86/86 frames) -- possible dropped samples
I (27757104) kx134: epoch: n=2048 mean_g x=0.971 y=0.065 z=-0.233 max_fifo=86/86
W (27757374) kx134: FIFO seen at max capacity (86/86 frames) -- possible dropped samples
I (27757374) kx134: epoch: n=2048 mean_g x=0.978 y=0.064 z=-0.234 max_fifo=86/86
W (27757644) kx134: FIFO seen at max capacity (86/86 frames) -- possible dropped samples
I (27757644) kx134: epoch: n=2048 mean_g x=0.975 y=0.064 z=-0.235 max_fifo=86/86
W (27757914) kx134: FIFO seen at max capacity (86/86 frames) -- possible dropped samples
I (27757914) kx134: epoch: n=2048 mean_g x=0.971 y=0.064 z=-0.238 max_fifo=86/86
W (27758174) kx134: FIFO seen at max capacity (86/86 frames) -- possible dropped samples
I (27758174) kx134: epoch: n=2048 mean_g x=0.972 y=0.064 z=-0.238 max_fifo=86/86
I (27758374) wifi:new:<11,2>, old:<11,2>, ap:<11,0>, sta:<11,2>, prof:1, snd_ch_cfg:0x0
I (27758374) wifi:station: 6a:7e:e2:4c:5b:ab join, AID=1, bgn, 20
W (27758464) kx134: FIFO seen at max capacity (86/86 frames) -- possible dropped samples
I (27758464) kx134: epoch: n=2048 mean_g x=0.971 y=0.061 z=-0.236 max_fifo=86/86
W (27758734) kx134: FIFO seen at max capacity (86/86 frames) -- possible dropped samples
I (27758734) kx134: epoch: n=2048 mean_g x=0.973 y=0.060 z=-0.238 max_fifo=86/86
W (27758994) kx134: FIFO seen at max capacity (86/86 frames) -- possible dropped samples
I (27758994) kx134: epoch: n=2048 mean_g x=0.970 y=0.061 z=-0.236 max_fifo=86/86
W (27759264) kx134: FIFO seen at max capacity (86/86 frames) -- possible dropped samples
I (27759264) kx134: epoch: n=2048 mean_g x=0.973 y=0.061 z=-0.235 max_fifo=86/86
W (27759534) kx134: FIFO seen at max capacity (86/86 frames) -- possible dropped samples
I (27759534) kx134: epoch: n=2048 mean_g x=0.975 y=0.061 z=-0.235 max_fifo=86/86
W (27759794) kx134: FIFO seen at max capacity (86/86 frames) -- possible dropped samples
I (27759794) kx134: epoch: n=2048 mean_g x=0.973 y=0.062 z=-0.236 max_fifo=86/86
W (27760054) kx134: FIFO seen at max capacity (86/86 frames) -- possible dropped samples
I (27760054) kx134: epoch: n=2048 mean_g x=0.973 y=0.063 z=-0.238 max_fifo=86/86
W (27760324) kx134: FIFO seen at max capacity (86/86 frames) -- possible dropped samples
I (27760324) kx134: epoch: n=2048 mean_g x=0.972 y=0.064 z=-0.238 max_fifo=86/86
W (27760594) kx134: FIFO seen at max capacity (86/86 frames) -- possible dropped samples
I (27760594) kx134: epoch: n=2048 mean_g x=0.973 y=0.062 z=-0.239 max_fifo=86/86
W (27760864) kx134: FIFO seen at max capacity (86/86 frames) -- possible dropped samples
I (27760864) kx134: epoch: n=2048 mean_g x=0.975 y=0.062 z=-0.237 max_fifo=86/86
W (27761124) kx134: FIFO seen at max capacity (86/86 frames) -- possible dropped samples
I (27761124) kx134: epoch: n=2048 mean_g x=0.968 y=0.064 z=-0.238 max_fifo=86/86
W (27761404) kx134: FIFO seen at max capacity (86/86 frames) -- possible dropped samples
I (27761404) kx134: epoch: n=2048 mean_g x=0.974 y=0.062 z=-0.235 max_fifo=86/86
W (27761674) kx134: FIFO seen at max capacity (86/86 frames) -- possible dropped samples
I (27761674) kx134: epoch: n=2048 mean_g x=0.970 y=0.061 z=-0.234 max_fifo=86/86
W (27761934) kx134: FIFO seen at max capacity (86/86 frames) -- possible dropped samples
I (27761934) kx134: epoch: n=2048 mean_g x=0.972 y=0.062 z=-0.235 max_fifo=86/86
W (27762204) kx134: FIFO seen at max capacity (86/86 frames) -- possible dropped samples
I (27762204) kx134: epoch: n=2048 mean_g x=0.971 y=0.062 z=-0.237 max_fifo=86/86
I (27762384) wifi:station: 6a:7e:e2:4c:5b:ab leave, AID = 1, reason = 15, bss_flags is 34245730, bss:0x3fcf7100
I (27762384) wifi:new:<11,2>, old:<11,2>, ap:<11,0>, sta:<11,2>, prof:1, snd_ch_cfg:0x0
W (27762464) kx134: FIFO seen at max capacity (86/86 frames) -- possible dropped samples
I (27762464) kx134: epoch: n=2048 mean_g x=0.971 y=0.063 z=-0.237 max_fifo=86/86
W (27762734) kx134: FIFO seen at max capacity (86/86 frames) -- possible dropped samples
I (27762734) kx134: epoch: n=2048 mean_g x=0.972 y=0.061 z=-0.234 max_fifo=86/86
I (27762914) wifi:new:<11,2>, old:<11,2>, ap:<11,0>, sta:<11,2>, prof:1, snd_ch_cfg:0x0
I (27762914) wifi:station: 6a:7e:e2:4c:5b:ab join, AID=1, bgn, 20
W (27763004) kx134: FIFO seen at max capacity (86/86 frames) -- possible dropped samples
I (27763004) kx134: epoch: n=2048 mean_g x=0.971 y=0.059 z=-0.236 max_fifo=86/86
W (27763264) kx134: FIFO seen at max capacity (86/86 frames) -- possible dropped samples
I (27763264) kx134: epoch: n=2048 mean_g x=0.973 y=0.061 z=-0.236 max_fifo=86/86
W (27763534) kx134: FIFO seen at max capacity (86/86 frames) -- possible dropped samples
I (27763534) kx134: epoch: n=2048 mean_g x=0.972 y=0.063 z=-0.236 max_fifo=86/86
W (27763804) kx134: FIFO seen at max capacity (86/86 frames) -- possible dropped samples
I (27763804) kx134: epoch: n=2048 mean_g x=0.972 y=0.062 z=-0.237 max_fifo=86/86
W (27764064) kx134: FIFO seen at max capacity (86/86 frames) -- possible dropped samples
I (27764064) kx134: epoch: n=2048 mean_g x=0.972 y=0.059 z=-0.237 max_fifo=86/86
W (27764344) kx134: FIFO seen at max capacity (86/86 frames) -- possible dropped samples
I (27764344) kx134: epoch: n=2048 mean_g x=0.974 y=0.060 z=-0.236 max_fifo=86/86
W (27764604) kx134: FIFO seen at max capacity (86/86 frames) -- possible dropped samples
I (27764604) kx134: epoch: n=2048 mean_g x=0.971 y=0.059 z=-0.236 max_fifo=86/86
W (27764874) kx134: FIFO seen at max capacity (86/86 frames) -- possible dropped samples
I (27764874) kx134: epoch: n=2048 mean_g x=0.971 y=0.060 z=-0.233 max_fifo=86/86
W (27765144) kx134: FIFO seen at max capacity (86/86 frames) -- possible dropped samples
I (27765144) kx134: epoch: n=2048 mean_g x=0.971 y=0.058 z=-0.234 max_fifo=86/86
W (27765404) kx134: FIFO seen at max capacity (86/86 frames) -- possible dropped samples
I (27765404) kx134: epoch: n=2048 mean_g x=0.972 y=0.061 z=-0.235 max_fifo=86/86
W (27765674) kx134: FIFO seen at max capacity (86/86 frames) -- possible dropped samples
I (27765674) kx134: epoch: n=2048 mean_g x=0.976 y=0.059 z=-0.235 max_fifo=86/86
W (27765934) kx134: FIFO seen at max capacity (86/86 frames) -- possible dropped samples
I (27765934) kx134: epoch: n=2048 mean_g x=0.972 y=0.063 z=-0.236 max_fifo=86/86
W (27766204) kx134: FIFO seen at max capacity (86/86 frames) -- possible dropped samples
I (27766204) kx134: epoch: n=2048 mean_g x=0.971 y=0.062 z=-0.236 max_fifo=86/86
W (27766474) kx134: FIFO seen at max capacity (86/86 frames) -- possible dropped samples
I (27766474) kx134: epoch: n=2048 mean_g x=0.973 y=0.062 z=-0.235 max_fifo=86/86
E (27766614) esp-tls: [sock=58] select() timeout
E (27766614) transport_base: Failed to open a new connection: 32774
E (27766614) mqtt_client: Error transport connect
W (27766614) link_mqtt: disconnected
W (27766754) kx134: FIFO seen at max capacity (86/86 frames) -- possible dropped samples
I (27766754) kx134: epoch: n=2048 mean_g x=0.970 y=0.057 z=-0.236 max_fifo=86/86
I (27766924) wifi:station: 6a:7e:e2:4c:5b:ab leave, AID = 1, reason = 15, bss_flags is 34245730, bss:0x3fcf7100
I (27766924) wifi:new:<11,2>, old:<11,2>, ap:<11,0>, sta:<11,2>, prof:1, snd_ch_cfg:0x0
W (27767024) kx134: FIFO seen at max capacity (86/86 frames) -- possible dropped samples
I (27767024) kx134: epoch: n=2048 mean_g x=0.971 y=0.062 z=-0.239 max_fifo=86/86
W (27767304) kx134: FIFO seen at max capacity (86/86 frames) -- possible dropped samples
I (27767304) kx134: epoch: n=2048 mean_g x=0.971 y=0.062 z=-0.235 max_fifo=86/86
I (27767514) wifi:new:<11,2>, old:<11,2>, ap:<11,0>, sta:<11,2>, prof:1, snd_ch_cfg:0x0
I (27767514) wifi:station: 6a:7e:e2:4c:5b:ab join, AID=1, bgn, 20
W (27767574) kx134: FIFO seen at max capacity (86/86 frames) -- possible dropped samples
I (27767574) kx134: epoch: n=2048 mean_g x=0.969 y=0.058 z=-0.236 max_fifo=86/86
W (27767834) kx134: FIFO seen at max capacity (86/86 frames) -- possible dropped samples
I (27767834) kx134: epoch: n=2048 mean_g x=0.972 y=0.059 z=-0.234 max_fifo=86/86
W (27768104) kx134: FIFO seen at max capacity (86/86 frames) -- possible dropped samples
I (27768104) kx134: epoch: n=2048 mean_g x=0.971 y=0.061 z=-0.236 max_fifo=86/86
W (27768374) kx134: FIFO seen at max capacity (86/86 frames) -- possible dropped samples
I (27768374) kx134: epoch: n=2048 mean_g x=0.971 y=0.061 z=-0.236 max_fifo=86/86
W (27768644) kx134: FIFO seen at max capacity (86/86 frames) -- possible dropped samples
I (27768644) kx134: epoch: n=2048 mean_g x=0.970 y=0.064 z=-0.240 max_fifo=86/86
W (27768904) kx134: FIFO seen at max capacity (86/86 frames) -- possible dropped samples
I (27768904) kx134: epoch: n=2048 mean_g x=0.971 y=0.060 z=-0.239 max_fifo=86/86
W (27769184) kx134: FIFO seen at max capacity (86/86 frames) -- possible dropped samples
I (27769184) kx134: epoch: n=2048 mean_g x=0.971 y=0.061 z=-0.236 max_fifo=86/86
W (27769444) kx134: FIFO seen at max capacity (86/86 frames) -- possible dropped samples
I (27769444) kx134: epoch: n=2048 mean_g x=0.975 y=0.062 z=-0.235 max_fifo=86/86
W (27769714) kx134: FIFO seen at max capacity (86/86 frames) -- possible dropped samples
I (27769714) kx134: epoch: n=2048 mean_g x=0.976 y=0.064 z=-0.238 max_fifo=86/86
I (27769874) DIAG: Stack HWM (bytes free): mic=7204 dsp=4120 rgb=1920 imu=1580 diag=684
I (27769874) DIAG: CPU runtime:
diag           	106034022		5%
IDLE0          	4027114505		201%
IDLE1          	1470164352		73%
rgb_led        	46640255		2%
net            	1657088252		82%
tiT            	214281822		10%
wifi_prov      	579499		<1%
imu_task       	4133624880		206%
dsp_task       	360788752		18%
mqtt_task      	26532586		1%
mic_task       	231673792		11%
main           	157574		<1%
ipc0           	37885		<1%
Tmr Svc        	17		<1%
dns_captive    	54		<1%
sys_evt        	1037592		<1%
esp_timer      	14203360		<1%
wifi           	297630572		14%
httpd          	589		<1%
ipc1           	50730		<1%

I (27769924) DIAG: Heap free: internal=1292 largest_free=768 PSRAM=8209812 IRAM=0
I (27769934) DIAG: wifi: connects=3 disconnects=447 retry_cnt=0
I (27769934) DIAG: mqtt: connects=12 disconnects=768 publishes=86767 publish_failures=12 cmds_received=0
I (27769944) DIAG: wifi_prov: state=2 provisioning_entries=1 recovery_entries=1 recovery_successes=0
I (27769954) DIAG: mic: blocks_ok=433876 capture_failures=0 rb_drops=0
W (27769964) DIAG: mic i2s: overflow_count=14 (cumulative) read_errors=0 short_reads=0 — check CPU load
W (27769984) kx134: FIFO seen at max capacity (86/86 frames) -- possible dropped samples
I (27769984) kx134: epoch: n=2048 mean_g x=0.972 y=0.061 z=-0.235 max_fifo=86/86
I (27770014) DIAG: dsp: fft_count=433877 frames_emitted=108469 rb_timeouts=0 last_fft_us=605
I (27770014) DIAG: imu: epochs=103156 read_errors=0 reinit_attempts=0 reinit_successes=0
I (27770014) DIAG: accel: reads_ok=309468 read_errors=0 fifo_max_hits=103156
I (27770024) DIAG: net: frames_built=131626 build_failures=0 publish_failures=12 cmd_malformed=0 disconnect_reverts=12
I (27770034) DIAG: led: state_changes=465 remote_updates=0 hw_errors=0
W (27770254) kx134: FIFO seen at max capacity (86/86 frames) -- possible dropped samples
I (27770254) kx134: epoch: n=2048 mean_g x=0.973 y=0.059 z=-0.237 max_fifo=86/86
W (27770514) kx134: FIFO seen at max capacity (86/86 frames) -- possible dropped samples
I (27770514) kx134: epoch: n=2048 mean_g x=0.970 y=0.064 z=-0.234 max_fifo=86/86
W (27770774) kx134: FIFO seen at max capacity (86/86 frames) -- possible dropped samples
I (27770774) kx134: epoch: n=2048 mean_g x=0.971 y=0.065 z=-0.236 max_fifo=86/86
W (27771044) kx134: FIFO seen at max capacity (86/86 frames) -- possible dropped samples
I (27771044) kx134: epoch: n=2048 mean_g x=0.973 y=0.061 z=-0.236 max_fifo=86/86
W (27771314) kx134: FIFO seen at max capacity (86/86 frames) -- possible dropped samples
I (27771314) kx134: epoch: n=2048 mean_g x=0.971 y=0.062 z=-0.237 max_fifo=86/86
I (27771524) wifi:station: 6a:7e:e2:4c:5b:ab leave, AID = 1, reason = 15, bss_flags is 34245730, bss:0x3fcf7100
I (27771524) wifi:new:<11,2>, old:<11,2>, ap:<11,0>, sta:<11,2>, prof:1, snd_ch_cfg:0x0
W (27771594) kx134: FIFO seen at max capacity (86/86 frames) -- possible dropped samples
I (27771594) kx134: epoch: n=2048 mean_g x=0.974 y=0.065 z=-0.236 max_fifo=86/86
W (27771844) kx134: FIFO seen at max capacity (86/86 frames) -- possible dropped samples
I (27771844) kx134: epoch: n=2048 mean_g x=0.971 y=0.062 z=-0.238 max_fifo=86/86
I (27772074) wifi:new:<11,2>, old:<11,2>, ap:<11,0>, sta:<11,2>, prof:1, snd_ch_cfg:0x0
I (27772074) wifi:station: 6a:7e:e2:4c:5b:ab join, AID=1, bgn, 20
W (27772074) wifi:m f assoc rsp l=122

W (27772134) kx134: FIFO seen at max capacity (86/86 frames) -- possible dropped samples
I (27772134) kx134: epoch: n=2048 mean_g x=0.971 y=0.063 z=-0.236 max_fifo=86/86
W (27772404) kx134: FIFO seen at max capacity (86/86 frames) -- possible dropped samples
I (27772404) kx134: epoch: n=2048 mean_g x=0.969 y=0.065 z=-0.234 max_fifo=86/86
I (27772514) wifi:new:<11,2>, old:<11,2>, ap:<11,0>, sta:<11,2>, prof:1, snd_ch_cfg:0x0
I (27772514) wifi:station: 6a:7e:e2:4c:5b:ab join, AID=1, bgn, 20
W (27772514) wifi:m f assoc rsp l=122

W (27772674) kx134: FIFO seen at max capacity (86/86 frames) -- possible dropped samples
I (27772674) kx134: epoch: n=2048 mean_g x=0.973 y=0.062 z=-0.238 max_fifo=86/86
I (27772914) wifi:new:<11,2>, old:<11,2>, ap:<11,0>, sta:<11,2>, prof:1, snd_ch_cfg:0x0
I (27772914) wifi:station: 6a:7e:e2:4c:5b:ab join, AID=1, bgn, 20
W (27772914) wifi:m f assoc rsp l=122

W (27772934) kx134: FIFO seen at max capacity (86/86 frames) -- possible dropped samples
I (27772944) kx134: epoch: n=2048 mean_g x=0.969 y=0.063 z=-0.237 max_fifo=86/86
W (27773204) kx134: FIFO seen at max capacity (86/86 frames) -- possible dropped samples
I (27773204) kx134: epoch: n=2048 mean_g x=0.970 y=0.060 z=-0.234 max_fifo=86/86
I (27773324) wifi:new:<11,2>, old:<11,2>, ap:<11,0>, sta:<11,2>, prof:1, snd_ch_cfg:0x0
I (27773324) wifi:station: 6a:7e:e2:4c:5b:ab join, AID=1, bgn, 20
W (27773334) wifi:m f assoc rsp l=122

W (27773484) kx134: FIFO seen at max capacity (86/86 frames) -- possible dropped samples
I (27773484) kx134: epoch: n=2048 mean_g x=0.973 y=0.060 z=-0.236 max_fifo=86/86
W (27773734) kx134: FIFO seen at max capacity (86/86 frames) -- possible dropped samples
I (27773734) kx134: epoch: n=2048 mean_g x=0.974 y=0.062 z=-0.236 max_fifo=86/86
I (27773744) wifi:new:<11,2>, old:<11,2>, ap:<11,0>, sta:<11,2>, prof:1, snd_ch_cfg:0x0
I (27773744) wifi:station: 6a:7e:e2:4c:5b:ab join, AID=1, bgn, 20
W (27773754) wifi:m f assoc rsp l=122

W (27774024) kx134: FIFO seen at max capacity (86/86 frames) -- possible dropped samples
I (27774024) kx134: epoch: n=2048 mean_g x=0.971 y=0.063 z=-0.237 max_fifo=86/86
W (27774294) kx134: FIFO seen at max capacity (86/86 frames) -- possible dropped samples
I (27774294) kx134: epoch: n=2048 mean_g x=0.971 y=0.065 z=-0.239 max_fifo=86/86
W (27774554) kx134: FIFO seen at max capacity (86/86 frames) -- possible dropped samples
I (27774554) kx134: epoch: n=2048 mean_g x=0.971 y=0.061 z=-0.236 max_fifo=86/86
W (27774824) kx134: FIFO seen at max capacity (86/86 frames) -- possible dropped samples
I (27774824) kx134: epoch: n=2048 mean_g x=0.974 y=0.064 z=-0.235 max_fifo=86/86
I (27774974) wifi:new:<11,2>, old:<11,2>, ap:<11,0>, sta:<11,2>, prof:1, snd_ch_cfg:0x0
I (27774974) wifi:station: 6a:7e:e2:4c:5b:ab join, AID=1, bgn, 20
W (27774984) wifi:m f assoc rsp l=122

W (27775084) kx134: FIFO seen at max capacity (86/86 frames) -- possible dropped samples
I (27775084) kx134: epoch: n=2048 mean_g x=0.972 y=0.063 z=-0.233 max_fifo=86/86
W (27775354) kx134: FIFO seen at max capacity (86/86 frames) -- possible dropped samples
I (27775364) kx134: epoch: n=2048 mean_g x=0.973 y=0.061 z=-0.236 max_fifo=86/86
I (27775394) wifi:new:<11,2>, old:<11,2>, ap:<11,0>, sta:<11,2>, prof:1, snd_ch_cfg:0x0
I (27775394) wifi:station: 6a:7e:e2:4c:5b:ab join, AID=1, bgn, 20
W (27775404) wifi:m f assoc rsp l=122

W (27775624) kx134: FIFO seen at max capacity (86/86 frames) -- possible dropped samples
I (27775624) kx134: epoch: n=2048 mean_g x=0.977 y=0.059 z=-0.236 max_fifo=86/86
I (27775814) wifi:new:<11,2>, old:<11,2>, ap:<11,0>, sta:<11,2>, prof:1, snd_ch_cfg:0x0
I (27775814) wifi:station: 6a:7e:e2:4c:5b:ab join, AID=1, bgn, 20
W (27775814) wifi:m f assoc rsp l=122

W (27775904) kx134: FIFO seen at max capacity (86/86 frames) -- possible dropped samples
I (27775904) kx134: epoch: n=2048 mean_g x=0.975 y=0.061 z=-0.236 max_fifo=86/86
W (27776174) kx134: FIFO seen at max capacity (86/86 frames) -- possible dropped samples
I (27776174) kx134: epoch: n=2048 mean_g x=0.972 y=0.062 z=-0.235 max_fifo=86/86
I (27776234) wifi:new:<11,2>, old:<11,2>, ap:<11,0>, sta:<11,2>, prof:1, snd_ch_cfg:0x0
I (27776234) wifi:station: 6a:7e:e2:4c:5b:ab join, AID=1, bgn, 20
W (27776244) wifi:m f assoc rsp l=122

W (27776444) kx134: FIFO seen at max capacity (86/86 frames) -- possible dropped samples
I (27776444) kx134: epoch: n=2048 mean_g x=0.972 y=0.063 z=-0.237 max_fifo=86/86
I (27776654) wifi:new:<11,2>, old:<11,2>, ap:<11,0>, sta:<11,2>, prof:1, snd_ch_cfg:0x0
I (27776654) wifi:station: 6a:7e:e2:4c:5b:ab join, AID=1, bgn, 20
W (27776654) wifi:m f assoc rsp l=122

W (27776724) kx134: FIFO seen at max capacity (86/86 frames) -- possible dropped samples
I (27776724) kx134: epoch: n=2048 mean_g x=0.971 y=0.062 z=-0.236 max_fifo=86/86
W (27776984) kx134: FIFO seen at max capacity (86/86 frames) -- possible dropped samples
I (27776984) kx134: epoch: n=2048 mean_g x=0.970 y=0.063 z=-0.237 max_fifo=86/86
W (27777244) kx134: FIFO seen at max capacity (86/86 frames) -- possible dropped samples
I (27777244) kx134: epoch: n=2048 mean_g x=0.975 y=0.059 z=-0.234 max_fifo=86/86
W (27777504) kx134: FIFO seen at max capacity (86/86 frames) -- possible dropped samples
I (27777504) kx134: epoch: n=2048 mean_g x=0.971 y=0.062 z=-0.232 max_fifo=86/86
W (27777774) kx134: FIFO seen at max capacity (86/86 frames) -- possible dropped samples
I (27777774) kx134: epoch: n=2048 mean_g x=0.969 y=0.065 z=-0.235 max_fifo=86/86
W (27778044) kx134: FIFO seen at max capacity (86/86 frames) -- possible dropped samples
I (27778044) kx134: epoch: n=2048 mean_g x=0.972 y=0.066 z=-0.238 max_fifo=86/86
W (27778314) kx134: FIFO seen at max capacity (86/86 frames) -- possible dropped samples
I (27778314) kx134: epoch: n=2048 mean_g x=0.969 y=0.063 z=-0.236 max_fifo=86/86
W (27778574) kx134: FIFO seen at max capacity (86/86 frames) -- possible dropped samples
I (27778574) kx134: epoch: n=2048 mean_g x=0.972 y=0.061 z=-0.235 max_fifo=86/86
W (27778854) kx134: FIFO seen at max capacity (86/86 frames) -- possible dropped samples
I (27778854) kx134: epoch: n=2048 mean_g x=0.974 y=0.062 z=-0.237 max_fifo=86/86
W (27779114) kx134: FIFO seen at max capacity (86/86 frames) -- possible dropped samples
I (27779114) kx134: epoch: n=2048 mean_g x=0.974 y=0.062 z=-0.238 max_fifo=86/86
W (27779384) kx134: FIFO seen at max capacity (86/86 frames) -- possible dropped samples
I (27779394) kx134: epoch: n=2048 mean_g x=0.971 y=0.061 z=-0.236 max_fifo=86/86
E (27779624) esp-tls: [sock=58] select() timeout
E (27779624) transport_base: Failed to open a new connection: 32774
E (27779624) mqtt_client: Error transport connect
W (27779624) link_mqtt: disconnected
W (27779654) kx134: FIFO seen at max capacity (86/86 frames) -- possible dropped samples
I (27779654) kx134: epoch: n=2048 mean_g x=0.970 y=0.064 z=-0.237 max_fifo=86/86
W (27779934) kx134: FIFO seen at max capacity (86/86 frames) -- possible dropped samples
I (27779934) kx134: epoch: n=2048 mean_g x=0.970 y=0.063 z=-0.239 max_fifo=86/86
W (27780204) kx134: FIFO seen at max capacity (86/86 frames) -- possible dropped samples
I (27780204) kx134: epoch: n=2048 mean_g x=0.970 y=0.065 z=-0.236 max_fifo=86/86
W (27780464) kx134: FIFO seen at max capacity (86/86 frames) -- possible dropped samples
I (27780464) kx134: epoch: n=2048 mean_g x=0.971 y=0.064 z=-0.236 max_fifo=86/86
I (27780684) wifi:station: 6a:7e:e2:4c:5b:ab leave, AID = 1, reason = 15, bss_flags is 34245730, bss:0x3fcf7100
I (27780684) wifi:new:<11,2>, old:<11,2>, ap:<11,0>, sta:<11,2>, prof:1, snd_ch_cfg:0x0
W (27780754) kx134: FIFO seen at max capacity (86/86 frames) -- possible dropped samples
I (27780754) kx134: epoch: n=2048 mean_g x=0.974 y=0.062 z=-0.236 max_fifo=86/86
W (27781024) kx134: FIFO seen at max capacity (86/86 frames) -- possible dropped samples
I (27781024) kx134: epoch: n=2048 mean_g x=0.971 y=0.063 z=-0.237 max_fifo=86/86
W (27781284) kx134: FIFO seen at max capacity (86/86 frames) -- possible dropped samples
I (27781284) kx134: epoch: n=2048 mean_g x=0.969 y=0.069 z=-0.236 max_fifo=86/86
W (27781554) kx134: FIFO seen at max capacity (86/86 frames) -- possible dropped samples
I (27781554) kx134: epoch: n=2048 mean_g x=0.972 y=0.062 z=-0.238 max_fifo=86/86
W (27781824) kx134: FIFO seen at max capacity (86/86 frames) -- possible dropped samples
I (27781824) kx134: epoch: n=2048 mean_g x=0.975 y=0.064 z=-0.238 max_fifo=86/86
W (27782094) kx134: FIFO seen at max capacity (86/86 frames) -- possible dropped samples
I (27782094) kx134: epoch: n=2048 mean_g x=0.971 y=0.059 z=-0.235 max_fifo=86/86
W (27782354) kx134: FIFO seen at max capacity (86/86 frames) -- possible dropped samples
I (27782354) kx134: epoch: n=2048 mean_g x=0.969 y=0.063 z=-0.237 max_fifo=86/86
W (27782634) kx134: FIFO seen at max capacity (86/86 frames) -- possible dropped samples
I (27782634) kx134: epoch: n=2048 mean_g x=0.973 y=0.064 z=-0.240 max_fifo=86/86
W (27782894) kx134: FIFO seen at max capacity (86/86 frames) -- possible dropped samples
I (27782894) kx134: epoch: n=2048 mean_g x=0.972 y=0.063 z=-0.238 max_fifo=86/86
W (27783164) kx134: FIFO seen at max capacity (86/86 frames) -- possible dropped samples
I (27783164) kx134: epoch: n=2048 mean_g x=0.972 y=0.061 z=-0.235 max_fifo=86/86
W (27783434) kx134: FIFO seen at max capacity (86/86 frames) -- possible dropped samples
I (27783434) kx134: epoch: n=2048 mean_g x=0.971 y=0.062 z=-0.239 max_fifo=86/86
W (27783694) kx134: FIFO seen at max capacity (86/86 frames) -- possible dropped samples
I (27783694) kx134: epoch: n=2048 mean_g x=0.972 y=0.063 z=-0.237 max_fifo=86/86
W (27783964) kx134: FIFO seen at max capacity (86/86 frames) -- possible dropped samples
I (27783964) kx134: epoch: n=2048 mean_g x=0.971 y=0.062 z=-0.234 max_fifo=86/86
W (27784224) kx134: FIFO seen at max capacity (86/86 frames) -- possible dropped samples
I (27784224) kx134: epoch: n=2048 mean_g x=0.973 y=0.060 z=-0.237 max_fifo=86/86
W (27784494) kx134: FIFO seen at max capacity (86/86 frames) -- possible dropped samples
I (27784494) kx134: epoch: n=2048 mean_g x=0.973 y=0.061 z=-0.239 max_fifo=86/86
W (27784764) kx134: FIFO seen at max capacity (86/86 frames) -- possible dropped samples
I (27784764) kx134: epoch: n=2048 mean_g x=0.975 y=0.062 z=-0.237 max_fifo=86/86
W (27785034) kx134: FIFO seen at max capacity (86/86 frames) -- possible dropped samples
I (27785034) kx134: epoch: n=2048 mean_g x=0.969 y=0.063 z=-0.238 max_fifo=86/86
W (27785294) kx134: FIFO seen at max capacity (86/86 frames) -- possible dropped samples
I (27785294) kx134: epoch: n=2048 mean_g x=0.970 y=0.059 z=-0.239 max_fifo=86/86
W (27785574) kx134: FIFO seen at max capacity (86/86 frames) -- possible dropped samples
I (27785574) kx134: epoch: n=2048 mean_g x=0.971 y=0.061 z=-0.238 max_fifo=86/86
W (27785834) kx134: FIFO seen at max capacity (86/86 frames) -- possible dropped samples
I (27785834) kx134: epoch: n=2048 mean_g x=0.970 y=0.062 z=-0.233 max_fifo=86/86
W (27786104) kx134: FIFO seen at max capacity (86/86 frames) -- possible dropped samples
I (27786104) kx134: epoch: n=2048 mean_g x=0.971 y=0.060 z=-0.236 max_fifo=86/86
W (27786374) kx134: FIFO seen at max capacity (86/86 frames) -- possible dropped samples
I (27786374) kx134: epoch: n=2048 mean_g x=0.970 y=0.061 z=-0.237 max_fifo=86/86
W (27786634) kx134: FIFO seen at max capacity (86/86 frames) -- possible dropped samples
I (27786634) kx134: epoch: n=2048 mean_g x=0.975 y=0.059 z=-0.235 max_fifo=86/86
W (27786904) kx134: FIFO seen at max capacity (86/86 frames) -- possible dropped samples
I (27786904) kx134: epoch: n=2048 mean_g x=0.971 y=0.065 z=-0.236 max_fifo=86/86
W (27787164) kx134: FIFO seen at max capacity (86/86 frames) -- possible dropped samples
I (27787164) kx134: epoch: n=2048 mean_g x=0.971 y=0.064 z=-0.233 max_fifo=86/86
W (27787434) kx134: FIFO seen at max capacity (86/86 frames) -- possible dropped samples
I (27787434) kx134: epoch: n=2048 mean_g x=0.971 y=0.063 z=-0.235 max_fifo=86/86
W (27787704) kx134: FIFO seen at max capacity (86/86 frames) -- possible dropped samples
I (27787704) kx134: epoch: n=2048 mean_g x=0.975 y=0.061 z=-0.237 max_fifo=86/86
W (27787974) kx134: FIFO seen at max capacity (86/86 frames) -- possible dropped samples
I (27787974) kx134: epoch: n=2048 mean_g x=0.971 y=0.065 z=-0.238 max_fifo=86/86
W (27788234) kx134: FIFO seen at max capacity (86/86 frames) -- possible dropped samples
I (27788234) kx134: epoch: n=2048 mean_g x=0.973 y=0.065 z=-0.236 max_fifo=86/86
W (27788514) kx134: FIFO seen at max capacity (86/86 frames) -- possible dropped samples
I (27788514) kx134: epoch: n=2048 mean_g x=0.971 y=0.064 z=-0.239 max_fifo=86/86
W (27788774) kx134: FIFO seen at max capacity (86/86 frames) -- possible dropped samples
I (27788774) kx134: epoch: n=2048 mean_g x=0.971 y=0.063 z=-0.238 max_fifo=86/86
W (27789044) kx134: FIFO seen at max capacity (86/86 frames) -- possible dropped samples
I (27789044) kx134: epoch: n=2048 mean_g x=0.971 y=0.060 z=-0.234 max_fifo=86/86
W (27789314) kx134: FIFO seen at max capacity (86/86 frames) -- possible dropped samples
I (27789314) kx134: epoch: n=2048 mean_g x=0.973 y=0.065 z=-0.237 max_fifo=86/86
W (27789584) kx134: FIFO seen at max capacity (86/86 frames) -- possible dropped samples
I (27789584) kx134: epoch: n=2048 mean_g x=0.972 y=0.063 z=-0.235 max_fifo=86/86
W (27789854) kx134: FIFO seen at max capacity (86/86 frames) -- possible dropped samples
I (27789854) kx134: epoch: n=2048 mean_g x=0.972 y=0.061 z=-0.236 max_fifo=86/86
W (27790104) kx134: FIFO seen at max capacity (86/86 frames) -- possible dropped samples
I (27790104) kx134: epoch: n=2048 mean_g x=0.973 y=0.063 z=-0.236 max_fifo=86/86
W (27790374) kx134: FIFO seen at max capacity (86/86 frames) -- possible dropped samples
I (27790374) kx134: epoch: n=2048 mean_g x=0.971 y=0.064 z=-0.235 max_fifo=86/86
W (27790644) kx134: FIFO seen at max capacity (86/86 frames) -- possible dropped samples
I (27790644) kx134: epoch: n=2048 mean_g x=0.972 y=0.067 z=-0.235 max_fifo=86/86
W (27790914) kx134: FIFO seen at max capacity (86/86 frames) -- possible dropped samples
I (27790914) kx134: epoch: n=2048 mean_g x=0.974 y=0.060 z=-0.237 max_fifo=86/86
W (27791174) kx134: FIFO seen at max capacity (86/86 frames) -- possible dropped samples
I (27791174) kx134: epoch: n=2048 mean_g x=0.970 y=0.062 z=-0.237 max_fifo=86/86
W (27791454) kx134: FIFO seen at max capacity (86/86 frames) -- possible dropped samples
I (27791454) kx134: epoch: n=2048 mean_g x=0.972 y=0.061 z=-0.239 max_fifo=86/86
W (27791724) kx134: FIFO seen at max capacity (86/86 frames) -- possible dropped samples
I (27791724) kx134: epoch: n=2048 mean_g x=0.970 y=0.062 z=-0.238 max_fifo=86/86
W (27791984) kx134: FIFO seen at max capacity (86/86 frames) -- possible dropped samples
I (27791984) kx134: epoch: n=2048 mean_g x=0.972 y=0.064 z=-0.237 max_fifo=86/86
W (27792254) kx134: FIFO seen at max capacity (86/86 frames) -- possible dropped samples
I (27792254) kx134: epoch: n=2048 mean_g x=0.972 y=0.064 z=-0.238 max_fifo=86/86
W (27792514) kx134: FIFO seen at max capacity (86/86 frames) -- possible dropped samples
I (27792514) kx134: epoch: n=2048 mean_g x=0.969 y=0.064 z=-0.236 max_fifo=86/86
E (27792634) esp-tls: [sock=58] select() timeout
E (27792634) transport_base: Failed to open a new connection: 32774
E (27792634) mqtt_client: Error transport connect
W (27792634) link_mqtt: disconnected
W (27792784) kx134: FIFO seen at max capacity (86/86 frames) -- possible dropped samples
I (27792784) kx134: epoch: n=2048 mean_g x=0.970 y=0.061 z=-0.239 max_fifo=86/86
W (27793044) kx134: FIFO seen at max capacity (86/86 frames) -- possible dropped samples
I (27793044) kx134: epoch: n=2048 mean_g x=0.968 y=0.063 z=-0.234 max_fifo=86/86
W (27793314) kx134: FIFO seen at max capacity (86/86 frames) -- possible dropped samples
I (27793314) kx134: epoch: n=2048 mean_g x=0.969 y=0.064 z=-0.234 max_fifo=86/86
W (27793584) kx134: FIFO seen at max capacity (86/86 frames) -- possible dropped samples
I (27793584) kx134: epoch: n=2048 mean_g x=0.971 y=0.059 z=-0.236 max_fifo=86/86
W (27793854) kx134: FIFO seen at max capacity (86/86 frames) -- possible dropped samples
I (27793854) kx134: epoch: n=2048 mean_g x=0.973 y=0.061 z=-0.237 max_fifo=86/86
W (27794114) kx134: FIFO seen at max capacity (86/86 frames) -- possible dropped samples
I (27794114) kx134: epoch: n=2048 mean_g x=0.972 y=0.061 z=-0.234 max_fifo=86/86
W (27794394) kx134: FIFO seen at max capacity (86/86 frames) -- possible dropped samples
I (27794394) kx134: epoch: n=2048 mean_g x=0.974 y=0.061 z=-0.240 max_fifo=86/86
W (27794654) kx134: FIFO seen at max capacity (86/86 frames) -- possible dropped samples
I (27794654) kx134: epoch: n=2048 mean_g x=0.971 y=0.062 z=-0.234 max_fifo=86/86
W (27794924) kx134: FIFO seen at max capacity (86/86 frames) -- possible dropped samples
I (27794924) kx134: epoch: n=2048 mean_g x=0.970 y=0.061 z=-0.236 max_fifo=86/86
W (27795194) kx134: FIFO seen at max capacity (86/86 frames) -- possible dropped samples
I (27795194) kx134: epoch: n=2048 mean_g x=0.971 y=0.065 z=-0.234 max_fifo=86/86
W (27795454) kx134: FIFO seen at max capacity (86/86 frames) -- possible dropped samples
I (27795454) kx134: epoch: n=2048 mean_g x=0.968 y=0.062 z=-0.236 max_fifo=86/86
W (27795724) kx134: FIFO seen at max capacity (86/86 frames) -- possible dropped samples
I (27795724) kx134: epoch: n=2048 mean_g x=0.972 y=0.065 z=-0.235 max_fifo=86/86
W (27795984) kx134: FIFO seen at max capacity (86/86 frames) -- possible dropped samples
I (27795984) kx134: epoch: n=2048 mean_g x=0.971 y=0.064 z=-0.237 max_fifo=86/86
W (27796254) kx134: FIFO seen at max capacity (86/86 frames) -- possible dropped samples
I (27796254) kx134: epoch: n=2048 mean_g x=0.970 y=0.066 z=-0.234 max_fifo=86/86
W (27796524) kx134: FIFO seen at max capacity (86/86 frames) -- possible dropped samples
I (27796524) kx134: epoch: n=2048 mean_g x=0.973 y=0.061 z=-0.235 max_fifo=86/86
W (27796794) kx134: FIFO seen at max capacity (86/86 frames) -- possible dropped samples
I (27796794) kx134: epoch: n=2048 mean_g x=0.973 y=0.064 z=-0.235 max_fifo=86/86
W (27797054) kx134: FIFO seen at max capacity (86/86 frames) -- possible dropped samples
I (27797054) kx134: epoch: n=2048 mean_g x=0.970 y=0.061 z=-0.236 max_fifo=86/86
W (27797334) kx134: FIFO seen at max capacity (86/86 frames) -- possible dropped samples
I (27797334) kx134: epoch: n=2048 mean_g x=0.970 y=0.064 z=-0.238 max_fifo=86/86
W (27797594) kx134: FIFO seen at max capacity (86/86 frames) -- possible dropped samples
I (27797604) kx134: epoch: n=2048 mean_g x=0.975 y=0.063 z=-0.238 max_fifo=86/86
W (27797864) kx134: FIFO seen at max capacity (86/86 frames) -- possible dropped samples
I (27797864) kx134: epoch: n=2048 mean_g x=0.973 y=0.064 z=-0.236 max_fifo=86/86
W (27798134) kx134: FIFO seen at max capacity (86/86 frames) -- possible dropped samples
I (27798134) kx134: epoch: n=2048 mean_g x=0.973 y=0.065 z=-0.238 max_fifo=86/86
W (27798394) kx134: FIFO seen at max capacity (86/86 frames) -- possible dropped samples
I (27798394) kx134: epoch: n=2048 mean_g x=0.972 y=0.062 z=-0.235 max_fifo=86/86
W (27798664) kx134: FIFO seen at max capacity (86/86 frames) -- possible dropped samples
I (27798664) kx134: epoch: n=2048 mean_g x=0.973 y=0.061 z=-0.239 max_fifo=86/86
W (27798924) kx134: FIFO seen at max capacity (86/86 frames) -- possible dropped samples
I (27798924) kx134: epoch: n=2048 mean_g x=0.969 y=0.064 z=-0.235 max_fifo=86/86
W (27799194) kx134: FIFO seen at max capacity (86/86 frames) -- possible dropped samples
I (27799194) kx134: epoch: n=2048 mean_g x=0.975 y=0.060 z=-0.235 max_fifo=86/86
W (27799464) kx134: FIFO seen at max capacity (86/86 frames) -- possible dropped samples
I (27799464) kx134: epoch: n=2048 mean_g x=0.972 y=0.065 z=-0.239 max_fifo=86/86
W (27799734) kx134: FIFO seen at max capacity (86/86 frames) -- possible dropped samples
I (27799734) kx134: epoch: n=2048 mean_g x=0.971 y=0.062 z=-0.236 max_fifo=86/86
W (27799994) kx134: FIFO seen at max capacity (86/86 frames) -- possible dropped samples
I (27799994) kx134: epoch: n=2048 mean_g x=0.969 y=0.060 z=-0.236 max_fifo=86/86
I (27800044) DIAG: Stack HWM (bytes free): mic=7204 dsp=4120 rgb=1920 imu=1580 diag=684
I (27800044) DIAG: CPU runtime:
rgb_led        	46791858		2%
diag           	106152387		5%
IDLE0          	4050167104		199%
IDLE1          	1499787208		73%
imu_task       	4138164163		203%
net            	1658840753		81%
tiT            	214324596		10%
wifi_prov      	580374		<1%
dsp_task       	361181902		17%
mqtt_task      	26550291		1%
mic_task       	231927853		11%
main           	157574		<1%
Tmr Svc        	17		<1%
dns_captive    	54		<1%
sys_evt        	1037592		<1%
httpd          	589		<1%
esp_timer      	14239150		<1%
wifi           	297987722		14%
ipc1           	50730		<1%
ipc0           	37885		<1%

I (27800044) wifi:new:<11,2>, old:<11,2>, ap:<11,0>, sta:<11,2>, prof:1, snd_ch_cfg:0x0
I (27800104) wifi:station: 6a:7e:e2:4c:5b:ab join, AID=1, bgn, 20
I (27800114) DIAG: Heap free: internal=1404 largest_free=768 PSRAM=8209812 IRAM=0
I (27800114) DIAG: wifi: connects=3 disconnects=447 retry_cnt=0
I (27800124) DIAG: mqtt: connects=12 disconnects=770 publishes=86767 publish_failures=12 cmds_received=0
I (27800134) DIAG: wifi_prov: state=2 provisioning_entries=1 recovery_entries=1 recovery_successes=0
I (27800134) DIAG: mic: blocks_ok=434347 capture_failures=0 rb_drops=0
W (27800144) DIAG: mic i2s: overflow_count=14 (cumulative) read_errors=0 short_reads=0 — check CPU load
I (27800154) DIAG: dsp: fft_count=434348 frames_emitted=108587 rb_timeouts=0 last_fft_us=605
I (27800164) DIAG: imu: epochs=103268 read_errors=0 reinit_attempts=0 reinit_successes=0
I (27800174) DIAG: accel: reads_ok=309804 read_errors=0 fifo_max_hits=103268
I (27800174) DIAG: net: frames_built=131769 build_failures=0 publish_failures=12 cmd_malformed=0 disconnect_reverts=12
I (27800184) DIAG: led: state_changes=465 remote_updates=0 hw_errors=0
W (27800274) kx134: FIFO seen at max capacity (86/86 frames) -- possible dropped samples
I (27800274) kx134: epoch: n=2048 mean_g x=0.971 y=0.059 z=-0.237 max_fifo=86/86
W (27800544) kx134: FIFO seen at max capacity (86/86 frames) -- possible dropped samples
I (27800544) kx134: epoch: n=2048 mean_g x=0.971 y=0.059 z=-0.234 max_fifo=86/86
W (27800804) kx134: FIFO seen at max capacity (86/86 frames) -- possible dropped samples
I (27800804) kx134: epoch: n=2048 mean_g x=0.974 y=0.060 z=-0.237 max_fifo=86/86
W (27801074) kx134: FIFO seen at max capacity (86/86 frames) -- possible dropped samples
I (27801074) kx134: epoch: n=2048 mean_g x=0.971 y=0.062 z=-0.236 max_fifo=86/86
W (27801344) kx134: FIFO seen at max capacity (86/86 frames) -- possible dropped samples
I (27801344) kx134: epoch: n=2048 mean_g x=0.969 y=0.065 z=-0.235 max_fifo=86/86
W (27801614) kx134: FIFO seen at max capacity (86/86 frames) -- possible dropped samples
I (27801614) kx134: epoch: n=2048 mean_g x=0.971 y=0.065 z=-0.238 max_fifo=86/86
W (27801874) kx134: FIFO seen at max capacity (86/86 frames) -- possible dropped samples
I (27801874) kx134: epoch: n=2048 mean_g x=0.969 y=0.062 z=-0.236 max_fifo=86/86
W (27802154) kx134: FIFO seen at max capacity (86/86 frames) -- possible dropped samples
I (27802154) kx134: epoch: n=2048 mean_g x=0.972 y=0.063 z=-0.234 max_fifo=86/86
W (27802424) kx134: FIFO seen at max capacity (86/86 frames) -- possible dropped samples
I (27802424) kx134: epoch: n=2048 mean_g x=0.971 y=0.060 z=-0.236 max_fifo=86/86
W (27802694) kx134: FIFO seen at max capacity (86/86 frames) -- possible dropped samples
I (27802694) kx134: epoch: n=2048 mean_g x=0.973 y=0.059 z=-0.235 max_fifo=86/86
W (27802964) kx134: FIFO seen at max capacity (86/86 frames) -- possible dropped samples
I (27802964) kx134: epoch: n=2048 mean_g x=0.974 y=0.062 z=-0.238 max_fifo=86/86
W (27803224) kx134: FIFO seen at max capacity (86/86 frames) -- possible dropped samples
I (27803224) kx134: epoch: n=2048 mean_g x=0.973 y=0.064 z=-0.239 max_fifo=86/86
W (27803494) kx134: FIFO seen at max capacity (86/86 frames) -- possible dropped samples
I (27803494) kx134: epoch: n=2048 mean_g x=0.973 y=0.066 z=-0.235 max_fifo=86/86
W (27803754) kx134: FIFO seen at max capacity (86/86 frames) -- possible dropped samples
I (27803754) kx134: epoch: n=2048 mean_g x=0.973 y=0.062 z=-0.237 max_fifo=86/86
W (27804024) kx134: FIFO seen at max capacity (86/86 frames) -- possible dropped samples
I (27804024) kx134: epoch: n=2048 mean_g x=0.975 y=0.063 z=-0.237 max_fifo=86/86
I (27804114) wifi:station: 6a:7e:e2:4c:5b:ab leave, AID = 1, reason = 15, bss_flags is 34245730, bss:0x3fcf7100
I (27804114) wifi:new:<11,2>, old:<11,2>, ap:<11,0>, sta:<11,2>, prof:1, snd_ch_cfg:0x0
W (27804294) kx134: FIFO seen at max capacity (86/86 frames) -- possible dropped samples
I (27804294) kx134: epoch: n=2048 mean_g x=0.972 y=0.066 z=-0.239 max_fifo=86/86
W (27804564) kx134: FIFO seen at max capacity (86/86 frames) -- possible dropped samples
I (27804564) kx134: epoch: n=2048 mean_g x=0.973 y=0.065 z=-0.236 max_fifo=86/86
I (27804714) wifi:new:<11,2>, old:<11,2>, ap:<11,0>, sta:<11,2>, prof:1, snd_ch_cfg:0x0
I (27804714) wifi:station: 6a:7e:e2:4c:5b:ab join, AID=1, bgn, 20
W (27804824) kx134: FIFO seen at max capacity (86/86 frames) -- possible dropped samples
I (27804824) kx134: epoch: n=2048 mean_g x=0.972 y=0.063 z=-0.237 max_fifo=86/86
W (27805104) kx134: FIFO seen at max capacity (86/86 frames) -- possible dropped samples
I (27805104) kx134: epoch: n=2048 mean_g x=0.970 y=0.068 z=-0.231 max_fifo=86/86
W (27805364) kx134: FIFO seen at max capacity (86/86 frames) -- possible dropped samples
I (27805364) kx134: epoch: n=2048 mean_g x=0.972 y=0.064 z=-0.237 max_fifo=86/86
W (27805634) kx134: FIFO seen at max capacity (86/86 frames) -- possible dropped samples
E (27805644) esp-tls: [sock=58] select() timeout
E (27805644) transport_base: Failed to open a new connection: 32774
E (27805644) mqtt_client: Error transport connect
W (27805654) link_mqtt: disconnected
I (27805654) kx134: epoch: n=2048 mean_g x=0.974 y=0.063 z=-0.237 max_fifo=86/86
W (27805934) kx134: FIFO seen at max capacity (86/86 frames) -- possible dropped samples
I (27805934) kx134: epoch: n=2048 mean_g x=0.972 y=0.062 z=-0.237 max_fifo=86/86
W (27806204) kx134: FIFO seen at max capacity (86/86 frames) -- possible dropped samples
I (27806204) kx134: epoch: n=2048 mean_g x=0.975 y=0.064 z=-0.235 max_fifo=86/86
W (27806474) kx134: FIFO seen at max capacity (86/86 frames) -- possible dropped samples
I (27806474) kx134: epoch: n=2048 mean_g x=0.972 y=0.064 z=-0.238 max_fifo=86/86
W (27806744) kx134: FIFO seen at max capacity (86/86 frames) -- possible dropped samples
I (27806744) kx134: epoch: n=2048 mean_g x=0.969 y=0.064 z=-0.236 max_fifo=86/86
W (27807004) kx134: FIFO seen at max capacity (86/86 frames) -- possible dropped samples
I (27807004) kx134: epoch: n=2048 mean_g x=0.970 y=0.065 z=-0.234 max_fifo=86/86
W (27807274) kx134: FIFO seen at max capacity (86/86 frames) -- possible dropped samples
I (27807274) kx134: epoch: n=2048 mean_g x=0.974 y=0.062 z=-0.236 max_fifo=86/86
W (27807534) kx134: FIFO seen at max capacity (86/86 frames) -- possible dropped samples
I (27807534) kx134: epoch: n=2048 mean_g x=0.971 y=0.059 z=-0.233 max_fifo=86/86
W (27807804) kx134: FIFO seen at max capacity (86/86 frames) -- possible dropped samples
I (27807804) kx134: epoch: n=2048 mean_g x=0.972 y=0.058 z=-0.236 max_fifo=86/86
W (27808074) kx134: FIFO seen at max capacity (86/86 frames) -- possible dropped samples
I (27808074) kx134: epoch: n=2048 mean_g x=0.968 y=0.065 z=-0.235 max_fifo=86/86
W (27808344) kx134: FIFO seen at max capacity (86/86 frames) -- possible dropped samples
I (27808344) kx134: epoch: n=2048 mean_g x=0.973 y=0.061 z=-0.235 max_fifo=86/86
W (27808604) kx134: FIFO seen at max capacity (86/86 frames) -- possible dropped samples
I (27808604) kx134: epoch: n=2048 mean_g x=0.971 y=0.059 z=-0.235 max_fifo=86/86
I (27808724) wifi:station: 6a:7e:e2:4c:5b:ab leave, AID = 1, reason = 15, bss_flags is 34245730, bss:0x3fcf7100
I (27808724) wifi:new:<11,2>, old:<11,2>, ap:<11,0>, sta:<11,2>, prof:1, snd_ch_cfg:0x0
W (27808894) kx134: FIFO seen at max capacity (86/86 frames) -- possible dropped samples
I (27808894) kx134: epoch: n=2048 mean_g x=0.974 y=0.063 z=-0.236 max_fifo=86/86
W (27809154) kx134: FIFO seen at max capacity (86/86 frames) -- possible dropped samples
I (27809154) kx134: epoch: n=2048 mean_g x=0.975 y=0.067 z=-0.234 max_fifo=86/86
I (27809364) wifi:new:<11,2>, old:<11,2>, ap:<11,0>, sta:<11,2>, prof:1, snd_ch_cfg:0x0
I (27809364) wifi:station: 6a:7e:e2:4c:5b:ab join, AID=1, bgn, 20
W (27809414) kx134: FIFO seen at max capacity (86/86 frames) -- possible dropped samples
I (27809414) kx134: epoch: n=2048 mean_g x=0.975 y=0.063 z=-0.236 max_fifo=86/86
W (27809684) kx134: FIFO seen at max capacity (86/86 frames) -- possible dropped samples
I (27809684) kx134: epoch: n=2048 mean_g x=0.968 y=0.064 z=-0.236 max_fifo=86/86
W (27809954) kx134: FIFO seen at max capacity (86/86 frames) -- possible dropped samples
I (27809954) kx134: epoch: n=2048 mean_g x=0.972 y=0.059 z=-0.237 max_fifo=86/86
W (27810214) kx134: FIFO seen at max capacity (86/86 frames) -- possible dropped samples
I (27810214) kx134: epoch: n=2048 mean_g x=0.972 y=0.062 z=-0.239 max_fifo=86/86
W (27810474) kx134: FIFO seen at max capacity (86/86 frames) -- possible dropped samples
I (27810474) kx134: epoch: n=2048 mean_g x=0.973 y=0.063 z=-0.236 max_fifo=86/86
W (27810744) kx134: FIFO seen at max capacity (86/86 frames) -- possible dropped samples
I (27810744) kx134: epoch: n=2048 mean_g x=0.971 y=0.065 z=-0.235 max_fifo=86/86
W (27811014) kx134: FIFO seen at max capacity (86/86 frames) -- possible dropped samples
I (27811014) kx134: epoch: n=2048 mean_g x=0.969 y=0.061 z=-0.235 max_fifo=86/86
W (27811284) kx134: FIFO seen at max capacity (86/86 frames) -- possible dropped samples
I (27811284) kx134: epoch: n=2048 mean_g x=0.972 y=0.064 z=-0.235 max_fifo=86/86
W (27811544) kx134: FIFO seen at max capacity (86/86 frames) -- possible dropped samples
I (27811544) kx134: epoch: n=2048 mean_g x=0.972 y=0.064 z=-0.234 max_fifo=86/86
W (27811824) kx134: FIFO seen at max capacity (86/86 frames) -- possible dropped samples
I (27811824) kx134: epoch: n=2048 mean_g x=0.973 y=0.063 z=-0.237 max_fifo=86/86
W (27812094) kx134: FIFO seen at max capacity (86/86 frames) -- possible dropped samples
I (27812094) kx134: epoch: n=2048 mean_g x=0.968 y=0.064 z=-0.237 max_fifo=86/86
W (27812354) kx134: FIFO seen at max capacity (86/86 frames) -- possible dropped samples
I (27812354) kx134: epoch: n=2048 mean_g x=0.973 y=0.061 z=-0.236 max_fifo=86/86
W (27812624) kx134: FIFO seen at max capacity (86/86 frames) -- possible dropped samples
I (27812624) kx134: epoch: n=2048 mean_g x=0.974 y=0.063 z=-0.235 max_fifo=86/86
W (27812884) kx134: FIFO seen at max capacity (86/86 frames) -- possible dropped samples
I (27812884) kx134: epoch: n=2048 mean_g x=0.974 y=0.060 z=-0.237 max_fifo=86/86
W (27813154) kx134: FIFO seen at max capacity (86/86 frames) -- possible dropped samples
I (27813154) kx134: epoch: n=2048 mean_g x=0.969 y=0.066 z=-0.236 max_fifo=86/86
I (27813364) wifi:station: 6a:7e:e2:4c:5b:ab leave, AID = 1, reason = 15, bss_flags is 34245730, bss:0x3fcf7100
I (27813364) wifi:new:<11,2>, old:<11,2>, ap:<11,0>, sta:<11,2>, prof:1, snd_ch_cfg:0x0
W (27813424) kx134: FIFO seen at max capacity (86/86 frames) -- possible dropped samples
I (27813424) kx134: epoch: n=2048 mean_g x=0.975 y=0.059 z=-0.235 max_fifo=86/86
W (27813684) kx134: FIFO seen at max capacity (86/86 frames) -- possible dropped samples
I (27813684) kx134: epoch: n=2048 mean_g x=0.971 y=0.061 z=-0.237 max_fifo=86/86
W (27813954) kx134: FIFO seen at max capacity (86/86 frames) -- possible dropped samples
I (27813954) kx134: epoch: n=2048 mean_g x=0.971 y=0.063 z=-0.235 max_fifo=86/86
I (27813994) wifi:new:<11,2>, old:<11,2>, ap:<11,0>, sta:<11,2>, prof:1, snd_ch_cfg:0x0
I (27813994) wifi:station: 6a:7e:e2:4c:5b:ab join, AID=1, bgn, 20
W (27814224) kx134: FIFO seen at max capacity (86/86 frames) -- possible dropped samples
I (27814224) kx134: epoch: n=2048 mean_g x=0.974 y=0.064 z=-0.237 max_fifo=86/86
W (27814484) kx134: FIFO seen at max capacity (86/86 frames) -- possible dropped samples
I (27814484) kx134: epoch: n=2048 mean_g x=0.974 y=0.063 z=-0.234 max_fifo=86/86
W (27814764) kx134: FIFO seen at max capacity (86/86 frames) -- possible dropped samples
I (27814764) kx134: epoch: n=2048 mean_g x=0.971 y=0.067 z=-0.236 max_fifo=86/86
W (27815024) kx134: FIFO seen at max capacity (86/86 frames) -- possible dropped samples
I (27815024) kx134: epoch: n=2048 mean_g x=0.975 y=0.065 z=-0.235 max_fifo=86/86
W (27815294) kx134: FIFO seen at max capacity (86/86 frames) -- possible dropped samples
I (27815294) kx134: epoch: n=2048 mean_g x=0.970 y=0.069 z=-0.240 max_fifo=86/86
W (27815564) kx134: FIFO seen at max capacity (86/86 frames) -- possible dropped samples
I (27815564) kx134: epoch: n=2048 mean_g x=0.971 y=0.062 z=-0.239 max_fifo=86/86
W (27815824) kx134: FIFO seen at max capacity (86/86 frames) -- possible dropped samples
I (27815824) kx134: epoch: n=2048 mean_g x=0.970 y=0.064 z=-0.235 max_fifo=86/86
W (27816094) kx134: FIFO seen at max capacity (86/86 frames) -- possible dropped samples
I (27816094) kx134: epoch: n=2048 mean_g x=0.973 y=0.063 z=-0.237 max_fifo=86/86
W (27816354) kx134: FIFO seen at max capacity (86/86 frames) -- possible dropped samples
I (27816354) kx134: epoch: n=2048 mean_g x=0.975 y=0.063 z=-0.236 max_fifo=86/86
W (27816624) kx134: FIFO seen at max capacity (86/86 frames) -- possible dropped samples
I (27816624) kx134: epoch: n=2048 mean_g x=0.972 y=0.063 z=-0.236 max_fifo=86/86
W (27816894) kx134: FIFO seen at max capacity (86/86 frames) -- possible dropped samples
I (27816894) kx134: epoch: n=2048 mean_g x=0.970 y=0.065 z=-0.232 max_fifo=86/86
W (27817164) kx134: FIFO seen at max capacity (86/86 frames) -- possible dropped samples
I (27817164) kx134: epoch: n=2048 mean_g x=0.973 y=0.061 z=-0.236 max_fifo=86/86
W (27817424) kx134: FIFO seen at max capacity (86/86 frames) -- possible dropped samples
I (27817424) kx134: epoch: n=2048 mean_g x=0.971 y=0.064 z=-0.236 max_fifo=86/86
W (27817704) kx134: FIFO seen at max capacity (86/86 frames) -- possible dropped samples
I (27817704) kx134: epoch: n=2048 mean_g x=0.974 y=0.063 z=-0.235 max_fifo=86/86
W (27817964) kx134: FIFO seen at max capacity (86/86 frames) -- possible dropped samples
I (27817964) kx134: epoch: n=2048 mean_g x=0.968 y=0.064 z=-0.237 max_fifo=86/86
I (27818004) wifi:station: 6a:7e:e2:4c:5b:ab leave, AID = 1, reason = 15, bss_flags is 34245730, bss:0x3fcf7100
I (27818004) wifi:new:<11,2>, old:<11,2>, ap:<11,0>, sta:<11,2>, prof:1, snd_ch_cfg:0x0
W (27818234) kx134: FIFO seen at max capacity (86/86 frames) -- possible dropped samples
I (27818234) kx134: epoch: n=2048 mean_g x=0.968 y=0.065 z=-0.235 max_fifo=86/86
W (27818504) kx134: FIFO seen at max capacity (86/86 frames) -- possible dropped samples
I (27818504) kx134: epoch: n=2048 mean_g x=0.973 y=0.062 z=-0.237 max_fifo=86/86
E (27818664) esp-tls: [sock=58] select() timeout
E (27818664) transport_base: Failed to open a new connection: 32774
E (27818664) mqtt_client: Error transport connect
W (27818664) link_mqtt: disconnected
W (27818774) kx134: FIFO seen at max capacity (86/86 frames) -- possible dropped samples
I (27818774) kx134: epoch: n=2048 mean_g x=0.973 y=0.066 z=-0.235 max_fifo=86/86
W (27819044) kx134: FIFO seen at max capacity (86/86 frames) -- possible dropped samples
I (27819044) kx134: epoch: n=2048 mean_g x=0.971 y=0.063 z=-0.237 max_fifo=86/86
W (27819294) kx134: FIFO seen at max capacity (86/86 frames) -- possible dropped samples
I (27819294) kx134: epoch: n=2048 mean_g x=0.970 y=0.065 z=-0.235 max_fifo=86/86
W (27819564) kx134: FIFO seen at max capacity (86/86 frames) -- possible dropped samples
I (27819564) kx134: epoch: n=2048 mean_g x=0.971 y=0.062 z=-0.236 max_fifo=86/86
W (27819834) kx134: FIFO seen at max capacity (86/86 frames) -- possible dropped samples
I (27819834) kx134: epoch: n=2048 mean_g x=0.971 y=0.063 z=-0.239 max_fifo=86/86
W (27820104) kx134: FIFO seen at max capacity (86/86 frames) -- possible dropped samples
I (27820104) kx134: epoch: n=2048 mean_g x=0.970 y=0.064 z=-0.238 max_fifo=86/86
W (27820364) kx134: FIFO seen at max capacity (86/86 frames) -- possible dropped samples
I (27820364) kx134: epoch: n=2048 mean_g x=0.972 y=0.064 z=-0.240 max_fifo=86/86
W (27820644) kx134: FIFO seen at max capacity (86/86 frames) -- possible dropped samples
I (27820644) kx134: epoch: n=2048 mean_g x=0.972 y=0.058 z=-0.238 max_fifo=86/86
W (27820904) kx134: FIFO seen at max capacity (86/86 frames) -- possible dropped samples
I (27820904) kx134: epoch: n=2048 mean_g x=0.972 y=0.059 z=-0.235 max_fifo=86/86
W (27821174) kx134: FIFO seen at max capacity (86/86 frames) -- possible dropped samples
I (27821174) kx134: epoch: n=2048 mean_g x=0.971 y=0.062 z=-0.234 max_fifo=86/86
W (27821444) kx134: FIFO seen at max capacity (86/86 frames) -- possible dropped samples
I (27821444) kx134: epoch: n=2048 mean_g x=0.969 y=0.063 z=-0.236 max_fifo=86/86
W (27821714) kx134: FIFO seen at max capacity (86/86 frames) -- possible dropped samples
I (27821714) kx134: epoch: n=2048 mean_g x=0.975 y=0.060 z=-0.234 max_fifo=86/86
W (27821974) kx134: FIFO seen at max capacity (86/86 frames) -- possible dropped samples
I (27821974) kx134: epoch: n=2048 mean_g x=0.970 y=0.061 z=-0.237 max_fifo=86/86
W (27822234) kx134: FIFO seen at max capacity (86/86 frames) -- possible dropped samples
I (27822234) kx134: epoch: n=2048 mean_g x=0.974 y=0.062 z=-0.241 max_fifo=86/86
W (27822504) kx134: FIFO seen at max capacity (86/86 frames) -- possible dropped samples
I (27822504) kx134: epoch: n=2048 mean_g x=0.967 y=0.060 z=-0.234 max_fifo=86/86
W (27822774) kx134: FIFO seen at max capacity (86/86 frames) -- possible dropped samples
I (27822774) kx134: epoch: n=2048 mean_g x=0.973 y=0.061 z=-0.240 max_fifo=86/86
W (27823044) kx134: FIFO seen at max capacity (86/86 frames) -- possible dropped samples
I (27823044) kx134: epoch: n=2048 mean_g x=0.970 y=0.063 z=-0.239 max_fifo=86/86
W (27823304) kx134: FIFO seen at max capacity (86/86 frames) -- possible dropped samples
I (27823304) kx134: epoch: n=2048 mean_g x=0.975 y=0.064 z=-0.233 max_fifo=86/86
W (27823584) kx134: FIFO seen at max capacity (86/86 frames) -- possible dropped samples
I (27823584) kx134: epoch: n=2048 mean_g x=0.973 y=0.060 z=-0.234 max_fifo=86/86
W (27823854) kx134: FIFO seen at max capacity (86/86 frames) -- possible dropped samples
I (27823854) kx134: epoch: n=2048 mean_g x=0.972 y=0.061 z=-0.237 max_fifo=86/86
W (27824114) kx134: FIFO seen at max capacity (86/86 frames) -- possible dropped samples
I (27824114) kx134: epoch: n=2048 mean_g x=0.973 y=0.063 z=-0.239 max_fifo=86/86
W (27824384) kx134: FIFO seen at max capacity (86/86 frames) -- possible dropped samples
I (27824384) kx134: epoch: n=2048 mean_g x=0.973 y=0.063 z=-0.234 max_fifo=86/86
W (27824644) kx134: FIFO seen at max capacity (86/86 frames) -- possible dropped samples
I (27824644) kx134: epoch: n=2048 mean_g x=0.970 y=0.066 z=-0.235 max_fifo=86/86
W (27824914) kx134: FIFO seen at max capacity (86/86 frames) -- possible dropped samples
I (27824914) kx134: epoch: n=2048 mean_g x=0.974 y=0.061 z=-0.235 max_fifo=86/86
W (27825174) kx134: FIFO seen at max capacity (86/86 frames) -- possible dropped samples
I (27825174) kx134: epoch: n=2048 mean_g x=0.975 y=0.064 z=-0.236 max_fifo=86/86
W (27825444) kx134: FIFO seen at max capacity (86/86 frames) -- possible dropped samples
I (27825444) kx134: epoch: n=2048 mean_g x=0.972 y=0.062 z=-0.235 max_fifo=86/86
W (27825714) kx134: FIFO seen at max capacity (86/86 frames) -- possible dropped samples
I (27825714) kx134: epoch: n=2048 mean_g x=0.974 y=0.061 z=-0.238 max_fifo=86/86
W (27825984) kx134: FIFO seen at max capacity (86/86 frames) -- possible dropped samples
I (27825984) kx134: epoch: n=2048 mean_g x=0.972 y=0.062 z=-0.236 max_fifo=86/86
W (27826244) kx134: FIFO seen at max capacity (86/86 frames) -- possible dropped samples
I (27826244) kx134: epoch: n=2048 mean_g x=0.971 y=0.061 z=-0.237 max_fifo=86/86
W (27826524) kx134: FIFO seen at max capacity (86/86 frames) -- possible dropped samples
I (27826524) kx134: epoch: n=2048 mean_g x=0.972 y=0.064 z=-0.237 max_fifo=86/86
W (27826784) kx134: FIFO seen at max capacity (86/86 frames) -- possible dropped samples
I (27826784) kx134: epoch: n=2048 mean_g x=0.971 y=0.062 z=-0.239 max_fifo=86/86
W (27827054) kx134: FIFO seen at max capacity (86/86 frames) -- possible dropped samples
I (27827054) kx134: epoch: n=2048 mean_g x=0.970 y=0.066 z=-0.238 max_fifo=86/86
W (27827324) kx134: FIFO seen at max capacity (86/86 frames) -- possible dropped samples
I (27827324) kx134: epoch: n=2048 mean_g x=0.969 y=0.063 z=-0.237 max_fifo=86/86
W (27827584) kx134: FIFO seen at max capacity (86/86 frames) -- possible dropped samples
I (27827584) kx134: epoch: n=2048 mean_g x=0.971 y=0.064 z=-0.238 max_fifo=86/86
W (27827854) kx134: FIFO seen at max capacity (86/86 frames) -- possible dropped samples
I (27827854) kx134: epoch: n=2048 mean_g x=0.971 y=0.062 z=-0.236 max_fifo=86/86
W (27828114) kx134: FIFO seen at max capacity (86/86 frames) -- possible dropped samples
I (27828114) kx134: epoch: n=2048 mean_g x=0.973 y=0.062 z=-0.233 max_fifo=86/86
W (27828384) kx134: FIFO seen at max capacity (86/86 frames) -- possible dropped samples
I (27828384) kx134: epoch: n=2048 mean_g x=0.971 y=0.062 z=-0.235 max_fifo=86/86
W (27828654) kx134: FIFO seen at max capacity (86/86 frames) -- possible dropped samples
I (27828654) kx134: epoch: n=2048 mean_g x=0.972 y=0.062 z=-0.238 max_fifo=86/86
W (27828924) kx134: FIFO seen at max capacity (86/86 frames) -- possible dropped samples
I (27828924) kx134: epoch: n=2048 mean_g x=0.971 y=0.061 z=-0.239 max_fifo=86/86
W (27829184) kx134: FIFO seen at max capacity (86/86 frames) -- possible dropped samples
I (27829184) kx134: epoch: n=2048 mean_g x=0.970 y=0.065 z=-0.237 max_fifo=86/86
W (27829464) kx134: FIFO seen at max capacity (86/86 frames) -- possible dropped samples
I (27829464) kx134: epoch: n=2048 mean_g x=0.973 y=0.063 z=-0.237 max_fifo=86/86
W (27829724) kx134: FIFO seen at max capacity (86/86 frames) -- possible dropped samples
I (27829724) kx134: epoch: n=2048 mean_g x=0.974 y=0.061 z=-0.239 max_fifo=86/86
W (27829994) kx134: FIFO seen at max capacity (86/86 frames) -- possible dropped samples
I (27829994) kx134: epoch: n=2048 mean_g x=0.971 y=0.061 z=-0.234 max_fifo=86/86
I (27830194) DIAG: Stack HWM (bytes free): mic=7204 dsp=4120 rgb=1920 imu=1580 diag=684
I (27830194) DIAG: CPU runtime:
rgb_led        	46945319		2%
diag           	106280000		5%
IDLE0          	4073249895		197%
IDLE1          	1529391899		74%
tiT            	214366545		10%
net            	1660580940		80%
wifi_prov      	581253		<1%
imu_task       	4142672121		201%
mqtt_task      	26575094		1%
dsp_task       	361573846		17%
mic_task       	232181875		11%
main           	157574		<1%
dns_captive    	54		<1%
sys_evt        	1037592		<1%
httpd          	589		<1%
ipc1           	50730		<1%
esp_timer      	14277991		<1%
wifi           	298318993		14%
ipc0           	37885		<1%
Tmr Svc        	17		<1%

I (27830244) DIAG: Heap free: internal=3164 largest_free=1280 PSRAM=8209812 IRAM=0
W (27830264) kx134: FIFO seen at max capacity (86/86 frames) -- possible dropped samples
I (27830264) kx134: epoch: n=2048 mean_g x=0.975 y=0.062 z=-0.237 max_fifo=86/86
I (27830294) DIAG: wifi: connects=3 disconnects=447 retry_cnt=0
I (27830294) DIAG: mqtt: connects=12 disconnects=772 publishes=86767 publish_failures=12 cmds_received=0
I (27830294) DIAG: wifi_prov: state=2 provisioning_entries=1 recovery_entries=1 recovery_successes=0
I (27830304) DIAG: mic: blocks_ok=434819 capture_failures=0 rb_drops=0
W (27830304) DIAG: mic i2s: overflow_count=14 (cumulative) read_errors=0 short_reads=0 — check CPU load
I (27830314) DIAG: dsp: fft_count=434819 frames_emitted=108704 rb_timeouts=0 last_fft_us=605
I (27830324) DIAG: imu: epochs=103381 read_errors=0 reinit_attempts=0 reinit_successes=0
I (27830334) DIAG: accel: reads_ok=310143 read_errors=0 fifo_max_hits=103381
I (27830344) DIAG: net: frames_built=131913 build_failures=0 publish_failures=12 cmd_malformed=0 disconnect_reverts=12
I (27830354) DIAG: led: state_changes=465 remote_updates=0 hw_errors=0
W (27830534) kx134: FIFO seen at max capacity (86/86 frames) -- possible dropped samples
I (27830534) kx134: epoch: n=2048 mean_g x=0.973 y=0.063 z=-0.237 max_fifo=86/86
W (27830804) kx134: FIFO seen at max capacity (86/86 frames) -- possible dropped samples
I (27830804) kx134: epoch: n=2048 mean_g x=0.971 y=0.064 z=-0.236 max_fifo=86/86
W (27831064) kx134: FIFO seen at max capacity (86/86 frames) -- possible dropped samples
I (27831064) kx134: epoch: n=2048 mean_g x=0.972 y=0.062 z=-0.234 max_fifo=86/86
W (27831344) kx134: FIFO seen at max capacity (86/86 frames) -- possible dropped samples
I (27831344) kx134: epoch: n=2048 mean_g x=0.971 y=0.063 z=-0.235 max_fifo=86/86
W (27831614) kx134: FIFO seen at max capacity (86/86 frames) -- possible dropped samples
I (27831614) kx134: epoch: n=2048 mean_g x=0.972 y=0.058 z=-0.233 max_fifo=86/86
E (27831674) esp-tls: [sock=58] select() timeout
E (27831674) transport_base: Failed to open a new connection: 32774
E (27831674) mqtt_client: Error transport connect
W (27831674) link_mqtt: disconnected
W (27831884) kx134: FIFO seen at max capacity (86/86 frames) -- possible dropped samples
I (27831884) kx134: epoch: n=2048 mean_g x=0.971 y=0.061 z=-0.238 max_fifo=86/86
W (27832154) kx134: FIFO seen at max capacity (86/86 frames) -- possible dropped samples
I (27832154) kx134: epoch: n=2048 mean_g x=0.975 y=0.060 z=-0.234 max_fifo=86/86
W (27832424) kx134: FIFO seen at max capacity (86/86 frames) -- possible dropped samples
I (27832424) kx134: epoch: n=2048 mean_g x=0.968 y=0.061 z=-0.236 max_fifo=86/86
W (27832684) kx134: FIFO seen at max capacity (86/86 frames) -- possible dropped samples
I (27832684) kx134: epoch: n=2048 mean_g x=0.971 y=0.067 z=-0.236 max_fifo=86/86
W (27832944) kx134: FIFO seen at max capacity (86/86 frames) -- possible dropped samples
I (27832944) kx134: epoch: n=2048 mean_g x=0.973 y=0.056 z=-0.236 max_fifo=86/86
W (27833214) kx134: FIFO seen at max capacity (86/86 frames) -- possible dropped samples
I (27833214) kx134: epoch: n=2048 mean_g x=0.970 y=0.064 z=-0.236 max_fifo=86/86
W (27833484) kx134: FIFO seen at max capacity (86/86 frames) -- possible dropped samples
I (27833484) kx134: epoch: n=2048 mean_g x=0.974 y=0.065 z=-0.238 max_fifo=86/86
W (27833754) kx134: FIFO seen at max capacity (86/86 frames) -- possible dropped samples
I (27833754) kx134: epoch: n=2048 mean_g x=0.977 y=0.060 z=-0.237 max_fifo=86/86
W (27834014) kx134: FIFO seen at max capacity (86/86 frames) -- possible dropped samples
I (27834014) kx134: epoch: n=2048 mean_g x=0.971 y=0.061 z=-0.238 max_fifo=86/86
W (27834294) kx134: FIFO seen at max capacity (86/86 frames) -- possible dropped samples
I (27834294) kx134: epoch: n=2048 mean_g x=0.970 y=0.069 z=-0.234 max_fifo=86/86
W (27834564) kx134: FIFO seen at max capacity (86/86 frames) -- possible dropped samples
I (27834564) kx134: epoch: n=2048 mean_g x=0.972 y=0.065 z=-0.236 max_fifo=86/86
W (27834834) kx134: FIFO seen at max capacity (86/86 frames) -- possible dropped samples
I (27834834) kx134: epoch: n=2048 mean_g x=0.971 y=0.064 z=-0.237 max_fifo=86/86
W (27835094) kx134: FIFO seen at max capacity (86/86 frames) -- possible dropped samples
I (27835094) kx134: epoch: n=2048 mean_g x=0.972 y=0.064 z=-0.236 max_fifo=86/86
W (27835354) kx134: FIFO seen at max capacity (86/86 frames) -- possible dropped samples
I (27835354) kx134: epoch: n=2048 mean_g x=0.971 y=0.065 z=-0.238 max_fifo=86/86
W (27835624) kx134: FIFO seen at max capacity (86/86 frames) -- possible dropped samples
I (27835624) kx134: epoch: n=2048 mean_g x=0.974 y=0.063 z=-0.235 max_fifo=86/86
W (27835884) kx134: FIFO seen at max capacity (86/86 frames) -- possible dropped samples
I (27835884) kx134: epoch: n=2048 mean_g x=0.970 y=0.063 z=-0.236 max_fifo=86/86
W (27836154) kx134: FIFO seen at max capacity (86/86 frames) -- possible dropped samples
I (27836154) kx134: epoch: n=2048 mean_g x=0.971 y=0.059 z=-0.237 max_fifo=86/86
W (27836424) kx134: FIFO seen at max capacity (86/86 frames) -- possible dropped samples
I (27836424) kx134: epoch: n=2048 mean_g x=0.971 y=0.058 z=-0.238 max_fifo=86/86
W (27836694) kx134: FIFO seen at max capacity (86/86 frames) -- possible dropped samples
I (27836694) kx134: epoch: n=2048 mean_g x=0.972 y=0.064 z=-0.239 max_fifo=86/86
W (27836954) kx134: FIFO seen at max capacity (86/86 frames) -- possible dropped samples
I (27836954) kx134: epoch: n=2048 mean_g x=0.972 y=0.067 z=-0.238 max_fifo=86/86
W (27837234) kx134: FIFO seen at max capacity (86/86 frames) -- possible dropped samples
I (27837234) kx134: epoch: n=2048 mean_g x=0.974 y=0.059 z=-0.237 max_fifo=86/86
W (27837494) kx134: FIFO seen at max capacity (86/86 frames) -- possible dropped samples
I (27837494) kx134: epoch: n=2048 mean_g x=0.974 y=0.060 z=-0.238 max_fifo=86/86
W (27837764) kx134: FIFO seen at max capacity (86/86 frames) -- possible dropped samples
I (27837764) kx134: epoch: n=2048 mean_g x=0.971 y=0.062 z=-0.237 max_fifo=86/86
W (27838034) kx134: FIFO seen at max capacity (86/86 frames) -- possible dropped samples
I (27838034) kx134: epoch: n=2048 mean_g x=0.971 y=0.066 z=-0.238 max_fifo=86/86
W (27838294) kx134: FIFO seen at max capacity (86/86 frames) -- possible dropped samples
I (27838294) kx134: epoch: n=2048 mean_g x=0.975 y=0.061 z=-0.238 max_fifo=86/86
W (27838564) kx134: FIFO seen at max capacity (86/86 frames) -- possible dropped samples
I (27838564) kx134: epoch: n=2048 mean_g x=0.973 y=0.063 z=-0.238 max_fifo=86/86
W (27838824) kx134: FIFO seen at max capacity (86/86 frames) -- possible dropped samples
I (27838824) kx134: epoch: n=2048 mean_g x=0.972 y=0.062 z=-0.234 max_fifo=86/86
W (27839094) kx134: FIFO seen at max capacity (86/86 frames) -- possible dropped samples
I (27839094) kx134: epoch: n=2048 mean_g x=0.970 y=0.064 z=-0.236 max_fifo=86/86
W (27839364) kx134: FIFO seen at max capacity (86/86 frames) -- possible dropped samples
I (27839364) kx134: epoch: n=2048 mean_g x=0.974 y=0.062 z=-0.237 max_fifo=86/86
W (27839634) kx134: FIFO seen at max capacity (86/86 frames) -- possible dropped samples
I (27839634) kx134: epoch: n=2048 mean_g x=0.970 y=0.069 z=-0.240 max_fifo=86/86
W (27839894) kx134: FIFO seen at max capacity (86/86 frames) -- possible dropped samples
I (27839894) kx134: epoch: n=2048 mean_g x=0.975 y=0.061 z=-0.237 max_fifo=86/86
W (27840174) kx134: FIFO seen at max capacity (86/86 frames) -- possible dropped samples
I (27840174) kx134: epoch: n=2048 mean_g x=0.970 y=0.066 z=-0.238 max_fifo=86/86
W (27840434) kx134: FIFO seen at max capacity (86/86 frames) -- possible dropped samples
I (27840434) kx134: epoch: n=2048 mean_g x=0.971 y=0.065 z=-0.237 max_fifo=86/86
W (27840704) kx134: FIFO seen at max capacity (86/86 frames) -- possible dropped samples
I (27840704) kx134: epoch: n=2048 mean_g x=0.970 y=0.063 z=-0.236 max_fifo=86/86
W (27840974) kx134: FIFO seen at max capacity (86/86 frames) -- possible dropped samples
I (27840974) kx134: epoch: n=2048 mean_g x=0.974 y=0.063 z=-0.238 max_fifo=86/86
W (27841234) kx134: FIFO seen at max capacity (86/86 frames) -- possible dropped samples
I (27841234) kx134: epoch: n=2048 mean_g x=0.975 y=0.064 z=-0.235 max_fifo=86/86
W (27841504) kx134: FIFO seen at max capacity (86/86 frames) -- possible dropped samples
I (27841504) kx134: epoch: n=2048 mean_g x=0.974 y=0.063 z=-0.238 max_fifo=86/86
W (27841764) kx134: FIFO seen at max capacity (86/86 frames) -- possible dropped samples
I (27841764) kx134: epoch: n=2048 mean_g x=0.972 y=0.065 z=-0.237 max_fifo=86/86
W (27842034) kx134: FIFO seen at max capacity (86/86 frames) -- possible dropped samples
I (27842034) kx134: epoch: n=2048 mean_g x=0.970 y=0.061 z=-0.235 max_fifo=86/86
W (27842304) kx134: FIFO seen at max capacity (86/86 frames) -- possible dropped samples
I (27842304) kx134: epoch: n=2048 mean_g x=0.968 y=0.062 z=-0.236 max_fifo=86/86
W (27842574) kx134: FIFO seen at max capacity (86/86 frames) -- possible dropped samples
I (27842574) kx134: epoch: n=2048 mean_g x=0.971 y=0.066 z=-0.238 max_fifo=86/86
W (27842834) kx134: FIFO seen at max capacity (86/86 frames) -- possible dropped samples
I (27842834) kx134: epoch: n=2048 mean_g x=0.970 y=0.063 z=-0.237 max_fifo=86/86
W (27843114) kx134: FIFO seen at max capacity (86/86 frames) -- possible dropped samples
I (27843114) kx134: epoch: n=2048 mean_g x=0.970 y=0.063 z=-0.236 max_fifo=86/86
W (27843384) kx134: FIFO seen at max capacity (86/86 frames) -- possible dropped samples
I (27843384) kx134: epoch: n=2048 mean_g x=0.972 y=0.065 z=-0.234 max_fifo=86/86
W (27843644) kx134: FIFO seen at max capacity (86/86 frames) -- possible dropped samples
I (27843644) kx134: epoch: n=2048 mean_g x=0.970 y=0.062 z=-0.236 max_fifo=86/86
W (27843914) kx134: FIFO seen at max capacity (86/86 frames) -- possible dropped samples
I (27843914) kx134: epoch: n=2048 mean_g x=0.970 y=0.063 z=-0.237 max_fifo=86/86
W (27844184) kx134: FIFO seen at max capacity (86/86 frames) -- possible dropped samples
I (27844184) kx134: epoch: n=2048 mean_g x=0.975 y=0.063 z=-0.236 max_fifo=86/86
W (27844454) kx134: FIFO seen at max capacity (86/86 frames) -- possible dropped samples
I (27844454) kx134: epoch: n=2048 mean_g x=0.976 y=0.063 z=-0.236 max_fifo=86/86
E (27844684) esp-tls: [sock=58] select() timeout
E (27844684) transport_base: Failed to open a new connection: 32774
E (27844684) mqtt_client: Error transport connect
W (27844684) link_mqtt: disconnected
W (27844724) kx134: FIFO seen at max capacity (86/86 frames) -- possible dropped samples
I (27844724) kx134: epoch: n=2048 mean_g x=0.972 y=0.065 z=-0.236 max_fifo=86/86
W (27845004) kx134: FIFO seen at max capacity (86/86 frames) -- possible dropped samples
I (27845004) kx134: epoch: n=2048 mean_g x=0.971 y=0.062 z=-0.237 max_fifo=86/86
W (27845274) kx134: FIFO seen at max capacity (86/86 frames) -- possible dropped samples
I (27845274) kx134: epoch: n=2048 mean_g x=0.972 y=0.063 z=-0.236 max_fifo=86/86
W (27845534) kx134: FIFO seen at max capacity (86/86 frames) -- possible dropped samples
I (27845534) kx134: epoch: n=2048 mean_g x=0.972 y=0.064 z=-0.232 max_fifo=86/86
W (27845804) kx134: FIFO seen at max capacity (86/86 frames) -- possible dropped samples
I (27845804) kx134: epoch: n=2048 mean_g x=0.970 y=0.064 z=-0.236 max_fifo=86/86
W (27846064) kx134: FIFO seen at max capacity (86/86 frames) -- possible dropped samples
I (27846064) kx134: epoch: n=2048 mean_g x=0.972 y=0.064 z=-0.237 max_fifo=86/86
W (27846334) kx134: FIFO seen at max capacity (86/86 frames) -- possible dropped samples
I (27846334) kx134: epoch: n=2048 mean_g x=0.969 y=0.060 z=-0.237 max_fifo=86/86
W (27846594) kx134: FIFO seen at max capacity (86/86 frames) -- possible dropped samples
I (27846594) kx134: epoch: n=2048 mean_g x=0.978 y=0.062 z=-0.237 max_fifo=86/86
W (27846864) kx134: FIFO seen at max capacity (86/86 frames) -- possible dropped samples
I (27846864) kx134: epoch: n=2048 mean_g x=0.972 y=0.062 z=-0.236 max_fifo=86/86
W (27847134) kx134: FIFO seen at max capacity (86/86 frames) -- possible dropped samples
I (27847134) kx134: epoch: n=2048 mean_g x=0.973 y=0.060 z=-0.233 max_fifo=86/86
W (27847404) kx134: FIFO seen at max capacity (86/86 frames) -- possible dropped samples
I (27847404) kx134: epoch: n=2048 mean_g x=0.969 y=0.062 z=-0.235 max_fifo=86/86
W (27847664) kx134: FIFO seen at max capacity (86/86 frames) -- possible dropped samples
I (27847664) kx134: epoch: n=2048 mean_g x=0.973 y=0.062 z=-0.238 max_fifo=86/86
W (27847944) kx134: FIFO seen at max capacity (86/86 frames) -- possible dropped samples
I (27847944) kx134: epoch: n=2048 mean_g x=0.970 y=0.063 z=-0.237 max_fifo=86/86
W (27848204) kx134: FIFO seen at max capacity (86/86 frames) -- possible dropped samples
I (27848204) kx134: epoch: n=2048 mean_g x=0.974 y=0.060 z=-0.238 max_fifo=86/86
W (27848474) kx134: FIFO seen at max capacity (86/86 frames) -- possible dropped samples
I (27848484) kx134: epoch: n=2048 mean_g x=0.973 y=0.061 z=-0.237 max_fifo=86/86
W (27848744) kx134: FIFO seen at max capacity (86/86 frames) -- possible dropped samples
I (27848744) kx134: epoch: n=2048 mean_g x=0.972 y=0.065 z=-0.236 max_fifo=86/86
W (27849004) kx134: FIFO seen at max capacity (86/86 frames) -- possible dropped samples
I (27849004) kx134: epoch: n=2048 mean_g x=0.972 y=0.062 z=-0.238 max_fifo=86/86
W (27849274) kx134: FIFO seen at max capacity (86/86 frames) -- possible dropped samples
I (27849274) kx134: epoch: n=2048 mean_g x=0.971 y=0.063 z=-0.234 max_fifo=86/86
W (27849544) kx134: FIFO seen at max capacity (86/86 frames) -- possible dropped samples
I (27849544) kx134: epoch: n=2048 mean_g x=0.971 y=0.066 z=-0.237 max_fifo=86/86
W (27849824) kx134: FIFO seen at max capacity (86/86 frames) -- possible dropped samples
I (27849824) kx134: epoch: n=2048 mean_g x=0.972 y=0.063 z=-0.240 max_fifo=86/86
W (27850094) kx134: FIFO seen at max capacity (86/86 frames) -- possible dropped samples
I (27850094) kx134: epoch: n=2048 mean_g x=0.974 y=0.062 z=-0.238 max_fifo=86/86
W (27850364) kx134: FIFO seen at max capacity (86/86 frames) -- possible dropped samples
I (27850364) kx134: epoch: n=2048 mean_g x=0.971 y=0.063 z=-0.236 max_fifo=86/86
W (27850634) kx134: FIFO seen at max capacity (86/86 frames) -- possible dropped samples
I (27850634) kx134: epoch: n=2048 mean_g x=0.968 y=0.065 z=-0.236 max_fifo=86/86
W (27850894) kx134: FIFO seen at max capacity (86/86 frames) -- possible dropped samples
I (27850894) kx134: epoch: n=2048 mean_g x=0.968 y=0.067 z=-0.238 max_fifo=86/86
W (27851164) kx134: FIFO seen at max capacity (86/86 frames) -- possible dropped samples
I (27851164) kx134: epoch: n=2048 mean_g x=0.971 y=0.063 z=-0.240 max_fifo=86/86
W (27851424) kx134: FIFO seen at max capacity (86/86 frames) -- possible dropped samples
I (27851424) kx134: epoch: n=2048 mean_g x=0.974 y=0.062 z=-0.238 max_fifo=86/86
W (27851694) kx134: FIFO seen at max capacity (86/86 frames) -- possible dropped samples
I (27851694) kx134: epoch: n=2048 mean_g x=0.969 y=0.061 z=-0.235 max_fifo=86/86
W (27851964) kx134: FIFO seen at max capacity (86/86 frames) -- possible dropped samples
I (27851964) kx134: epoch: n=2048 mean_g x=0.972 y=0.063 z=-0.234 max_fifo=86/86
W (27852234) kx134: FIFO seen at max capacity (86/86 frames) -- possible dropped samples
I (27852234) kx134: epoch: n=2048 mean_g x=0.972 y=0.061 z=-0.236 max_fifo=86/86
W (27852494) kx134: FIFO seen at max capacity (86/86 frames) -- possible dropped samples
I (27852494) kx134: epoch: n=2048 mean_g x=0.970 y=0.066 z=-0.237 max_fifo=86/86
W (27852774) kx134: FIFO seen at max capacity (86/86 frames) -- possible dropped samples
I (27852774) kx134: epoch: n=2048 mean_g x=0.971 y=0.065 z=-0.239 max_fifo=86/86
W (27853034) kx134: FIFO seen at max capacity (86/86 frames) -- possible dropped samples
I (27853034) kx134: epoch: n=2048 mean_g x=0.974 y=0.059 z=-0.234 max_fifo=86/86
W (27853304) kx134: FIFO seen at max capacity (86/86 frames) -- possible dropped samples
I (27853314) kx134: epoch: n=2048 mean_g x=0.974 y=0.066 z=-0.238 max_fifo=86/86
W (27853574) kx134: FIFO seen at max capacity (86/86 frames) -- possible dropped samples
I (27853574) kx134: epoch: n=2048 mean_g x=0.971 y=0.065 z=-0.238 max_fifo=86/86
W (27853844) kx134: FIFO seen at max capacity (86/86 frames) -- possible dropped samples
I (27853844) kx134: epoch: n=2048 mean_g x=0.972 y=0.067 z=-0.239 max_fifo=86/86
W (27854114) kx134: FIFO seen at max capacity (86/86 frames) -- possible dropped samples
I (27854114) kx134: epoch: n=2048 mean_g x=0.969 y=0.067 z=-0.239 max_fifo=86/86
W (27854364) kx134: FIFO seen at max capacity (86/86 frames) -- possible dropped samples
I (27854364) kx134: epoch: n=2048 mean_g x=0.976 y=0.063 z=-0.235 max_fifo=86/86
W (27854634) kx134: FIFO seen at max capacity (86/86 frames) -- possible dropped samples
I (27854634) kx134: epoch: n=2048 mean_g x=0.970 y=0.061 z=-0.238 max_fifo=86/86
W (27854904) kx134: FIFO seen at max capacity (86/86 frames) -- possible dropped samples
I (27854904) kx134: epoch: n=2048 mean_g x=0.973 y=0.061 z=-0.234 max_fifo=86/86
W (27855174) kx134: FIFO seen at max capacity (86/86 frames) -- possible dropped samples
I (27855174) kx134: epoch: n=2048 mean_g x=0.971 y=0.061 z=-0.237 max_fifo=86/86
W (27855434) kx134: FIFO seen at max capacity (86/86 frames) -- possible dropped samples
I (27855434) kx134: epoch: n=2048 mean_g x=0.976 y=0.060 z=-0.235 max_fifo=86/86
W (27855714) kx134: FIFO seen at max capacity (86/86 frames) -- possible dropped samples
I (27855714) kx134: epoch: n=2048 mean_g x=0.975 y=0.066 z=-0.234 max_fifo=86/86
W (27855984) kx134: FIFO seen at max capacity (86/86 frames) -- possible dropped samples
I (27855984) kx134: epoch: n=2048 mean_g x=0.972 y=0.064 z=-0.234 max_fifo=86/86
W (27856244) kx134: FIFO seen at max capacity (86/86 frames) -- possible dropped samples
I (27856254) kx134: epoch: n=2048 mean_g x=0.973 y=0.063 z=-0.238 max_fifo=86/86
W (27856514) kx134: FIFO seen at max capacity (86/86 frames) -- possible dropped samples
I (27856514) kx134: epoch: n=2048 mean_g x=0.974 y=0.061 z=-0.233 max_fifo=86/86
W (27856774) kx134: FIFO seen at max capacity (86/86 frames) -- possible dropped samples
I (27856774) kx134: epoch: n=2048 mean_g x=0.970 y=0.060 z=-0.233 max_fifo=86/86
W (27857044) kx134: FIFO seen at max capacity (86/86 frames) -- possible dropped samples
I (27857044) kx134: epoch: n=2048 mean_g x=0.971 y=0.064 z=-0.236 max_fifo=86/86
W (27857304) kx134: FIFO seen at max capacity (86/86 frames) -- possible dropped samples
I (27857304) kx134: epoch: n=2048 mean_g x=0.974 y=0.060 z=-0.233 max_fifo=86/86
W (27857574) kx134: FIFO seen at max capacity (86/86 frames) -- possible dropped samples
I (27857574) kx134: epoch: n=2048 mean_g x=0.974 y=0.061 z=-0.236 max_fifo=86/86
E (27857694) esp-tls: [sock=58] select() timeout
E (27857694) transport_base: Failed to open a new connection: 32774
E (27857694) mqtt_client: Error transport connect
W (27857694) link_mqtt: disconnected
W (27857844) kx134: FIFO seen at max capacity (86/86 frames) -- possible dropped samples
I (27857844) kx134: epoch: n=2048 mean_g x=0.970 y=0.067 z=-0.236 max_fifo=86/86
W (27858114) kx134: FIFO seen at max capacity (86/86 frames) -- possible dropped samples
I (27858114) kx134: epoch: n=2048 mean_g x=0.974 y=0.065 z=-0.236 max_fifo=86/86
W (27858374) kx134: FIFO seen at max capacity (86/86 frames) -- possible dropped samples
I (27858374) kx134: epoch: n=2048 mean_g x=0.973 y=0.068 z=-0.236 max_fifo=86/86
W (27858654) kx134: FIFO seen at max capacity (86/86 frames) -- possible dropped samples
I (27858654) kx134: epoch: n=2048 mean_g x=0.973 y=0.062 z=-0.237 max_fifo=86/86
W (27858914) kx134: FIFO seen at max capacity (86/86 frames) -- possible dropped samples
I (27858914) kx134: epoch: n=2048 mean_g x=0.972 y=0.059 z=-0.235 max_fifo=86/86
W (27859194) kx134: FIFO seen at max capacity (86/86 frames) -- possible dropped samples
I (27859194) kx134: epoch: n=2048 mean_g x=0.974 y=0.064 z=-0.235 max_fifo=86/86
W (27859454) kx134: FIFO seen at max capacity (86/86 frames) -- possible dropped samples
I (27859454) kx134: epoch: n=2048 mean_g x=0.970 y=0.062 z=-0.238 max_fifo=86/86
W (27859714) kx134: FIFO seen at max capacity (86/86 frames) -- possible dropped samples
I (27859714) kx134: epoch: n=2048 mean_g x=0.973 y=0.064 z=-0.233 max_fifo=86/86
W (27859984) kx134: FIFO seen at max capacity (86/86 frames) -- possible dropped samples
I (27859984) kx134: epoch: n=2048 mean_g x=0.973 y=0.063 z=-0.237 max_fifo=86/86
W (27860244) kx134: FIFO seen at max capacity (86/86 frames) -- possible dropped samples
I (27860244) kx134: epoch: n=2048 mean_g x=0.972 y=0.062 z=-0.238 max_fifo=86/86
I (27860354) DIAG: Stack HWM (bytes free): mic=7204 dsp=4120 rgb=1920 imu=1580 diag=684
I (27860354) DIAG: CPU runtime:
diag           	106398249		5%
IDLE1          	1559009990		74%
IDLE0          	4096406675		196%
mic_task       	232435434		11%
tiT            	214408990		10%
net            	1662333784		79%
mqtt_task      	26600239		1%
wifi_prov      	582133		<1%
imu_task       	4147205887		198%
dsp_task       	361965944		17%
rgb_led        	47096124		2%
main           	157574		<1%
sys_evt        	1037592		<1%
httpd          	589		<1%
ipc1           	50730		<1%
ipc0           	37885		<1%
esp_timer      	14309105		<1%
wifi           	298564379		14%
Tmr Svc        	17		<1%
dns_captive    	54		<1%

I (27860404) DIAG: Heap free: internal=3744 largest_free=1280 PSRAM=8209980 IRAM=0
I (27860414) DIAG: wifi: connects=3 disconnects=447 retry_cnt=0
I (27860414) DIAG: mqtt: connects=12 disconnects=775 publishes=86767 publish_failures=12 cmds_received=0
I (27860424) DIAG: wifi_prov: state=2 provisioning_entries=1 recovery_entries=1 recovery_successes=0
I (27860434) DIAG: mic: blocks_ok=435289 capture_failures=0 rb_drops=0
W (27860444) DIAG: mic i2s: overflow_count=14 (cumulative) read_errors=0 short_reads=0 — check CPU load
I (27860454) DIAG: dsp: fft_count=435290 frames_emitted=108822 rb_timeouts=0 last_fft_us=605
I (27860464) DIAG: imu: epochs=103493 read_errors=0 reinit_attempts=0 reinit_successes=0
I (27860464) DIAG: accel: reads_ok=310479 read_errors=0 fifo_max_hits=103493
I (27860474) DIAG: net: frames_built=132056 build_failures=0 publish_failures=12 cmd_malformed=0 disconnect_reverts=12
I (27860484) DIAG: led: state_changes=465 remote_updates=0 hw_errors=0
W (27860514) kx134: FIFO seen at max capacity (86/86 frames) -- possible dropped samples
I (27860514) kx134: epoch: n=2048 mean_g x=0.969 y=0.064 z=-0.234 max_fifo=86/86
W (27860784) kx134: FIFO seen at max capacity (86/86 frames) -- possible dropped samples
I (27860784) kx134: epoch: n=2048 mean_g x=0.970 y=0.063 z=-0.238 max_fifo=86/86
W (27861054) kx134: FIFO seen at max capacity (86/86 frames) -- possible dropped samples
I (27861054) kx134: epoch: n=2048 mean_g x=0.973 y=0.062 z=-0.237 max_fifo=86/86
W (27861314) kx134: FIFO seen at max capacity (86/86 frames) -- possible dropped samples
I (27861314) kx134: epoch: n=2048 mean_g x=0.970 y=0.061 z=-0.236 max_fifo=86/86
W (27861594) kx134: FIFO seen at max capacity (86/86 frames) -- possible dropped samples
I (27861594) kx134: epoch: n=2048 mean_g x=0.974 y=0.063 z=-0.231 max_fifo=86/86
W (27861854) kx134: FIFO seen at max capacity (86/86 frames) -- possible dropped samples
I (27861854) kx134: epoch: n=2048 mean_g x=0.972 y=0.064 z=-0.232 max_fifo=86/86
W (27862124) kx134: FIFO seen at max capacity (86/86 frames) -- possible dropped samples
I (27862124) kx134: epoch: n=2048 mean_g x=0.972 y=0.063 z=-0.236 max_fifo=86/86
W (27862394) kx134: FIFO seen at max capacity (86/86 frames) -- possible dropped samples
I (27862394) kx134: epoch: n=2048 mean_g x=0.973 y=0.064 z=-0.235 max_fifo=86/86
W (27862654) kx134: FIFO seen at max capacity (86/86 frames) -- possible dropped samples
I (27862654) kx134: epoch: n=2048 mean_g x=0.974 y=0.064 z=-0.237 max_fifo=86/86
W (27862924) kx134: FIFO seen at max capacity (86/86 frames) -- possible dropped samples
I (27862924) kx134: epoch: n=2048 mean_g x=0.973 y=0.064 z=-0.235 max_fifo=86/86
W (27863184) kx134: FIFO seen at max capacity (86/86 frames) -- possible dropped samples
I (27863184) kx134: epoch: n=2048 mean_g x=0.972 y=0.066 z=-0.237 max_fifo=86/86
W (27863454) kx134: FIFO seen at max capacity (86/86 frames) -- possible dropped samples
I (27863454) kx134: epoch: n=2048 mean_g x=0.972 y=0.064 z=-0.241 max_fifo=86/86
W (27863724) kx134: FIFO seen at max capacity (86/86 frames) -- possible dropped samples
I (27863724) kx134: epoch: n=2048 mean_g x=0.971 y=0.062 z=-0.235 max_fifo=86/86
W (27863994) kx134: FIFO seen at max capacity (86/86 frames) -- possible dropped samples
I (27863994) kx134: epoch: n=2048 mean_g x=0.973 y=0.063 z=-0.240 max_fifo=86/86
W (27864254) kx134: FIFO seen at max capacity (86/86 frames) -- possible dropped samples
I (27864254) kx134: epoch: n=2048 mean_g x=0.971 y=0.065 z=-0.235 max_fifo=86/86
W (27864534) kx134: FIFO seen at max capacity (86/86 frames) -- possible dropped samples
I (27864534) kx134: epoch: n=2048 mean_g x=0.972 y=0.063 z=-0.237 max_fifo=86/86
W (27864794) kx134: FIFO seen at max capacity (86/86 frames) -- possible dropped samples
I (27864794) kx134: epoch: n=2048 mean_g x=0.975 y=0.060 z=-0.235 max_fifo=86/86
W (27865064) kx134: FIFO seen at max capacity (86/86 frames) -- possible dropped samples
I (27865064) kx134: epoch: n=2048 mean_g x=0.968 y=0.062 z=-0.234 max_fifo=86/86
W (27865334) kx134: FIFO seen at max capacity (86/86 frames) -- possible dropped samples
I (27865334) kx134: epoch: n=2048 mean_g x=0.971 y=0.062 z=-0.236 max_fifo=86/86
W (27865604) kx134: FIFO seen at max capacity (86/86 frames) -- possible dropped samples
I (27865604) kx134: epoch: n=2048 mean_g x=0.972 y=0.060 z=-0.234 max_fifo=86/86
W (27865864) kx134: FIFO seen at max capacity (86/86 frames) -- possible dropped samples
I (27865864) kx134: epoch: n=2048 mean_g x=0.969 y=0.065 z=-0.237 max_fifo=86/86
W (27866124) kx134: FIFO seen at max capacity (86/86 frames) -- possible dropped samples
I (27866124) kx134: epoch: n=2048 mean_g x=0.973 y=0.065 z=-0.236 max_fifo=86/86
W (27866394) kx134: FIFO seen at max capacity (86/86 frames) -- possible dropped samples
I (27866394) kx134: epoch: n=2048 mean_g x=0.970 y=0.064 z=-0.234 max_fifo=86/86
W (27866664) kx134: FIFO seen at max capacity (86/86 frames) -- possible dropped samples
I (27866664) kx134: epoch: n=2048 mean_g x=0.972 y=0.066 z=-0.237 max_fifo=86/86
W (27866934) kx134: FIFO seen at max capacity (86/86 frames) -- possible dropped samples
I (27866934) kx134: epoch: n=2048 mean_g x=0.973 y=0.063 z=-0.235 max_fifo=86/86
W (27867194) kx134: FIFO seen at max capacity (86/86 frames) -- possible dropped samples
I (27867194) kx134: epoch: n=2048 mean_g x=0.971 y=0.061 z=-0.233 max_fifo=86/86
W (27867474) kx134: FIFO seen at max capacity (86/86 frames) -- possible dropped samples
I (27867474) kx134: epoch: n=2048 mean_g x=0.970 y=0.061 z=-0.233 max_fifo=86/86
W (27867744) kx134: FIFO seen at max capacity (86/86 frames) -- possible dropped samples
I (27867744) kx134: epoch: n=2048 mean_g x=0.973 y=0.061 z=-0.238 max_fifo=86/86
W (27868004) kx134: FIFO seen at max capacity (86/86 frames) -- possible dropped samples
I (27868004) kx134: epoch: n=2048 mean_g x=0.970 y=0.063 z=-0.237 max_fifo=86/86
W (27868274) kx134: FIFO seen at max capacity (86/86 frames) -- possible dropped samples
I (27868274) kx134: epoch: n=2048 mean_g x=0.971 y=0.066 z=-0.238 max_fifo=86/86
W (27868534) kx134: FIFO seen at max capacity (86/86 frames) -- possible dropped samples
I (27868534) kx134: epoch: n=2048 mean_g x=0.974 y=0.060 z=-0.235 max_fifo=86/86
W (27868804) kx134: FIFO seen at max capacity (86/86 frames) -- possible dropped samples
I (27868804) kx134: epoch: n=2048 mean_g x=0.967 y=0.062 z=-0.234 max_fifo=86/86
W (27869064) kx134: FIFO seen at max capacity (86/86 frames) -- possible dropped samples
I (27869064) kx134: epoch: n=2048 mean_g x=0.970 y=0.066 z=-0.238 max_fifo=86/86
W (27869334) kx134: FIFO seen at max capacity (86/86 frames) -- possible dropped samples
I (27869334) kx134: epoch: n=2048 mean_g x=0.971 y=0.061 z=-0.237 max_fifo=86/86
W (27869604) kx134: FIFO seen at max capacity (86/86 frames) -- possible dropped samples
I (27869604) kx134: epoch: n=2048 mean_g x=0.970 y=0.064 z=-0.235 max_fifo=86/86
W (27869874) kx134: FIFO seen at max capacity (86/86 frames) -- possible dropped samples
I (27869874) kx134: epoch: n=2048 mean_g x=0.974 y=0.063 z=-0.239 max_fifo=86/86
W (27870134) kx134: FIFO seen at max capacity (86/86 frames) -- possible dropped samples
I (27870134) kx134: epoch: n=2048 mean_g x=0.973 y=0.062 z=-0.238 max_fifo=86/86
W (27870414) kx134: FIFO seen at max capacity (86/86 frames) -- possible dropped samples
I (27870414) kx134: epoch: n=2048 mean_g x=0.971 y=0.062 z=-0.238 max_fifo=86/86
W (27870674) kx134: FIFO seen at max capacity (86/86 frames) -- possible dropped samples
I (27870674) kx134: epoch: n=2048 mean_g x=0.973 y=0.062 z=-0.236 max_fifo=86/86
E (27870704) esp-tls: [sock=58] select() timeout
E (27870704) transport_base: Failed to open a new connection: 32774
E (27870704) mqtt_client: Error transport connect
W (27870704) link_mqtt: disconnected
W (27870944) kx134: FIFO seen at max capacity (86/86 frames) -- possible dropped samples
I (27870944) kx134: epoch: n=2048 mean_g x=0.974 y=0.064 z=-0.235 max_fifo=86/86
W (27871214) kx134: FIFO seen at max capacity (86/86 frames) -- possible dropped samples
I (27871214) kx134: epoch: n=2048 mean_g x=0.970 y=0.063 z=-0.234 max_fifo=86/86
W (27871474) kx134: FIFO seen at max capacity (86/86 frames) -- possible dropped samples
I (27871474) kx134: epoch: n=2048 mean_g x=0.971 y=0.066 z=-0.236 max_fifo=86/86
W (27871744) kx134: FIFO seen at max capacity (86/86 frames) -- possible dropped samples
I (27871744) kx134: epoch: n=2048 mean_g x=0.973 y=0.063 z=-0.236 max_fifo=86/86
W (27872004) kx134: FIFO seen at max capacity (86/86 frames) -- possible dropped samples
I (27872004) kx134: epoch: n=2048 mean_g x=0.972 y=0.062 z=-0.233 max_fifo=86/86
W (27872274) kx134: FIFO seen at max capacity (86/86 frames) -- possible dropped samples
I (27872274) kx134: epoch: n=2048 mean_g x=0.971 y=0.063 z=-0.232 max_fifo=86/86
W (27872544) kx134: FIFO seen at max capacity (86/86 frames) -- possible dropped samples
I (27872544) kx134: epoch: n=2048 mean_g x=0.974 y=0.064 z=-0.238 max_fifo=86/86
W (27872814) kx134: FIFO seen at max capacity (86/86 frames) -- possible dropped samples
I (27872814) kx134: epoch: n=2048 mean_g x=0.969 y=0.065 z=-0.239 max_fifo=86/86
W (27873074) kx134: FIFO seen at max capacity (86/86 frames) -- possible dropped samples
I (27873074) kx134: epoch: n=2048 mean_g x=0.973 y=0.067 z=-0.237 max_fifo=86/86
W (27873354) kx134: FIFO seen at max capacity (86/86 frames) -- possible dropped samples
I (27873354) kx134: epoch: n=2048 mean_g x=0.971 y=0.065 z=-0.237 max_fifo=86/86
W (27873624) kx134: FIFO seen at max capacity (86/86 frames) -- possible dropped samples
I (27873624) kx134: epoch: n=2048 mean_g x=0.970 y=0.063 z=-0.240 max_fifo=86/86
W (27873884) kx134: FIFO seen at max capacity (86/86 frames) -- possible dropped samples
I (27873884) kx134: epoch: n=2048 mean_g x=0.972 y=0.061 z=-0.234 max_fifo=86/86
W (27874154) kx134: FIFO seen at max capacity (86/86 frames) -- possible dropped samples
I (27874154) kx134: epoch: n=2048 mean_g x=0.971 y=0.064 z=-0.233 max_fifo=86/86
W (27874414) kx134: FIFO seen at max capacity (86/86 frames) -- possible dropped samples
I (27874414) kx134: epoch: n=2048 mean_g x=0.973 y=0.065 z=-0.236 max_fifo=86/86
W (27874684) kx134: FIFO seen at max capacity (86/86 frames) -- possible dropped samples
I (27874684) kx134: epoch: n=2048 mean_g x=0.970 y=0.062 z=-0.235 max_fifo=86/86
W (27874944) kx134: FIFO seen at max capacity (86/86 frames) -- possible dropped samples
I (27874944) kx134: epoch: n=2048 mean_g x=0.970 y=0.065 z=-0.235 max_fifo=86/86
W (27875214) kx134: FIFO seen at max capacity (86/86 frames) -- possible dropped samples
I (27875214) kx134: epoch: n=2048 mean_g x=0.972 y=0.063 z=-0.234 max_fifo=86/86
W (27875484) kx134: FIFO seen at max capacity (86/86 frames) -- possible dropped samples
I (27875484) kx134: epoch: n=2048 mean_g x=0.972 y=0.064 z=-0.240 max_fifo=86/86
W (27875754) kx134: FIFO seen at max capacity (86/86 frames) -- possible dropped samples
I (27875754) kx134: epoch: n=2048 mean_g x=0.975 y=0.061 z=-0.235 max_fifo=86/86
W (27876014) kx134: FIFO seen at max capacity (86/86 frames) -- possible dropped samples
I (27876014) kx134: epoch: n=2048 mean_g x=0.973 y=0.064 z=-0.236 max_fifo=86/86
W (27876294) kx134: FIFO seen at max capacity (86/86 frames) -- possible dropped samples
I (27876294) kx134: epoch: n=2048 mean_g x=0.970 y=0.066 z=-0.237 max_fifo=86/86
W (27876564) kx134: FIFO seen at max capacity (86/86 frames) -- possible dropped samples
I (27876564) kx134: epoch: n=2048 mean_g x=0.974 y=0.063 z=-0.233 max_fifo=86/86
W (27876824) kx134: FIFO seen at max capacity (86/86 frames) -- possible dropped samples
I (27876824) kx134: epoch: n=2048 mean_g x=0.971 y=0.061 z=-0.232 max_fifo=86/86
W (27877094) kx134: FIFO seen at max capacity (86/86 frames) -- possible dropped samples
I (27877094) kx134: epoch: n=2048 mean_g x=0.971 y=0.067 z=-0.235 max_fifo=86/86
W (27877364) kx134: FIFO seen at max capacity (86/86 frames) -- possible dropped samples
I (27877364) kx134: epoch: n=2048 mean_g x=0.971 y=0.062 z=-0.237 max_fifo=86/86
W (27877634) kx134: FIFO seen at max capacity (86/86 frames) -- possible dropped samples
I (27877634) kx134: epoch: n=2048 mean_g x=0.972 y=0.065 z=-0.236 max_fifo=86/86
W (27877894) kx134: FIFO seen at max capacity (86/86 frames) -- possible dropped samples
I (27877894) kx134: epoch: n=2048 mean_g x=0.973 y=0.060 z=-0.235 max_fifo=86/86
W (27878174) kx134: FIFO seen at max capacity (86/86 frames) -- possible dropped samples
I (27878174) kx134: epoch: n=2048 mean_g x=0.971 y=0.061 z=-0.237 max_fifo=86/86
W (27878444) kx134: FIFO seen at max capacity (86/86 frames) -- possible dropped samples
I (27878444) kx134: epoch: n=2048 mean_g x=0.970 y=0.063 z=-0.232 max_fifo=86/86
W (27878714) kx134: FIFO seen at max capacity (86/86 frames) -- possible dropped samples
I (27878714) kx134: epoch: n=2048 mean_g x=0.975 y=0.062 z=-0.235 max_fifo=86/86
W (27878984) kx134: FIFO seen at max capacity (86/86 frames) -- possible dropped samples
I (27878984) kx134: epoch: n=2048 mean_g x=0.970 y=0.063 z=-0.238 max_fifo=86/86
W (27879244) kx134: FIFO seen at max capacity (86/86 frames) -- possible dropped samples
I (27879244) kx134: epoch: n=2048 mean_g x=0.972 y=0.062 z=-0.235 max_fifo=86/86
W (27879514) kx134: FIFO seen at max capacity (86/86 frames) -- possible dropped samples
I (27879514) kx134: epoch: n=2048 mean_g x=0.972 y=0.062 z=-0.237 max_fifo=86/86
W (27879774) kx134: FIFO seen at max capacity (86/86 frames) -- possible dropped samples
I (27879774) kx134: epoch: n=2048 mean_g x=0.969 y=0.062 z=-0.235 max_fifo=86/86
W (27880044) kx134: FIFO seen at max capacity (86/86 frames) -- possible dropped samples
I (27880044) kx134: epoch: n=2048 mean_g x=0.973 y=0.065 z=-0.238 max_fifo=86/86
W (27880314) kx134: FIFO seen at max capacity (86/86 frames) -- possible dropped samples
I (27880314) kx134: epoch: n=2048 mean_g x=0.972 y=0.063 z=-0.237 max_fifo=86/86
W (27880584) kx134: FIFO seen at max capacity (86/86 frames) -- possible dropped samples
I (27880584) kx134: epoch: n=2048 mean_g x=0.970 y=0.061 z=-0.238 max_fifo=86/86
W (27880844) kx134: FIFO seen at max capacity (86/86 frames) -- possible dropped samples
I (27880844) kx134: epoch: n=2048 mean_g x=0.973 y=0.066 z=-0.238 max_fifo=86/86
W (27881124) kx134: FIFO seen at max capacity (86/86 frames) -- possible dropped samples
I (27881124) kx134: epoch: n=2048 mean_g x=0.968 y=0.061 z=-0.237 max_fifo=86/86
W (27881384) kx134: FIFO seen at max capacity (86/86 frames) -- possible dropped samples
I (27881384) kx134: epoch: n=2048 mean_g x=0.974 y=0.062 z=-0.236 max_fifo=86/86
W (27881654) kx134: FIFO seen at max capacity (86/86 frames) -- possible dropped samples
I (27881664) kx134: epoch: n=2048 mean_g x=0.970 y=0.063 z=-0.236 max_fifo=86/86
W (27881924) kx134: FIFO seen at max capacity (86/86 frames) -- possible dropped samples
I (27881924) kx134: epoch: n=2048 mean_g x=0.970 y=0.064 z=-0.238 max_fifo=86/86
W (27882184) kx134: FIFO seen at max capacity (86/86 frames) -- possible dropped samples
I (27882184) kx134: epoch: n=2048 mean_g x=0.971 y=0.065 z=-0.238 max_fifo=86/86
W (27882454) kx134: FIFO seen at max capacity (86/86 frames) -- possible dropped samples
I (27882454) kx134: epoch: n=2048 mean_g x=0.973 y=0.064 z=-0.236 max_fifo=86/86
W (27882714) kx134: FIFO seen at max capacity (86/86 frames) -- possible dropped samples
I (27882714) kx134: epoch: n=2048 mean_g x=0.972 y=0.063 z=-0.235 max_fifo=86/86
W (27882984) kx134: FIFO seen at max capacity (86/86 frames) -- possible dropped samples
I (27882984) kx134: epoch: n=2048 mean_g x=0.973 y=0.061 z=-0.236 max_fifo=86/86
W (27883254) kx134: FIFO seen at max capacity (86/86 frames) -- possible dropped samples
I (27883254) kx134: epoch: n=2048 mean_g x=0.974 y=0.064 z=-0.237 max_fifo=86/86
W (27883524) kx134: FIFO seen at max capacity (86/86 frames) -- possible dropped samples
I (27883524) kx134: epoch: n=2048 mean_g x=0.971 y=0.062 z=-0.236 max_fifo=86/86
E (27883714) esp-tls: [sock=58] select() timeout
E (27883714) transport_base: Failed to open a new connection: 32774
E (27883714) mqtt_client: Error transport connect
W (27883714) link_mqtt: disconnected
W (27883794) kx134: FIFO seen at max capacity (86/86 frames) -- possible dropped samples
I (27883794) kx134: epoch: n=2048 mean_g x=0.971 y=0.063 z=-0.236 max_fifo=86/86
W (27884074) kx134: FIFO seen at max capacity (86/86 frames) -- possible dropped samples
I (27884074) kx134: epoch: n=2048 mean_g x=0.969 y=0.063 z=-0.238 max_fifo=86/86
W (27884344) kx134: FIFO seen at max capacity (86/86 frames) -- possible dropped samples
I (27884344) kx134: epoch: n=2048 mean_g x=0.971 y=0.063 z=-0.233 max_fifo=86/86
W (27884604) kx134: FIFO seen at max capacity (86/86 frames) -- possible dropped samples
I (27884604) kx134: epoch: n=2048 mean_g x=0.972 y=0.063 z=-0.238 max_fifo=86/86
W (27884874) kx134: FIFO seen at max capacity (86/86 frames) -- possible dropped samples
I (27884874) kx134: epoch: n=2048 mean_g x=0.971 y=0.062 z=-0.236 max_fifo=86/86
W (27885144) kx134: FIFO seen at max capacity (86/86 frames) -- possible dropped samples
I (27885144) kx134: epoch: n=2048 mean_g x=0.971 y=0.063 z=-0.238 max_fifo=86/86
W (27885414) kx134: FIFO seen at max capacity (86/86 frames) -- possible dropped samples
I (27885414) kx134: epoch: n=2048 mean_g x=0.974 y=0.065 z=-0.235 max_fifo=86/86
W (27885674) kx134: FIFO seen at max capacity (86/86 frames) -- possible dropped samples
I (27885674) kx134: epoch: n=2048 mean_g x=0.974 y=0.063 z=-0.233 max_fifo=86/86
W (27885954) kx134: FIFO seen at max capacity (86/86 frames) -- possible dropped samples
I (27885954) kx134: epoch: n=2048 mean_g x=0.974 y=0.063 z=-0.237 max_fifo=86/86
W (27886224) kx134: FIFO seen at max capacity (86/86 frames) -- possible dropped samples
I (27886224) kx134: epoch: n=2048 mean_g x=0.974 y=0.065 z=-0.234 max_fifo=86/86
W (27886484) kx134: FIFO seen at max capacity (86/86 frames) -- possible dropped samples
I (27886484) kx134: epoch: n=2048 mean_g x=0.974 y=0.065 z=-0.236 max_fifo=86/86
W (27886764) kx134: FIFO seen at max capacity (86/86 frames) -- possible dropped samples
I (27886764) kx134: epoch: n=2048 mean_g x=0.973 y=0.062 z=-0.235 max_fifo=86/86
W (27887034) kx134: FIFO seen at max capacity (86/86 frames) -- possible dropped samples
I (27887034) kx134: epoch: n=2048 mean_g x=0.971 y=0.065 z=-0.235 max_fifo=86/86
W (27887304) kx134: FIFO seen at max capacity (86/86 frames) -- possible dropped samples
I (27887304) kx134: epoch: n=2048 mean_g x=0.971 y=0.065 z=-0.235 max_fifo=86/86
W (27887564) kx134: FIFO seen at max capacity (86/86 frames) -- possible dropped samples
I (27887564) kx134: epoch: n=2048 mean_g x=0.972 y=0.063 z=-0.234 max_fifo=86/86
W (27887844) kx134: FIFO seen at max capacity (86/86 frames) -- possible dropped samples
I (27887844) kx134: epoch: n=2048 mean_g x=0.971 y=0.065 z=-0.236 max_fifo=86/86
W (27888114) kx134: FIFO seen at max capacity (86/86 frames) -- possible dropped samples
I (27888114) kx134: epoch: n=2048 mean_g x=0.976 y=0.062 z=-0.238 max_fifo=86/86
W (27888374) kx134: FIFO seen at max capacity (86/86 frames) -- possible dropped samples
I (27888384) kx134: epoch: n=2048 mean_g x=0.973 y=0.060 z=-0.236 max_fifo=86/86
W (27888644) kx134: FIFO seen at max capacity (86/86 frames) -- possible dropped samples
I (27888644) kx134: epoch: n=2048 mean_g x=0.970 y=0.062 z=-0.239 max_fifo=86/86
W (27888904) kx134: FIFO seen at max capacity (86/86 frames) -- possible dropped samples
I (27888904) kx134: epoch: n=2048 mean_g x=0.972 y=0.062 z=-0.239 max_fifo=86/86
W (27889174) kx134: FIFO seen at max capacity (86/86 frames) -- possible dropped samples
I (27889174) kx134: epoch: n=2048 mean_g x=0.975 y=0.060 z=-0.235 max_fifo=86/86
W (27889434) kx134: FIFO seen at max capacity (86/86 frames) -- possible dropped samples
I (27889434) kx134: epoch: n=2048 mean_g x=0.972 y=0.060 z=-0.238 max_fifo=86/86
W (27889704) kx134: FIFO seen at max capacity (86/86 frames) -- possible dropped samples
I (27889704) kx134: epoch: n=2048 mean_g x=0.972 y=0.064 z=-0.237 max_fifo=86/86
W (27889974) kx134: FIFO seen at max capacity (86/86 frames) -- possible dropped samples
I (27889974) kx134: epoch: n=2048 mean_g x=0.973 y=0.063 z=-0.237 max_fifo=86/86
W (27890244) kx134: FIFO seen at max capacity (86/86 frames) -- possible dropped samples
I (27890244) kx134: epoch: n=2048 mean_g x=0.971 y=0.064 z=-0.238 max_fifo=86/86
I (27890504) DIAG: Stack HWM (bytes free): mic=7204 dsp=4120 rgb=1920 imu=1580 diag=684
I (27890504) DIAG: CPU runtime:
diag           	106523001		5%
IDLE0          	4119582463		194%
IDLE1          	1588616545		74%
rgb_led        	47246878		2%
mic_task       	232688099		10%
tiT            	214451702		10%
wifi_prov      	583011		<1%
imu_task       	4151721425		195%
dsp_task       	362358236		17%
mqtt_task      	26618467		1%
net            	1664074154		78%
main           	157574		<1%
httpd          	589		<1%
ipc1           	50730		<1%
ipc0           	37885		<1%
Tmr Svc        	17		<1%
esp_timer      	14340340		<1%
wifi           	298811906		14%
dns_captive    	54		<1%
sys_evt        	1037592		<1%

W (27890504) kx134: FIFO seen at max capacity (86/86 frames) -- possible dropped samples
I (27890564) kx134: epoch: n=2048 mean_g x=0.970 y=0.060 z=-0.235 max_fifo=86/86
I (27890594) DIAG: Heap free: internal=3148 largest_free=1280 PSRAM=8209812 IRAM=0
I (27890594) DIAG: wifi: connects=3 disconnects=447 retry_cnt=0
I (27890594) DIAG: mqtt: connects=12 disconnects=777 publishes=86767 publish_failures=12 cmds_received=0
I (27890604) DIAG: wifi_prov: state=2 provisioning_entries=1 recovery_entries=1 recovery_successes=0
I (27890614) DIAG: mic: blocks_ok=435761 capture_failures=0 rb_drops=0
W (27890614) DIAG: mic i2s: overflow_count=14 (cumulative) read_errors=0 short_reads=0 — check CPU load
I (27890624) DIAG: dsp: fft_count=435761 frames_emitted=108940 rb_timeouts=0 last_fft_us=605
I (27890634) DIAG: imu: epochs=103606 read_errors=0 reinit_attempts=0 reinit_successes=0
I (27890644) DIAG: accel: reads_ok=310818 read_errors=0 fifo_max_hits=103606
I (27890654) DIAG: net: frames_built=132200 build_failures=0 publish_failures=12 cmd_malformed=0 disconnect_reverts=12
I (27890664) DIAG: led: state_changes=465 remote_updates=0 hw_errors=0
W (27890834) kx134: FIFO seen at max capacity (86/86 frames) -- possible dropped samples
I (27890834) kx134: epoch: n=2048 mean_g x=0.971 y=0.064 z=-0.237 max_fifo=86/86
W (27891104) kx134: FIFO seen at max capacity (86/86 frames) -- possible dropped samples
I (27891104) kx134: epoch: n=2048 mean_g x=0.971 y=0.062 z=-0.238 max_fifo=86/86
W (27891374) kx134: FIFO seen at max capacity (86/86 frames) -- possible dropped samples
I (27891374) kx134: epoch: n=2048 mean_g x=0.971 y=0.063 z=-0.237 max_fifo=86/86
W (27891634) kx134: FIFO seen at max capacity (86/86 frames) -- possible dropped samples
I (27891634) kx134: epoch: n=2048 mean_g x=0.972 y=0.061 z=-0.238 max_fifo=86/86
W (27891904) kx134: FIFO seen at max capacity (86/86 frames) -- possible dropped samples
I (27891904) kx134: epoch: n=2048 mean_g x=0.970 y=0.060 z=-0.238 max_fifo=86/86
W (27892164) kx134: FIFO seen at max capacity (86/86 frames) -- possible dropped samples
I (27892164) kx134: epoch: n=2048 mean_g x=0.973 y=0.060 z=-0.235 max_fifo=86/86
W (27892434) kx134: FIFO seen at max capacity (86/86 frames) -- possible dropped samples
I (27892434) kx134: epoch: n=2048 mean_g x=0.972 y=0.061 z=-0.236 max_fifo=86/86
W (27892704) kx134: FIFO seen at max capacity (86/86 frames) -- possible dropped samples
I (27892704) kx134: epoch: n=2048 mean_g x=0.972 y=0.062 z=-0.238 max_fifo=86/86
W (27892974) kx134: FIFO seen at max capacity (86/86 frames) -- possible dropped samples
I (27892974) kx134: epoch: n=2048 mean_g x=0.972 y=0.061 z=-0.236 max_fifo=86/86
W (27893234) kx134: FIFO seen at max capacity (86/86 frames) -- possible dropped samples
I (27893234) kx134: epoch: n=2048 mean_g x=0.970 y=0.065 z=-0.237 max_fifo=86/86
W (27893514) kx134: FIFO seen at max capacity (86/86 frames) -- possible dropped samples
I (27893514) kx134: epoch: n=2048 mean_g x=0.971 y=0.065 z=-0.238 max_fifo=86/86
W (27893784) kx134: FIFO seen at max capacity (86/86 frames) -- possible dropped samples
I (27893784) kx134: epoch: n=2048 mean_g x=0.972 y=0.061 z=-0.231 max_fifo=86/86
W (27894044) kx134: FIFO seen at max capacity (86/86 frames) -- possible dropped samples
I (27894044) kx134: epoch: n=2048 mean_g x=0.974 y=0.061 z=-0.237 max_fifo=86/86
W (27894314) kx134: FIFO seen at max capacity (86/86 frames) -- possible dropped samples
I (27894314) kx134: epoch: n=2048 mean_g x=0.972 y=0.065 z=-0.235 max_fifo=86/86
W (27894584) kx134: FIFO seen at max capacity (86/86 frames) -- possible dropped samples
I (27894584) kx134: epoch: n=2048 mean_g x=0.974 y=0.062 z=-0.237 max_fifo=86/86
W (27894854) kx134: FIFO seen at max capacity (86/86 frames) -- possible dropped samples
I (27894854) kx134: epoch: n=2048 mean_g x=0.973 y=0.062 z=-0.236 max_fifo=86/86
W (27895104) kx134: FIFO seen at max capacity (86/86 frames) -- possible dropped samples
I (27895104) kx134: epoch: n=2048 mean_g x=0.969 y=0.061 z=-0.238 max_fifo=86/86
W (27895374) kx134: FIFO seen at max capacity (86/86 frames) -- possible dropped samples
I (27895374) kx134: epoch: n=2048 mean_g x=0.971 y=0.064 z=-0.232 max_fifo=86/86
W (27895644) kx134: FIFO seen at max capacity (86/86 frames) -- possible dropped samples
I (27895644) kx134: epoch: n=2048 mean_g x=0.972 y=0.064 z=-0.238 max_fifo=86/86
W (27895914) kx134: FIFO seen at max capacity (86/86 frames) -- possible dropped samples
I (27895914) kx134: epoch: n=2048 mean_g x=0.973 y=0.063 z=-0.236 max_fifo=86/86
W (27896174) kx134: FIFO seen at max capacity (86/86 frames) -- possible dropped samples
I (27896174) kx134: epoch: n=2048 mean_g x=0.970 y=0.064 z=-0.238 max_fifo=86/86
W (27896454) kx134: FIFO seen at max capacity (86/86 frames) -- possible dropped samples
I (27896454) kx134: epoch: n=2048 mean_g x=0.978 y=0.060 z=-0.237 max_fifo=86/86
E (27896724) esp-tls: [sock=58] select() timeout
E (27896724) transport_base: Failed to open a new connection: 32774
E (27896724) mqtt_client: Error transport connect
W (27896724) link_mqtt: disconnected
W (27896724) kx134: FIFO seen at max capacity (86/86 frames) -- possible dropped samples
I (27896734) kx134: epoch: n=2048 mean_g x=0.973 y=0.064 z=-0.239 max_fifo=86/86
W (27896994) kx134: FIFO seen at max capacity (86/86 frames) -- possible dropped samples
I (27896994) kx134: epoch: n=2048 mean_g x=0.971 y=0.066 z=-0.236 max_fifo=86/86
W (27897264) kx134: FIFO seen at max capacity (86/86 frames) -- possible dropped samples
I (27897264) kx134: epoch: n=2048 mean_g x=0.975 y=0.064 z=-0.238 max_fifo=86/86
W (27897534) kx134: FIFO seen at max capacity (86/86 frames) -- possible dropped samples
I (27897534) kx134: epoch: n=2048 mean_g x=0.973 y=0.060 z=-0.238 max_fifo=86/86
W (27897804) kx134: FIFO seen at max capacity (86/86 frames) -- possible dropped samples
I (27897804) kx134: epoch: n=2048 mean_g x=0.972 y=0.064 z=-0.236 max_fifo=86/86
W (27898064) kx134: FIFO seen at max capacity (86/86 frames) -- possible dropped samples
I (27898064) kx134: epoch: n=2048 mean_g x=0.973 y=0.058 z=-0.235 max_fifo=86/86
W (27898344) kx134: FIFO seen at max capacity (86/86 frames) -- possible dropped samples
I (27898344) kx134: epoch: n=2048 mean_g x=0.973 y=0.062 z=-0.235 max_fifo=86/86
W (27898604) kx134: FIFO seen at max capacity (86/86 frames) -- possible dropped samples
I (27898604) kx134: epoch: n=2048 mean_g x=0.971 y=0.063 z=-0.238 max_fifo=86/86
W (27898874) kx134: FIFO seen at max capacity (86/86 frames) -- possible dropped samples
I (27898874) kx134: epoch: n=2048 mean_g x=0.973 y=0.064 z=-0.239 max_fifo=86/86
W (27899144) kx134: FIFO seen at max capacity (86/86 frames) -- possible dropped samples
I (27899144) kx134: epoch: n=2048 mean_g x=0.973 y=0.064 z=-0.235 max_fifo=86/86
W (27899404) kx134: FIFO seen at max capacity (86/86 frames) -- possible dropped samples
I (27899404) kx134: epoch: n=2048 mean_g x=0.969 y=0.064 z=-0.237 max_fifo=86/86
W (27899674) kx134: FIFO seen at max capacity (86/86 frames) -- possible dropped samples
I (27899674) kx134: epoch: n=2048 mean_g x=0.974 y=0.064 z=-0.239 max_fifo=86/86
W (27899934) kx134: FIFO seen at max capacity (86/86 frames) -- possible dropped samples
I (27899934) kx134: epoch: n=2048 mean_g x=0.971 y=0.066 z=-0.236 max_fifo=86/86
W (27900204) kx134: FIFO seen at max capacity (86/86 frames) -- possible dropped samples
I (27900204) kx134: epoch: n=2048 mean_g x=0.974 y=0.064 z=-0.234 max_fifo=86/86
W (27900474) kx134: FIFO seen at max capacity (86/86 frames) -- possible dropped samples
I (27900474) kx134: epoch: n=2048 mean_g x=0.971 y=0.063 z=-0.236 max_fifo=86/86
W (27900744) kx134: FIFO seen at max capacity (86/86 frames) -- possible dropped samples
I (27900744) kx134: epoch: n=2048 mean_g x=0.969 y=0.066 z=-0.236 max_fifo=86/86
W (27901004) kx134: FIFO seen at max capacity (86/86 frames) -- possible dropped samples
I (27901004) kx134: epoch: n=2048 mean_g x=0.975 y=0.061 z=-0.236 max_fifo=86/86
W (27901284) kx134: FIFO seen at max capacity (86/86 frames) -- possible dropped samples
I (27901284) kx134: epoch: n=2048 mean_g x=0.970 y=0.062 z=-0.238 max_fifo=86/86
W (27901544) kx134: FIFO seen at max capacity (86/86 frames) -- possible dropped samples
I (27901544) kx134: epoch: n=2048 mean_g x=0.971 y=0.061 z=-0.236 max_fifo=86/86
W (27901814) kx134: FIFO seen at max capacity (86/86 frames) -- possible dropped samples
I (27901814) kx134: epoch: n=2048 mean_g x=0.971 y=0.059 z=-0.237 max_fifo=86/86
W (27902084) kx134: FIFO seen at max capacity (86/86 frames) -- possible dropped samples
I (27902084) kx134: epoch: n=2048 mean_g x=0.973 y=0.062 z=-0.238 max_fifo=86/86
W (27902344) kx134: FIFO seen at max capacity (86/86 frames) -- possible dropped samples
I (27902344) kx134: epoch: n=2048 mean_g x=0.972 y=0.062 z=-0.237 max_fifo=86/86
W (27902614) kx134: FIFO seen at max capacity (86/86 frames) -- possible dropped samples
I (27902614) kx134: epoch: n=2048 mean_g x=0.973 y=0.063 z=-0.239 max_fifo=86/86
W (27902874) kx134: FIFO seen at max capacity (86/86 frames) -- possible dropped samples
I (27902874) kx134: epoch: n=2048 mean_g x=0.972 y=0.063 z=-0.237 max_fifo=86/86
W (27903144) kx134: FIFO seen at max capacity (86/86 frames) -- possible dropped samples
I (27903144) kx134: epoch: n=2048 mean_g x=0.968 y=0.062 z=-0.236 max_fifo=86/86
W (27903414) kx134: FIFO seen at max capacity (86/86 frames) -- possible dropped samples
I (27903414) kx134: epoch: n=2048 mean_g x=0.974 y=0.060 z=-0.236 max_fifo=86/86
W (27903684) kx134: FIFO seen at max capacity (86/86 frames) -- possible dropped samples
I (27903684) kx134: epoch: n=2048 mean_g x=0.971 y=0.062 z=-0.235 max_fifo=86/86
W (27903944) kx134: FIFO seen at max capacity (86/86 frames) -- possible dropped samples
I (27903944) kx134: epoch: n=2048 mean_g x=0.970 y=0.066 z=-0.237 max_fifo=86/86
W (27904224) kx134: FIFO seen at max capacity (86/86 frames) -- possible dropped samples
I (27904224) kx134: epoch: n=2048 mean_g x=0.974 y=0.068 z=-0.237 max_fifo=86/86
W (27904494) kx134: FIFO seen at max capacity (86/86 frames) -- possible dropped samples
I (27904494) kx134: epoch: n=2048 mean_g x=0.969 y=0.063 z=-0.237 max_fifo=86/86
W (27904754) kx134: FIFO seen at max capacity (86/86 frames) -- possible dropped samples
I (27904754) kx134: epoch: n=2048 mean_g x=0.972 y=0.062 z=-0.234 max_fifo=86/86
W (27905024) kx134: FIFO seen at max capacity (86/86 frames) -- possible dropped samples
I (27905024) kx134: epoch: n=2048 mean_g x=0.971 y=0.061 z=-0.237 max_fifo=86/86
W (27905294) kx134: FIFO seen at max capacity (86/86 frames) -- possible dropped samples
I (27905294) kx134: epoch: n=2048 mean_g x=0.970 y=0.064 z=-0.234 max_fifo=86/86
W (27905564) kx134: FIFO seen at max capacity (86/86 frames) -- possible dropped samples
I (27905564) kx134: epoch: n=2048 mean_g x=0.974 y=0.065 z=-0.237 max_fifo=86/86
W (27905814) kx134: FIFO seen at max capacity (86/86 frames) -- possible dropped samples
I (27905814) kx134: epoch: n=2048 mean_g x=0.974 y=0.064 z=-0.235 max_fifo=86/86
W (27906084) kx134: FIFO seen at max capacity (86/86 frames) -- possible dropped samples
I (27906084) kx134: epoch: n=2048 mean_g x=0.971 y=0.063 z=-0.236 max_fifo=86/86
W (27906354) kx134: FIFO seen at max capacity (86/86 frames) -- possible dropped samples
I (27906354) kx134: epoch: n=2048 mean_g x=0.974 y=0.063 z=-0.238 max_fifo=86/86
W (27906624) kx134: FIFO seen at max capacity (86/86 frames) -- possible dropped samples
I (27906624) kx134: epoch: n=2048 mean_g x=0.968 y=0.061 z=-0.235 max_fifo=86/86
I (27906654) wifi:new:<11,2>, old:<11,2>, ap:<11,0>, sta:<11,2>, prof:1, snd_ch_cfg:0x0
I (27906654) wifi:station: 6a:7e:e2:4c:5b:ab join, AID=1, bgn, 20
W (27906894) kx134: FIFO seen at max capacity (86/86 frames) -- possible dropped samples
I (27906894) kx134: epoch: n=2048 mean_g x=0.972 y=0.061 z=-0.235 max_fifo=86/86
W (27907174) kx134: FIFO seen at max capacity (86/86 frames) -- possible dropped samples
I (27907174) kx134: epoch: n=2048 mean_g x=0.975 y=0.063 z=-0.238 max_fifo=86/86
W (27907444) kx134: FIFO seen at max capacity (86/86 frames) -- possible dropped samples
I (27907444) kx134: epoch: n=2048 mean_g x=0.974 y=0.067 z=-0.234 max_fifo=86/86
W (27907704) kx134: FIFO seen at max capacity (86/86 frames) -- possible dropped samples
I (27907704) kx134: epoch: n=2048 mean_g x=0.974 y=0.065 z=-0.235 max_fifo=86/86
W (27907974) kx134: FIFO seen at max capacity (86/86 frames) -- possible dropped samples
I (27907974) kx134: epoch: n=2048 mean_g x=0.970 y=0.063 z=-0.236 max_fifo=86/86
W (27908244) kx134: FIFO seen at max capacity (86/86 frames) -- possible dropped samples
I (27908244) kx134: epoch: n=2048 mean_g x=0.970 y=0.061 z=-0.238 max_fifo=86/86
W (27908514) kx134: FIFO seen at max capacity (86/86 frames) -- possible dropped samples
I (27908524) kx134: epoch: n=2048 mean_g x=0.971 y=0.064 z=-0.235 max_fifo=86/86
W (27908774) kx134: FIFO seen at max capacity (86/86 frames) -- possible dropped samples
I (27908774) kx134: epoch: n=2048 mean_g x=0.974 y=0.062 z=-0.238 max_fifo=86/86
W (27909054) kx134: FIFO seen at max capacity (86/86 frames) -- possible dropped samples
I (27909054) kx134: epoch: n=2048 mean_g x=0.970 y=0.063 z=-0.234 max_fifo=86/86
W (27909324) kx134: FIFO seen at max capacity (86/86 frames) -- possible dropped samples
I (27909324) kx134: epoch: n=2048 mean_g x=0.970 y=0.062 z=-0.237 max_fifo=86/86
W (27909584) kx134: FIFO seen at max capacity (86/86 frames) -- possible dropped samples
I (27909584) kx134: epoch: n=2048 mean_g x=0.971 y=0.064 z=-0.239 max_fifo=86/86
E (27909734) esp-tls: [sock=58] select() timeout
E (27909734) transport_base: Failed to open a new connection: 32774
E (27909734) mqtt_client: Error transport connect
W (27909734) link_mqtt: disconnected
W (27909854) kx134: FIFO seen at max capacity (86/86 frames) -- possible dropped samples
I (27909864) kx134: epoch: n=2048 mean_g x=0.975 y=0.060 z=-0.233 max_fifo=86/86
W (27910124) kx134: FIFO seen at max capacity (86/86 frames) -- possible dropped samples
I (27910124) kx134: epoch: n=2048 mean_g x=0.974 y=0.064 z=-0.235 max_fifo=86/86
W (27910384) kx134: FIFO seen at max capacity (86/86 frames) -- possible dropped samples
I (27910384) kx134: epoch: n=2048 mean_g x=0.970 y=0.061 z=-0.238 max_fifo=86/86
W (27910644) kx134: FIFO seen at max capacity (86/86 frames) -- possible dropped samples
I (27910644) kx134: epoch: n=2048 mean_g x=0.971 y=0.066 z=-0.234 max_fifo=86/86
I (27910654) wifi:station: 6a:7e:e2:4c:5b:ab leave, AID = 1, reason = 15, bss_flags is 34245730, bss:0x3fcf7100
I (27910664) wifi:new:<11,2>, old:<11,2>, ap:<11,0>, sta:<11,2>, prof:1, snd_ch_cfg:0x0
W (27910934) kx134: FIFO seen at max capacity (86/86 frames) -- possible dropped samples
I (27910934) kx134: epoch: n=2048 mean_g x=0.968 y=0.064 z=-0.237 max_fifo=86/86
W (27911204) kx134: FIFO seen at max capacity (86/86 frames) -- possible dropped samples
I (27911204) kx134: epoch: n=2048 mean_g x=0.971 y=0.061 z=-0.236 max_fifo=86/86
W (27911474) kx134: FIFO seen at max capacity (86/86 frames) -- possible dropped samples
I (27911474) kx134: epoch: n=2048 mean_g x=0.974 y=0.061 z=-0.232 max_fifo=86/86
W (27911744) kx134: FIFO seen at max capacity (86/86 frames) -- possible dropped samples
I (27911744) kx134: epoch: n=2048 mean_g x=0.973 y=0.061 z=-0.235 max_fifo=86/86
W (27912004) kx134: FIFO seen at max capacity (86/86 frames) -- possible dropped samples
I (27912004) kx134: epoch: n=2048 mean_g x=0.971 y=0.064 z=-0.236 max_fifo=86/86
W (27912274) kx134: FIFO seen at max capacity (86/86 frames) -- possible dropped samples
I (27912274) kx134: epoch: n=2048 mean_g x=0.972 y=0.061 z=-0.233 max_fifo=86/86
W (27912534) kx134: FIFO seen at max capacity (86/86 frames) -- possible dropped samples
I (27912534) kx134: epoch: n=2048 mean_g x=0.970 y=0.064 z=-0.234 max_fifo=86/86
W (27912804) kx134: FIFO seen at max capacity (86/86 frames) -- possible dropped samples
I (27912804) kx134: epoch: n=2048 mean_g x=0.972 y=0.063 z=-0.238 max_fifo=86/86
W (27913074) kx134: FIFO seen at max capacity (86/86 frames) -- possible dropped samples
I (27913074) kx134: epoch: n=2048 mean_g x=0.970 y=0.063 z=-0.235 max_fifo=86/86
W (27913344) kx134: FIFO seen at max capacity (86/86 frames) -- possible dropped samples
I (27913344) kx134: epoch: n=2048 mean_g x=0.969 y=0.064 z=-0.238 max_fifo=86/86
W (27913604) kx134: FIFO seen at max capacity (86/86 frames) -- possible dropped samples
I (27913604) kx134: epoch: n=2048 mean_g x=0.969 y=0.065 z=-0.237 max_fifo=86/86
W (27913884) kx134: FIFO seen at max capacity (86/86 frames) -- possible dropped samples
I (27913884) kx134: epoch: n=2048 mean_g x=0.970 y=0.061 z=-0.236 max_fifo=86/86
W (27914144) kx134: FIFO seen at max capacity (86/86 frames) -- possible dropped samples
I (27914144) kx134: epoch: n=2048 mean_g x=0.975 y=0.060 z=-0.235 max_fifo=86/86
W (27914414) kx134: FIFO seen at max capacity (86/86 frames) -- possible dropped samples
I (27914414) kx134: epoch: n=2048 mean_g x=0.972 y=0.061 z=-0.235 max_fifo=86/86
W (27914684) kx134: FIFO seen at max capacity (86/86 frames) -- possible dropped samples
I (27914684) kx134: epoch: n=2048 mean_g x=0.969 y=0.066 z=-0.232 max_fifo=86/86
W (27914954) kx134: FIFO seen at max capacity (86/86 frames) -- possible dropped samples
I (27914954) kx134: epoch: n=2048 mean_g x=0.973 y=0.062 z=-0.235 max_fifo=86/86
W (27915224) kx134: FIFO seen at max capacity (86/86 frames) -- possible dropped samples
I (27915224) kx134: epoch: n=2048 mean_g x=0.970 y=0.063 z=-0.234 max_fifo=86/86
W (27915484) kx134: FIFO seen at max capacity (86/86 frames) -- possible dropped samples
I (27915484) kx134: epoch: n=2048 mean_g x=0.967 y=0.060 z=-0.233 max_fifo=86/86
W (27915764) kx134: FIFO seen at max capacity (86/86 frames) -- possible dropped samples
I (27915764) kx134: epoch: n=2048 mean_g x=0.975 y=0.062 z=-0.237 max_fifo=86/86
W (27916034) kx134: FIFO seen at max capacity (86/86 frames) -- possible dropped samples
I (27916034) kx134: epoch: n=2048 mean_g x=0.970 y=0.063 z=-0.235 max_fifo=86/86
W (27916304) kx134: FIFO seen at max capacity (86/86 frames) -- possible dropped samples
I (27916304) kx134: epoch: n=2048 mean_g x=0.969 y=0.062 z=-0.237 max_fifo=86/86
I (27916304) wifi:new:<11,2>, old:<11,2>, ap:<11,0>, sta:<11,2>, prof:1, snd_ch_cfg:0x0
I (27916324) wifi:station: 6a:7e:e2:4c:5b:ab join, AID=1, bgn, 20
W (27916604) kx134: FIFO seen at max capacity (86/86 frames) -- possible dropped samples
I (27916604) kx134: epoch: n=2048 mean_g x=0.969 y=0.062 z=-0.235 max_fifo=86/86
W (27916874) kx134: FIFO seen at max capacity (86/86 frames) -- possible dropped samples
I (27916874) kx134: epoch: n=2048 mean_g x=0.972 y=0.062 z=-0.239 max_fifo=86/86
W (27917154) kx134: FIFO seen at max capacity (86/86 frames) -- possible dropped samples
I (27917154) kx134: epoch: n=2048 mean_g x=0.971 y=0.064 z=-0.236 max_fifo=86/86
W (27917414) kx134: FIFO seen at max capacity (86/86 frames) -- possible dropped samples
I (27917414) kx134: epoch: n=2048 mean_g x=0.971 y=0.062 z=-0.234 max_fifo=86/86
W (27917674) kx134: FIFO seen at max capacity (86/86 frames) -- possible dropped samples
I (27917674) kx134: epoch: n=2048 mean_g x=0.970 y=0.061 z=-0.236 max_fifo=86/86
W (27917944) kx134: FIFO seen at max capacity (86/86 frames) -- possible dropped samples
I (27917944) kx134: epoch: n=2048 mean_g x=0.971 y=0.064 z=-0.236 max_fifo=86/86
W (27918204) kx134: FIFO seen at max capacity (86/86 frames) -- possible dropped samples
I (27918204) kx134: epoch: n=2048 mean_g x=0.971 y=0.061 z=-0.236 max_fifo=86/86
W (27918474) kx134: FIFO seen at max capacity (86/86 frames) -- possible dropped samples
I (27918474) kx134: epoch: n=2048 mean_g x=0.973 y=0.063 z=-0.237 max_fifo=86/86
W (27918744) kx134: FIFO seen at max capacity (86/86 frames) -- possible dropped samples
I (27918744) kx134: epoch: n=2048 mean_g x=0.972 y=0.064 z=-0.236 max_fifo=86/86
W (27919014) kx134: FIFO seen at max capacity (86/86 frames) -- possible dropped samples
I (27919014) kx134: epoch: n=2048 mean_g x=0.973 y=0.065 z=-0.234 max_fifo=86/86
W (27919274) kx134: FIFO seen at max capacity (86/86 frames) -- possible dropped samples
I (27919274) kx134: epoch: n=2048 mean_g x=0.967 y=0.063 z=-0.237 max_fifo=86/86
W (27919554) kx134: FIFO seen at max capacity (86/86 frames) -- possible dropped samples
I (27919554) kx134: epoch: n=2048 mean_g x=0.975 y=0.060 z=-0.237 max_fifo=86/86
W (27919814) kx134: FIFO seen at max capacity (86/86 frames) -- possible dropped samples
I (27919814) kx134: epoch: n=2048 mean_g x=0.971 y=0.064 z=-0.238 max_fifo=86/86
W (27920084) kx134: FIFO seen at max capacity (86/86 frames) -- possible dropped samples
I (27920084) kx134: epoch: n=2048 mean_g x=0.970 y=0.063 z=-0.237 max_fifo=86/86
I (27920324) wifi:station: 6a:7e:e2:4c:5b:ab leave, AID = 1, reason = 15, bss_flags is 34245730, bss:0x3fcf7100
I (27920334) wifi:new:<11,2>, old:<11,2>, ap:<11,0>, sta:<11,2>, prof:1, snd_ch_cfg:0x0
W (27920364) kx134: FIFO seen at max capacity (86/86 frames) -- possible dropped samples
I (27920364) kx134: epoch: n=2048 mean_g x=0.973 y=0.063 z=-0.236 max_fifo=86/86
W (27920624) kx134: FIFO seen at max capacity (86/86 frames) -- possible dropped samples
I (27920624) kx134: epoch: n=2048 mean_g x=0.974 y=0.062 z=-0.236 max_fifo=86/86
I (27920664) DIAG: Stack HWM (bytes free): mic=7204 dsp=4120 rgb=1920 imu=1580 diag=684
I (27920664) DIAG: CPU runtime:
diag           	106639102		4%
IDLE1          	1618229612		75%
IDLE0          	4142664224		192%
rgb_led        	47400058		2%
imu_task       	4156272906		193%
tiT            	214493693		9%
net            	1665827493		77%
wifi_prov      	583878		<1%
dsp_task       	362750769		16%
mqtt_task      	26636213		1%
mic_task       	232942238		10%
main           	157574		<1%
ipc1           	50730		<1%
ipc0           	37885		<1%
Tmr Svc        	17		<1%
dns_captive    	54		<1%
esp_timer      	14375437		<1%
wifi           	299119384		13%
sys_evt        	1037592		<1%
httpd          	589		<1%

I (27920714) DIAG: Heap free: internal=3160 largest_free=1280 PSRAM=8209812 IRAM=0
I (27920724) DIAG: wifi: connects=3 disconnects=447 retry_cnt=0
I (27920724) DIAG: mqtt: connects=12 disconnects=779 publishes=86767 publish_failures=12 cmds_received=0
I (27920734) DIAG: wifi_prov: state=2 provisioning_entries=1 recovery_entries=1 recovery_successes=0
I (27920744) DIAG: mic: blocks_ok=436232 capture_failures=0 rb_drops=0
W (27920754) DIAG: mic i2s: overflow_count=14 (cumulative) read_errors=0 short_reads=0 — check CPU load
I (27920774) DIAG: dsp: fft_count=436232 frames_emitted=109058 rb_timeouts=0 last_fft_us=605
I (27920774) DIAG: imu: epochs=103718 read_errors=0 reinit_attempts=0 reinit_successes=0
I (27920784) DIAG: accel: reads_ok=311154 read_errors=0 fifo_max_hits=103718
I (27920784) DIAG: net: frames_built=132344 build_failures=0 publish_failures=12 cmd_malformed=0 disconnect_reverts=12
I (27920794) DIAG: led: state_changes=465 remote_updates=0 hw_errors=0
W (27920884) kx134: FIFO seen at max capacity (86/86 frames) -- possible dropped samples
I (27920884) kx134: epoch: n=2048 mean_g x=0.973 y=0.065 z=-0.238 max_fifo=86/86
I (27920924) wifi:new:<11,2>, old:<11,2>, ap:<11,0>, sta:<11,2>, prof:1, snd_ch_cfg:0x0
I (27920934) wifi:station: 6a:7e:e2:4c:5b:ab join, AID=1, bgn, 20
W (27921134) kx134: FIFO seen at max capacity (86/86 frames) -- possible dropped samples
I (27921134) kx134: epoch: n=2048 mean_g x=0.967 y=0.062 z=-0.235 max_fifo=86/86
W (27921404) kx134: FIFO seen at max capacity (86/86 frames) -- possible dropped samples
I (27921404) kx134: epoch: n=2048 mean_g x=0.972 y=0.063 z=-0.237 max_fifo=86/86
W (27921664) kx134: FIFO seen at max capacity (86/86 frames) -- possible dropped samples
I (27921664) kx134: epoch: n=2048 mean_g x=0.972 y=0.058 z=-0.233 max_fifo=86/86
W (27921934) kx134: FIFO seen at max capacity (86/86 frames) -- possible dropped samples
I (27921934) kx134: epoch: n=2048 mean_g x=0.972 y=0.066 z=-0.235 max_fifo=86/86
W (27922194) kx134: FIFO seen at max capacity (86/86 frames) -- possible dropped samples
I (27922194) kx134: epoch: n=2048 mean_g x=0.971 y=0.061 z=-0.234 max_fifo=86/86
W (27922464) kx134: FIFO seen at max capacity (86/86 frames) -- possible dropped samples
I (27922464) kx134: epoch: n=2048 mean_g x=0.973 y=0.060 z=-0.235 max_fifo=86/86
W (27922734) kx134: FIFO seen at max capacity (86/86 frames) -- possible dropped samples
I (27922734) kx134: epoch: n=2048 mean_g x=0.970 y=0.067 z=-0.233 max_fifo=86/86
E (27922744) esp-tls: [sock=58] select() timeout
E (27922744) transport_base: Failed to open a new connection: 32774
E (27922754) mqtt_client: Error transport connect
W (27922754) link_mqtt: disconnected
W (27923034) kx134: FIFO seen at max capacity (86/86 frames) -- possible dropped samples
I (27923034) kx134: epoch: n=2048 mean_g x=0.976 y=0.060 z=-0.236 max_fifo=86/86
W (27923294) kx134: FIFO seen at max capacity (86/86 frames) -- possible dropped samples
I (27923294) kx134: epoch: n=2048 mean_g x=0.970 y=0.062 z=-0.238 max_fifo=86/86
W (27923564) kx134: FIFO seen at max capacity (86/86 frames) -- possible dropped samples
I (27923564) kx134: epoch: n=2048 mean_g x=0.971 y=0.064 z=-0.235 max_fifo=86/86
W (27923824) kx134: FIFO seen at max capacity (86/86 frames) -- possible dropped samples
I (27923824) kx134: epoch: n=2048 mean_g x=0.972 y=0.062 z=-0.234 max_fifo=86/86
W (27924084) kx134: FIFO seen at max capacity (86/86 frames) -- possible dropped samples
I (27924084) kx134: epoch: n=2048 mean_g x=0.972 y=0.060 z=-0.234 max_fifo=86/86
W (27924354) kx134: FIFO seen at max capacity (86/86 frames) -- possible dropped samples
I (27924354) kx134: epoch: n=2048 mean_g x=0.971 y=0.064 z=-0.235 max_fifo=86/86
W (27924624) kx134: FIFO seen at max capacity (86/86 frames) -- possible dropped samples
I (27924624) kx134: epoch: n=2048 mean_g x=0.971 y=0.064 z=-0.235 max_fifo=86/86
W (27924894) kx134: FIFO seen at max capacity (86/86 frames) -- possible dropped samples
I (27924894) kx134: epoch: n=2048 mean_g x=0.970 y=0.062 z=-0.236 max_fifo=86/86
I (27924934) wifi:station: 6a:7e:e2:4c:5b:ab leave, AID = 1, reason = 15, bss_flags is 34245730, bss:0x3fcf7100
I (27924934) wifi:new:<11,2>, old:<11,2>, ap:<11,0>, sta:<11,2>, prof:1, snd_ch_cfg:0x0
W (27925154) kx134: FIFO seen at max capacity (86/86 frames) -- possible dropped samples
I (27925154) kx134: epoch: n=2048 mean_g x=0.972 y=0.061 z=-0.236 max_fifo=86/86
W (27925434) kx134: FIFO seen at max capacity (86/86 frames) -- possible dropped samples
I (27925434) kx134: epoch: n=2048 mean_g x=0.972 y=0.061 z=-0.239 max_fifo=86/86
I (27925554) wifi:new:<11,2>, old:<11,2>, ap:<11,0>, sta:<11,2>, prof:1, snd_ch_cfg:0x0
I (27925554) wifi:station: 6a:7e:e2:4c:5b:ab join, AID=1, bgn, 20
W (27925714) kx134: FIFO seen at max capacity (86/86 frames) -- possible dropped samples
I (27925714) kx134: epoch: n=2048 mean_g x=0.975 y=0.062 z=-0.235 max_fifo=86/86
W (27925964) kx134: FIFO seen at max capacity (86/86 frames) -- possible dropped samples
I (27925964) kx134: epoch: n=2048 mean_g x=0.973 y=0.061 z=-0.235 max_fifo=86/86
W (27926234) kx134: FIFO seen at max capacity (86/86 frames) -- possible dropped samples
I (27926234) kx134: epoch: n=2048 mean_g x=0.971 y=0.062 z=-0.238 max_fifo=86/86
W (27926504) kx134: FIFO seen at max capacity (86/86 frames) -- possible dropped samples
I (27926504) kx134: epoch: n=2048 mean_g x=0.971 y=0.062 z=-0.233 max_fifo=86/86
W (27926774) kx134: FIFO seen at max capacity (86/86 frames) -- possible dropped samples
I (27926774) kx134: epoch: n=2048 mean_g x=0.972 y=0.063 z=-0.237 max_fifo=86/86
W (27927034) kx134: FIFO seen at max capacity (86/86 frames) -- possible dropped samples
I (27927034) kx134: epoch: n=2048 mean_g x=0.972 y=0.064 z=-0.236 max_fifo=86/86
W (27927314) kx134: FIFO seen at max capacity (86/86 frames) -- possible dropped samples
I (27927314) kx134: epoch: n=2048 mean_g x=0.972 y=0.063 z=-0.237 max_fifo=86/86
W (27927584) kx134: FIFO seen at max capacity (86/86 frames) -- possible dropped samples
I (27927584) kx134: epoch: n=2048 mean_g x=0.972 y=0.066 z=-0.235 max_fifo=86/86
W (27927854) kx134: FIFO seen at max capacity (86/86 frames) -- possible dropped samples
I (27927854) kx134: epoch: n=2048 mean_g x=0.970 y=0.063 z=-0.234 max_fifo=86/86
W (27928124) kx134: FIFO seen at max capacity (86/86 frames) -- possible dropped samples
I (27928124) kx134: epoch: n=2048 mean_g x=0.973 y=0.062 z=-0.235 max_fifo=86/86
W (27928384) kx134: FIFO seen at max capacity (86/86 frames) -- possible dropped samples
I (27928384) kx134: epoch: n=2048 mean_g x=0.972 y=0.064 z=-0.236 max_fifo=86/86
W (27928654) kx134: FIFO seen at max capacity (86/86 frames) -- possible dropped samples
I (27928664) kx134: epoch: n=2048 mean_g x=0.971 y=0.064 z=-0.233 max_fifo=86/86
W (27928924) kx134: FIFO seen at max capacity (86/86 frames) -- possible dropped samples
I (27928924) kx134: epoch: n=2048 mean_g x=0.968 y=0.066 z=-0.237 max_fifo=86/86
W (27929204) kx134: FIFO seen at max capacity (86/86 frames) -- possible dropped samples
I (27929204) kx134: epoch: n=2048 mean_g x=0.973 y=0.064 z=-0.235 max_fifo=86/86
W (27929474) kx134: FIFO seen at max capacity (86/86 frames) -- possible dropped samples
I (27929474) kx134: epoch: n=2048 mean_g x=0.971 y=0.060 z=-0.235 max_fifo=86/86
I (27929554) wifi:station: 6a:7e:e2:4c:5b:ab leave, AID = 1, reason = 15, bss_flags is 34245730, bss:0x3fcf7100
I (27929554) wifi:new:<11,2>, old:<11,2>, ap:<11,0>, sta:<11,2>, prof:1, snd_ch_cfg:0x0
W (27929744) kx134: FIFO seen at max capacity (86/86 frames) -- possible dropped samples
I (27929744) kx134: epoch: n=2048 mean_g x=0.972 y=0.063 z=-0.236 max_fifo=86/86
W (27930014) kx134: FIFO seen at max capacity (86/86 frames) -- possible dropped samples
I (27930014) kx134: epoch: n=2048 mean_g x=0.975 y=0.061 z=-0.235 max_fifo=86/86
I (27930154) wifi:new:<11,2>, old:<11,2>, ap:<11,0>, sta:<11,2>, prof:1, snd_ch_cfg:0x0
I (27930154) wifi:station: 6a:7e:e2:4c:5b:ab join, AID=1, bgn, 20
W (27930154) wifi:m f assoc rsp l=122

W (27930274) kx134: FIFO seen at max capacity (86/86 frames) -- possible dropped samples
I (27930274) kx134: epoch: n=2048 mean_g x=0.970 y=0.060 z=-0.238 max_fifo=86/86
W (27930544) kx134: FIFO seen at max capacity (86/86 frames) -- possible dropped samples
I (27930544) kx134: epoch: n=2048 mean_g x=0.974 y=0.064 z=-0.236 max_fifo=86/86
I (27930584) wifi:new:<11,2>, old:<11,2>, ap:<11,0>, sta:<11,2>, prof:1, snd_ch_cfg:0x0
I (27930584) wifi:station: 6a:7e:e2:4c:5b:ab join, AID=1, bgn, 20
W (27930584) wifi:m f assoc rsp l=122

W (27930804) kx134: FIFO seen at max capacity (86/86 frames) -- possible dropped samples
I (27930804) kx134: epoch: n=2048 mean_g x=0.973 y=0.061 z=-0.235 max_fifo=86/86
I (27930984) wifi:new:<11,2>, old:<11,2>, ap:<11,0>, sta:<11,2>, prof:1, snd_ch_cfg:0x0
I (27930984) wifi:station: 6a:7e:e2:4c:5b:ab join, AID=1, bgn, 20
W (27930994) wifi:m f assoc rsp l=122

W (27931074) kx134: FIFO seen at max capacity (86/86 frames) -- possible dropped samples
I (27931074) kx134: epoch: n=2048 mean_g x=0.971 y=0.061 z=-0.240 max_fifo=86/86
W (27931344) kx134: FIFO seen at max capacity (86/86 frames) -- possible dropped samples
I (27931344) kx134: epoch: n=2048 mean_g x=0.972 y=0.062 z=-0.234 max_fifo=86/86
I (27931404) wifi:new:<11,2>, old:<11,2>, ap:<11,0>, sta:<11,2>, prof:1, snd_ch_cfg:0x0
I (27931404) wifi:station: 6a:7e:e2:4c:5b:ab join, AID=1, bgn, 20
W (27931404) wifi:m f assoc rsp l=122

W (27931614) kx134: FIFO seen at max capacity (86/86 frames) -- possible dropped samples
I (27931614) kx134: epoch: n=2048 mean_g x=0.972 y=0.063 z=-0.237 max_fifo=86/86
I (27931824) wifi:new:<11,2>, old:<11,2>, ap:<11,0>, sta:<11,2>, prof:1, snd_ch_cfg:0x0
I (27931824) wifi:station: 6a:7e:e2:4c:5b:ab join, AID=1, bgn, 20
W (27931824) wifi:m f assoc rsp l=122

W (27931884) kx134: FIFO seen at max capacity (86/86 frames) -- possible dropped samples
I (27931884) kx134: epoch: n=2048 mean_g x=0.971 y=0.062 z=-0.236 max_fifo=86/86
W (27932164) kx134: FIFO seen at max capacity (86/86 frames) -- possible dropped samples
I (27932164) kx134: epoch: n=2048 mean_g x=0.975 y=0.064 z=-0.237 max_fifo=86/86
W (27932434) kx134: FIFO seen at max capacity (86/86 frames) -- possible dropped samples
I (27932434) kx134: epoch: n=2048 mean_g x=0.972 y=0.060 z=-0.237 max_fifo=86/86
W (27932694) kx134: FIFO seen at max capacity (86/86 frames) -- possible dropped samples
I (27932694) kx134: epoch: n=2048 mean_g x=0.970 y=0.063 z=-0.236 max_fifo=86/86
W (27932964) kx134: FIFO seen at max capacity (86/86 frames) -- possible dropped samples
I (27932964) kx134: epoch: n=2048 mean_g x=0.969 y=0.064 z=-0.234 max_fifo=86/86
W (27933234) kx134: FIFO seen at max capacity (86/86 frames) -- possible dropped samples
I (27933234) kx134: epoch: n=2048 mean_g x=0.970 y=0.060 z=-0.240 max_fifo=86/86
W (27933504) kx134: FIFO seen at max capacity (86/86 frames) -- possible dropped samples
I (27933504) kx134: epoch: n=2048 mean_g x=0.973 y=0.063 z=-0.237 max_fifo=86/86
W (27933764) kx134: FIFO seen at max capacity (86/86 frames) -- possible dropped samples
I (27933764) kx134: epoch: n=2048 mean_g x=0.970 y=0.063 z=-0.238 max_fifo=86/86
W (27934044) kx134: FIFO seen at max capacity (86/86 frames) -- possible dropped samples
I (27934044) kx134: epoch: n=2048 mean_g x=0.969 y=0.061 z=-0.236 max_fifo=86/86
W (27934314) kx134: FIFO seen at max capacity (86/86 frames) -- possible dropped samples
I (27934314) kx134: epoch: n=2048 mean_g x=0.970 y=0.062 z=-0.237 max_fifo=86/86
W (27934574) kx134: FIFO seen at max capacity (86/86 frames) -- possible dropped samples
I (27934574) kx134: epoch: n=2048 mean_g x=0.972 y=0.063 z=-0.235 max_fifo=86/86
W (27934844) kx134: FIFO seen at max capacity (86/86 frames) -- possible dropped samples
I (27934844) kx134: epoch: n=2048 mean_g x=0.973 y=0.063 z=-0.235 max_fifo=86/86
W (27935114) kx134: FIFO seen at max capacity (86/86 frames) -- possible dropped samples
I (27935114) kx134: epoch: n=2048 mean_g x=0.971 y=0.063 z=-0.238 max_fifo=86/86
W (27935384) kx134: FIFO seen at max capacity (86/86 frames) -- possible dropped samples
I (27935384) kx134: epoch: n=2048 mean_g x=0.974 y=0.064 z=-0.235 max_fifo=86/86
W (27935644) kx134: FIFO seen at max capacity (86/86 frames) -- possible dropped samples
I (27935644) kx134: epoch: n=2048 mean_g x=0.970 y=0.064 z=-0.235 max_fifo=86/86
E (27935764) esp-tls: [sock=58] select() timeout
E (27935764) transport_base: Failed to open a new connection: 32774
E (27935764) mqtt_client: Error transport connect
W (27935764) link_mqtt: disconnected
I (27935854) wifi:station: 6a:7e:e2:4c:5b:ab leave, AID = 1, reason = 15, bss_flags is 34245730, bss:0x3fcf7100
I (27935854) wifi:new:<11,2>, old:<11,2>, ap:<11,0>, sta:<11,2>, prof:1, snd_ch_cfg:0x0
W (27935934) kx134: FIFO seen at max capacity (86/86 frames) -- possible dropped samples
I (27935944) kx134: epoch: n=2048 mean_g x=0.972 y=0.063 z=-0.236 max_fifo=86/86
W (27936204) kx134: FIFO seen at max capacity (86/86 frames) -- possible dropped samples
I (27936204) kx134: epoch: n=2048 mean_g x=0.970 y=0.065 z=-0.237 max_fifo=86/86
W (27936464) kx134: FIFO seen at max capacity (86/86 frames) -- possible dropped samples
I (27936464) kx134: epoch: n=2048 mean_g x=0.971 y=0.062 z=-0.235 max_fifo=86/86
W (27936734) kx134: FIFO seen at max capacity (86/86 frames) -- possible dropped samples
I (27936734) kx134: epoch: n=2048 mean_g x=0.974 y=0.061 z=-0.237 max_fifo=86/86
W (27936994) kx134: FIFO seen at max capacity (86/86 frames) -- possible dropped samples
I (27936994) kx134: epoch: n=2048 mean_g x=0.972 y=0.063 z=-0.231 max_fifo=86/86
W (27937264) kx134: FIFO seen at max capacity (86/86 frames) -- possible dropped samples
I (27937264) kx134: epoch: n=2048 mean_g x=0.970 y=0.061 z=-0.237 max_fifo=86/86
W (27937524) kx134: FIFO seen at max capacity (86/86 frames) -- possible dropped samples
I (27937524) kx134: epoch: n=2048 mean_g x=0.971 y=0.065 z=-0.235 max_fifo=86/86
W (27937794) kx134: FIFO seen at max capacity (86/86 frames) -- possible dropped samples
I (27937794) kx134: epoch: n=2048 mean_g x=0.975 y=0.061 z=-0.235 max_fifo=86/86
W (27938064) kx134: FIFO seen at max capacity (86/86 frames) -- possible dropped samples
I (27938064) kx134: epoch: n=2048 mean_g x=0.969 y=0.061 z=-0.235 max_fifo=86/86
W (27938334) kx134: FIFO seen at max capacity (86/86 frames) -- possible dropped samples
I (27938334) kx134: epoch: n=2048 mean_g x=0.968 y=0.060 z=-0.233 max_fifo=86/86
W (27938594) kx134: FIFO seen at max capacity (86/86 frames) -- possible dropped samples
I (27938594) kx134: epoch: n=2048 mean_g x=0.973 y=0.059 z=-0.237 max_fifo=86/86
W (27938874) kx134: FIFO seen at max capacity (86/86 frames) -- possible dropped samples
I (27938874) kx134: epoch: n=2048 mean_g x=0.969 y=0.062 z=-0.235 max_fifo=86/86
W (27939134) kx134: FIFO seen at max capacity (86/86 frames) -- possible dropped samples
I (27939134) kx134: epoch: n=2048 mean_g x=0.973 y=0.064 z=-0.237 max_fifo=86/86
W (27939404) kx134: FIFO seen at max capacity (86/86 frames) -- possible dropped samples
I (27939404) kx134: epoch: n=2048 mean_g x=0.970 y=0.064 z=-0.236 max_fifo=86/86
W (27939674) kx134: FIFO seen at max capacity (86/86 frames) -- possible dropped samples
I (27939674) kx134: epoch: n=2048 mean_g x=0.970 y=0.061 z=-0.233 max_fifo=86/86
W (27939934) kx134: FIFO seen at max capacity (86/86 frames) -- possible dropped samples
I (27939934) kx134: epoch: n=2048 mean_g x=0.973 y=0.066 z=-0.240 max_fifo=86/86
W (27940204) kx134: FIFO seen at max capacity (86/86 frames) -- possible dropped samples
I (27940204) kx134: epoch: n=2048 mean_g x=0.971 y=0.064 z=-0.236 max_fifo=86/86
W (27940464) kx134: FIFO seen at max capacity (86/86 frames) -- possible dropped samples
I (27940464) kx134: epoch: n=2048 mean_g x=0.972 y=0.061 z=-0.234 max_fifo=86/86
W (27940734) kx134: FIFO seen at max capacity (86/86 frames) -- possible dropped samples
I (27940734) kx134: epoch: n=2048 mean_g x=0.970 y=0.063 z=-0.236 max_fifo=86/86
W (27941004) kx134: FIFO seen at max capacity (86/86 frames) -- possible dropped samples
I (27941004) kx134: epoch: n=2048 mean_g x=0.971 y=0.062 z=-0.236 max_fifo=86/86
W (27941274) kx134: FIFO seen at max capacity (86/86 frames) -- possible dropped samples
I (27941274) kx134: epoch: n=2048 mean_g x=0.970 y=0.061 z=-0.235 max_fifo=86/86
W (27941534) kx134: FIFO seen at max capacity (86/86 frames) -- possible dropped samples
I (27941534) kx134: epoch: n=2048 mean_g x=0.972 y=0.062 z=-0.238 max_fifo=86/86
W (27941814) kx134: FIFO seen at max capacity (86/86 frames) -- possible dropped samples
I (27941814) kx134: epoch: n=2048 mean_g x=0.973 y=0.060 z=-0.234 max_fifo=86/86
W (27942074) kx134: FIFO seen at max capacity (86/86 frames) -- possible dropped samples
I (27942074) kx134: epoch: n=2048 mean_g x=0.971 y=0.064 z=-0.238 max_fifo=86/86
W (27942344) kx134: FIFO seen at max capacity (86/86 frames) -- possible dropped samples
I (27942344) kx134: epoch: n=2048 mean_g x=0.971 y=0.063 z=-0.237 max_fifo=86/86
W (27942614) kx134: FIFO seen at max capacity (86/86 frames) -- possible dropped samples
I (27942614) kx134: epoch: n=2048 mean_g x=0.972 y=0.064 z=-0.238 max_fifo=86/86
W (27942884) kx134: FIFO seen at max capacity (86/86 frames) -- possible dropped samples
I (27942884) kx134: epoch: n=2048 mean_g x=0.970 y=0.063 z=-0.237 max_fifo=86/86
W (27943144) kx134: FIFO seen at max capacity (86/86 frames) -- possible dropped samples
I (27943144) kx134: epoch: n=2048 mean_g x=0.971 y=0.065 z=-0.235 max_fifo=86/86
W (27943404) kx134: FIFO seen at max capacity (86/86 frames) -- possible dropped samples
I (27943404) kx134: epoch: n=2048 mean_g x=0.971 y=0.064 z=-0.237 max_fifo=86/86
W (27943674) kx134: FIFO seen at max capacity (86/86 frames) -- possible dropped samples
I (27943674) kx134: epoch: n=2048 mean_g x=0.975 y=0.059 z=-0.236 max_fifo=86/86
W (27943944) kx134: FIFO seen at max capacity (86/86 frames) -- possible dropped samples
I (27943944) kx134: epoch: n=2048 mean_g x=0.974 y=0.064 z=-0.237 max_fifo=86/86
W (27944214) kx134: FIFO seen at max capacity (86/86 frames) -- possible dropped samples
I (27944214) kx134: epoch: n=2048 mean_g x=0.972 y=0.066 z=-0.238 max_fifo=86/86
W (27944474) kx134: FIFO seen at max capacity (86/86 frames) -- possible dropped samples
I (27944474) kx134: epoch: n=2048 mean_g x=0.973 y=0.063 z=-0.235 max_fifo=86/86
W (27944754) kx134: FIFO seen at max capacity (86/86 frames) -- possible dropped samples
I (27944754) kx134: epoch: n=2048 mean_g x=0.972 y=0.063 z=-0.235 max_fifo=86/86
W (27945024) kx134: FIFO seen at max capacity (86/86 frames) -- possible dropped samples
I (27945024) kx134: epoch: n=2048 mean_g x=0.973 y=0.059 z=-0.235 max_fifo=86/86
W (27945284) kx134: FIFO seen at max capacity (86/86 frames) -- possible dropped samples
I (27945284) kx134: epoch: n=2048 mean_g x=0.972 y=0.065 z=-0.236 max_fifo=86/86
W (27945554) kx134: FIFO seen at max capacity (86/86 frames) -- possible dropped samples
I (27945554) kx134: epoch: n=2048 mean_g x=0.970 y=0.062 z=-0.237 max_fifo=86/86
W (27945814) kx134: FIFO seen at max capacity (86/86 frames) -- possible dropped samples
I (27945814) kx134: epoch: n=2048 mean_g x=0.972 y=0.063 z=-0.239 max_fifo=86/86
W (27946084) kx134: FIFO seen at max capacity (86/86 frames) -- possible dropped samples
I (27946084) kx134: epoch: n=2048 mean_g x=0.970 y=0.060 z=-0.231 max_fifo=86/86
W (27946344) kx134: FIFO seen at max capacity (86/86 frames) -- possible dropped samples
I (27946344) kx134: epoch: n=2048 mean_g x=0.971 y=0.064 z=-0.237 max_fifo=86/86
W (27946614) kx134: FIFO seen at max capacity (86/86 frames) -- possible dropped samples
I (27946614) kx134: epoch: n=2048 mean_g x=0.972 y=0.064 z=-0.235 max_fifo=86/86
W (27946884) kx134: FIFO seen at max capacity (86/86 frames) -- possible dropped samples
I (27946884) kx134: epoch: n=2048 mean_g x=0.973 y=0.064 z=-0.234 max_fifo=86/86
W (27947154) kx134: FIFO seen at max capacity (86/86 frames) -- possible dropped samples
I (27947154) kx134: epoch: n=2048 mean_g x=0.972 y=0.063 z=-0.235 max_fifo=86/86
W (27947414) kx134: FIFO seen at max capacity (86/86 frames) -- possible dropped samples
I (27947414) kx134: epoch: n=2048 mean_g x=0.973 y=0.062 z=-0.235 max_fifo=86/86
W (27947694) kx134: FIFO seen at max capacity (86/86 frames) -- possible dropped samples
I (27947694) kx134: epoch: n=2048 mean_g x=0.974 y=0.061 z=-0.234 max_fifo=86/86
W (27947954) kx134: FIFO seen at max capacity (86/86 frames) -- possible dropped samples
I (27947954) kx134: epoch: n=2048 mean_g x=0.973 y=0.062 z=-0.234 max_fifo=86/86
W (27948224) kx134: FIFO seen at max capacity (86/86 frames) -- possible dropped samples
I (27948224) kx134: epoch: n=2048 mean_g x=0.971 y=0.060 z=-0.238 max_fifo=86/86
W (27948494) kx134: FIFO seen at max capacity (86/86 frames) -- possible dropped samples
I (27948494) kx134: epoch: n=2048 mean_g x=0.970 y=0.063 z=-0.237 max_fifo=86/86
W (27948754) kx134: FIFO seen at max capacity (86/86 frames) -- possible dropped samples
I (27948754) kx134: epoch: n=2048 mean_g x=0.971 y=0.062 z=-0.233 max_fifo=86/86
E (27948774) esp-tls: [sock=58] select() timeout
E (27948774) transport_base: Failed to open a new connection: 32774
E (27948774) mqtt_client: Error transport connect
W (27948774) link_mqtt: disconnected
W (27949034) kx134: FIFO seen at max capacity (86/86 frames) -- possible dropped samples
I (27949034) kx134: epoch: n=2048 mean_g x=0.968 y=0.065 z=-0.236 max_fifo=86/86
W (27949294) kx134: FIFO seen at max capacity (86/86 frames) -- possible dropped samples
I (27949294) kx134: epoch: n=2048 mean_g x=0.976 y=0.064 z=-0.235 max_fifo=86/86
W (27949574) kx134: FIFO seen at max capacity (86/86 frames) -- possible dropped samples
I (27949574) kx134: epoch: n=2048 mean_g x=0.972 y=0.062 z=-0.237 max_fifo=86/86
W (27949844) kx134: FIFO seen at max capacity (86/86 frames) -- possible dropped samples
I (27949844) kx134: epoch: n=2048 mean_g x=0.971 y=0.067 z=-0.237 max_fifo=86/86
W (27950114) kx134: FIFO seen at max capacity (86/86 frames) -- possible dropped samples
I (27950114) kx134: epoch: n=2048 mean_g x=0.972 y=0.063 z=-0.239 max_fifo=86/86
W (27950384) kx134: FIFO seen at max capacity (86/86 frames) -- possible dropped samples
I (27950384) kx134: epoch: n=2048 mean_g x=0.972 y=0.063 z=-0.233 max_fifo=86/86
W (27950644) kx134: FIFO seen at max capacity (86/86 frames) -- possible dropped samples
I (27950644) kx134: epoch: n=2048 mean_g x=0.971 y=0.064 z=-0.238 max_fifo=86/86
I (27950804) DIAG: Stack HWM (bytes free): mic=7204 dsp=4120 rgb=1920 imu=1580 diag=684
I (27950804) DIAG: CPU runtime:
diag           	106758519		4%
IDLE1          	1647822977		75%
IDLE0          	4165723166		191%
rgb_led        	47553923		2%
tiT            	214536365		9%
net            	1667580813		76%
wifi_prov      	584764		<1%
mqtt_task      	26674086		1%
imu_task       	4160774891		190%
dsp_task       	363143453		16%
mic_task       	233196309		10%
main           	157574		<1%
ipc0           	37885		<1%
Tmr Svc        	17		<1%
dns_captive    	54		<1%
sys_evt        	1037592		<1%
esp_timer      	14412464		<1%
wifi           	299456531		13%
httpd          	589		<1%
ipc1           	50730		<1%

I (27950854) DIAG: Heap free: internal=3632 largest_free=1280 PSRAM=8209980 IRAM=0
I (27950864) DIAG: wifi: connects=3 disconnects=447 retry_cnt=0
I (27950874) DIAG: mqtt: connects=12 disconnects=782 publishes=86767 publish_failures=12 cmds_received=0
I (27950874) DIAG: wifi_prov: state=2 provisioning_entries=1 recovery_entries=1 recovery_successes=0
I (27950884) DIAG: mic: blocks_ok=436703 capture_failures=0 rb_drops=0
W (27950894) DIAG: mic i2s: overflow_count=14 (cumulative) read_errors=0 short_reads=0 — check CPU load
I (27950904) DIAG: dsp: fft_count=436703 frames_emitted=109175 rb_timeouts=0 last_fft_us=605
I (27950914) DIAG: imu: epochs=103830 read_errors=0 reinit_attempts=0 reinit_successes=0
W (27950914) kx134: FIFO seen at max capacity (86/86 frames) -- possible dropped samples
I (27950924) kx134: epoch: n=2048 mean_g x=0.971 y=0.063 z=-0.237 max_fifo=86/86
I (27950954) DIAG: accel: reads_ok=311493 read_errors=0 fifo_max_hits=103831
I (27950954) DIAG: net: frames_built=132487 build_failures=0 publish_failures=12 cmd_malformed=0 disconnect_reverts=12
I (27950964) DIAG: led: state_changes=465 remote_updates=0 hw_errors=0
W (27951184) kx134: FIFO seen at max capacity (86/86 frames) -- possible dropped samples
I (27951184) kx134: epoch: n=2048 mean_g x=0.971 y=0.063 z=-0.234 max_fifo=86/86
W (27951464) kx134: FIFO seen at max capacity (86/86 frames) -- possible dropped samples
I (27951464) kx134: epoch: n=2048 mean_g x=0.970 y=0.064 z=-0.236 max_fifo=86/86
W (27951734) kx134: FIFO seen at max capacity (86/86 frames) -- possible dropped samples
I (27951734) kx134: epoch: n=2048 mean_g x=0.974 y=0.063 z=-0.235 max_fifo=86/86
W (27952004) kx134: FIFO seen at max capacity (86/86 frames) -- possible dropped samples
I (27952004) kx134: epoch: n=2048 mean_g x=0.976 y=0.062 z=-0.235 max_fifo=86/86
W (27952274) kx134: FIFO seen at max capacity (86/86 frames) -- possible dropped samples
I (27952274) kx134: epoch: n=2048 mean_g x=0.974 y=0.062 z=-0.237 max_fifo=86/86
W (27952544) kx134: FIFO seen at max capacity (86/86 frames) -- possible dropped samples
I (27952544) kx134: epoch: n=2048 mean_g x=0.971 y=0.064 z=-0.236 max_fifo=86/86
W (27952804) kx134: FIFO seen at max capacity (86/86 frames) -- possible dropped samples
I (27952804) kx134: epoch: n=2048 mean_g x=0.971 y=0.062 z=-0.237 max_fifo=86/86
W (27953064) kx134: FIFO seen at max capacity (86/86 frames) -- possible dropped samples
I (27953064) kx134: epoch: n=2048 mean_g x=0.974 y=0.066 z=-0.236 max_fifo=86/86
W (27953334) kx134: FIFO seen at max capacity (86/86 frames) -- possible dropped samples
I (27953334) kx134: epoch: n=2048 mean_g x=0.972 y=0.062 z=-0.236 max_fifo=86/86
W (27953604) kx134: FIFO seen at max capacity (86/86 frames) -- possible dropped samples
I (27953604) kx134: epoch: n=2048 mean_g x=0.971 y=0.059 z=-0.232 max_fifo=86/86
W (27953874) kx134: FIFO seen at max capacity (86/86 frames) -- possible dropped samples
I (27953874) kx134: epoch: n=2048 mean_g x=0.973 y=0.065 z=-0.238 max_fifo=86/86
W (27954134) kx134: FIFO seen at max capacity (86/86 frames) -- possible dropped samples
I (27954134) kx134: epoch: n=2048 mean_g x=0.972 y=0.063 z=-0.237 max_fifo=86/86
W (27954414) kx134: FIFO seen at max capacity (86/86 frames) -- possible dropped samples
I (27954414) kx134: epoch: n=2048 mean_g x=0.973 y=0.062 z=-0.235 max_fifo=86/86
W (27954684) kx134: FIFO seen at max capacity (86/86 frames) -- possible dropped samples
I (27954684) kx134: epoch: n=2048 mean_g x=0.972 y=0.058 z=-0.235 max_fifo=86/86
W (27954944) kx134: FIFO seen at max capacity (86/86 frames) -- possible dropped samples
I (27954944) kx134: epoch: n=2048 mean_g x=0.972 y=0.064 z=-0.236 max_fifo=86/86
W (27955214) kx134: FIFO seen at max capacity (86/86 frames) -- possible dropped samples
I (27955214) kx134: epoch: n=2048 mean_g x=0.970 y=0.062 z=-0.237 max_fifo=86/86
W (27955474) kx134: FIFO seen at max capacity (86/86 frames) -- possible dropped samples
I (27955474) kx134: epoch: n=2048 mean_g x=0.971 y=0.062 z=-0.237 max_fifo=86/86
W (27955744) kx134: FIFO seen at max capacity (86/86 frames) -- possible dropped samples
I (27955744) kx134: epoch: n=2048 mean_g x=0.973 y=0.062 z=-0.235 max_fifo=86/86
W (27956004) kx134: FIFO seen at max capacity (86/86 frames) -- possible dropped samples
I (27956004) kx134: epoch: n=2048 mean_g x=0.971 y=0.064 z=-0.237 max_fifo=86/86
W (27956274) kx134: FIFO seen at max capacity (86/86 frames) -- possible dropped samples
I (27956274) kx134: epoch: n=2048 mean_g x=0.970 y=0.060 z=-0.233 max_fifo=86/86
W (27956544) kx134: FIFO seen at max capacity (86/86 frames) -- possible dropped samples
I (27956544) kx134: epoch: n=2048 mean_g x=0.972 y=0.064 z=-0.237 max_fifo=86/86
W (27956814) kx134: FIFO seen at max capacity (86/86 frames) -- possible dropped samples
I (27956814) kx134: epoch: n=2048 mean_g x=0.973 y=0.064 z=-0.237 max_fifo=86/86
W (27957074) kx134: FIFO seen at max capacity (86/86 frames) -- possible dropped samples
I (27957074) kx134: epoch: n=2048 mean_g x=0.970 y=0.063 z=-0.236 max_fifo=86/86
W (27957354) kx134: FIFO seen at max capacity (86/86 frames) -- possible dropped samples
I (27957354) kx134: epoch: n=2048 mean_g x=0.968 y=0.066 z=-0.235 max_fifo=86/86
W (27957614) kx134: FIFO seen at max capacity (86/86 frames) -- possible dropped samples
I (27957614) kx134: epoch: n=2048 mean_g x=0.973 y=0.060 z=-0.238 max_fifo=86/86
W (27957884) kx134: FIFO seen at max capacity (86/86 frames) -- possible dropped samples
I (27957884) kx134: epoch: n=2048 mean_g x=0.973 y=0.061 z=-0.236 max_fifo=86/86
W (27958154) kx134: FIFO seen at max capacity (86/86 frames) -- possible dropped samples
I (27958154) kx134: epoch: n=2048 mean_g x=0.973 y=0.063 z=-0.236 max_fifo=86/86
W (27958414) kx134: FIFO seen at max capacity (86/86 frames) -- possible dropped samples
I (27958414) kx134: epoch: n=2048 mean_g x=0.972 y=0.060 z=-0.235 max_fifo=86/86
W (27958684) kx134: FIFO seen at max capacity (86/86 frames) -- possible dropped samples
I (27958684) kx134: epoch: n=2048 mean_g x=0.972 y=0.060 z=-0.237 max_fifo=86/86
W (27958944) kx134: FIFO seen at max capacity (86/86 frames) -- possible dropped samples
I (27958944) kx134: epoch: n=2048 mean_g x=0.974 y=0.060 z=-0.233 max_fifo=86/86
W (27959214) kx134: FIFO seen at max capacity (86/86 frames) -- possible dropped samples
I (27959214) kx134: epoch: n=2048 mean_g x=0.972 y=0.068 z=-0.238 max_fifo=86/86
W (27959484) kx134: FIFO seen at max capacity (86/86 frames) -- possible dropped samples
I (27959484) kx134: epoch: n=2048 mean_g x=0.973 y=0.065 z=-0.237 max_fifo=86/86
W (27959754) kx134: FIFO seen at max capacity (86/86 frames) -- possible dropped samples
I (27959754) kx134: epoch: n=2048 mean_g x=0.973 y=0.063 z=-0.233 max_fifo=86/86
W (27960014) kx134: FIFO seen at max capacity (86/86 frames) -- possible dropped samples
I (27960014) kx134: epoch: n=2048 mean_g x=0.973 y=0.061 z=-0.237 max_fifo=86/86
W (27960294) kx134: FIFO seen at max capacity (86/86 frames) -- possible dropped samples
I (27960294) kx134: epoch: n=2048 mean_g x=0.974 y=0.063 z=-0.234 max_fifo=86/86
W (27960564) kx134: FIFO seen at max capacity (86/86 frames) -- possible dropped samples
I (27960564) kx134: epoch: n=2048 mean_g x=0.976 y=0.061 z=-0.239 max_fifo=86/86
W (27960824) kx134: FIFO seen at max capacity (86/86 frames) -- possible dropped samples
I (27960824) kx134: epoch: n=2048 mean_g x=0.970 y=0.064 z=-0.233 max_fifo=86/86
W (27961094) kx134: FIFO seen at max capacity (86/86 frames) -- possible dropped samples
I (27961094) kx134: epoch: n=2048 mean_g x=0.974 y=0.061 z=-0.237 max_fifo=86/86
W (27961354) kx134: FIFO seen at max capacity (86/86 frames) -- possible dropped samples
I (27961354) kx134: epoch: n=2048 mean_g x=0.970 y=0.062 z=-0.238 max_fifo=86/86
W (27961624) kx134: FIFO seen at max capacity (86/86 frames) -- possible dropped samples
I (27961624) kx134: epoch: n=2048 mean_g x=0.971 y=0.060 z=-0.235 max_fifo=86/86
E (27961784) esp-tls: [sock=58] select() timeout
E (27961784) transport_base: Failed to open a new connection: 32774
E (27961784) mqtt_client: Error transport connect
W (27961784) link_mqtt: disconnected
W (27961884) kx134: FIFO seen at max capacity (86/86 frames) -- possible dropped samples
I (27961884) kx134: epoch: n=2048 mean_g x=0.971 y=0.063 z=-0.240 max_fifo=86/86
W (27962154) kx134: FIFO seen at max capacity (86/86 frames) -- possible dropped samples
I (27962154) kx134: epoch: n=2048 mean_g x=0.971 y=0.062 z=-0.232 max_fifo=86/86
W (27962424) kx134: FIFO seen at max capacity (86/86 frames) -- possible dropped samples
I (27962424) kx134: epoch: n=2048 mean_g x=0.972 y=0.058 z=-0.234 max_fifo=86/86
W (27962694) kx134: FIFO seen at max capacity (86/86 frames) -- possible dropped samples
I (27962694) kx134: epoch: n=2048 mean_g x=0.972 y=0.062 z=-0.238 max_fifo=86/86
W (27962954) kx134: FIFO seen at max capacity (86/86 frames) -- possible dropped samples
I (27962954) kx134: epoch: n=2048 mean_g x=0.972 y=0.062 z=-0.235 max_fifo=86/86
W (27963234) kx134: FIFO seen at max capacity (86/86 frames) -- possible dropped samples
I (27963234) kx134: epoch: n=2048 mean_g x=0.972 y=0.064 z=-0.238 max_fifo=86/86
W (27963494) kx134: FIFO seen at max capacity (86/86 frames) -- possible dropped samples
I (27963494) kx134: epoch: n=2048 mean_g x=0.971 y=0.063 z=-0.233 max_fifo=86/86
W (27963764) kx134: FIFO seen at max capacity (86/86 frames) -- possible dropped samples
I (27963764) kx134: epoch: n=2048 mean_g x=0.974 y=0.063 z=-0.237 max_fifo=86/86
W (27964034) kx134: FIFO seen at max capacity (86/86 frames) -- possible dropped samples
I (27964034) kx134: epoch: n=2048 mean_g x=0.974 y=0.061 z=-0.237 max_fifo=86/86
W (27964304) kx134: FIFO seen at max capacity (86/86 frames) -- possible dropped samples
I (27964304) kx134: epoch: n=2048 mean_g x=0.970 y=0.062 z=-0.239 max_fifo=86/86
W (27964574) kx134: FIFO seen at max capacity (86/86 frames) -- possible dropped samples
I (27964574) kx134: epoch: n=2048 mean_g x=0.972 y=0.062 z=-0.235 max_fifo=86/86
W (27964824) kx134: FIFO seen at max capacity (86/86 frames) -- possible dropped samples
I (27964824) kx134: epoch: n=2048 mean_g x=0.974 y=0.060 z=-0.237 max_fifo=86/86
W (27965094) kx134: FIFO seen at max capacity (86/86 frames) -- possible dropped samples
I (27965094) kx134: epoch: n=2048 mean_g x=0.971 y=0.062 z=-0.235 max_fifo=86/86
W (27965364) kx134: FIFO seen at max capacity (86/86 frames) -- possible dropped samples
I (27965364) kx134: epoch: n=2048 mean_g x=0.973 y=0.060 z=-0.235 max_fifo=86/86
W (27965634) kx134: FIFO seen at max capacity (86/86 frames) -- possible dropped samples
I (27965634) kx134: epoch: n=2048 mean_g x=0.973 y=0.061 z=-0.233 max_fifo=86/86
W (27965894) kx134: FIFO seen at max capacity (86/86 frames) -- possible dropped samples
I (27965894) kx134: epoch: n=2048 mean_g x=0.971 y=0.062 z=-0.234 max_fifo=86/86
W (27966174) kx134: FIFO seen at max capacity (86/86 frames) -- possible dropped samples
I (27966174) kx134: epoch: n=2048 mean_g x=0.970 y=0.061 z=-0.239 max_fifo=86/86
W (27966444) kx134: FIFO seen at max capacity (86/86 frames) -- possible dropped samples
I (27966444) kx134: epoch: n=2048 mean_g x=0.971 y=0.062 z=-0.237 max_fifo=86/86
W (27966704) kx134: FIFO seen at max capacity (86/86 frames) -- possible dropped samples
I (27966704) kx134: epoch: n=2048 mean_g x=0.970 y=0.065 z=-0.237 max_fifo=86/86
W (27966974) kx134: FIFO seen at max capacity (86/86 frames) -- possible dropped samples
I (27966974) kx134: epoch: n=2048 mean_g x=0.971 y=0.059 z=-0.238 max_fifo=86/86
W (27967234) kx134: FIFO seen at max capacity (86/86 frames) -- possible dropped samples
I (27967234) kx134: epoch: n=2048 mean_g x=0.972 y=0.063 z=-0.235 max_fifo=86/86
W (27967504) kx134: FIFO seen at max capacity (86/86 frames) -- possible dropped samples
I (27967504) kx134: epoch: n=2048 mean_g x=0.969 y=0.066 z=-0.236 max_fifo=86/86
W (27967764) kx134: FIFO seen at max capacity (86/86 frames) -- possible dropped samples
I (27967764) kx134: epoch: n=2048 mean_g x=0.975 y=0.061 z=-0.237 max_fifo=86/86
W (27968034) kx134: FIFO seen at max capacity (86/86 frames) -- possible dropped samples
I (27968034) kx134: epoch: n=2048 mean_g x=0.969 y=0.060 z=-0.235 max_fifo=86/86
W (27968304) kx134: FIFO seen at max capacity (86/86 frames) -- possible dropped samples
I (27968304) kx134: epoch: n=2048 mean_g x=0.974 y=0.063 z=-0.240 max_fifo=86/86
W (27968574) kx134: FIFO seen at max capacity (86/86 frames) -- possible dropped samples
I (27968574) kx134: epoch: n=2048 mean_g x=0.971 y=0.061 z=-0.238 max_fifo=86/86
W (27968834) kx134: FIFO seen at max capacity (86/86 frames) -- possible dropped samples
I (27968834) kx134: epoch: n=2048 mean_g x=0.973 y=0.062 z=-0.237 max_fifo=86/86
W (27969114) kx134: FIFO seen at max capacity (86/86 frames) -- possible dropped samples
I (27969114) kx134: epoch: n=2048 mean_g x=0.973 y=0.065 z=-0.238 max_fifo=86/86
W (27969374) kx134: FIFO seen at max capacity (86/86 frames) -- possible dropped samples
I (27969374) kx134: epoch: n=2048 mean_g x=0.973 y=0.060 z=-0.236 max_fifo=86/86
W (27969654) kx134: FIFO seen at max capacity (86/86 frames) -- possible dropped samples
I (27969654) kx134: epoch: n=2048 mean_g x=0.970 y=0.067 z=-0.236 max_fifo=86/86
W (27969914) kx134: FIFO seen at max capacity (86/86 frames) -- possible dropped samples
I (27969914) kx134: epoch: n=2048 mean_g x=0.973 y=0.062 z=-0.236 max_fifo=86/86
W (27970174) kx134: FIFO seen at max capacity (86/86 frames) -- possible dropped samples
I (27970174) kx134: epoch: n=2048 mean_g x=0.975 y=0.063 z=-0.238 max_fifo=86/86
W (27970444) kx134: FIFO seen at max capacity (86/86 frames) -- possible dropped samples
I (27970444) kx134: epoch: n=2048 mean_g x=0.973 y=0.061 z=-0.236 max_fifo=86/86
W (27970704) kx134: FIFO seen at max capacity (86/86 frames) -- possible dropped samples
I (27970704) kx134: epoch: n=2048 mean_g x=0.973 y=0.060 z=-0.234 max_fifo=86/86
W (27970974) kx134: FIFO seen at max capacity (86/86 frames) -- possible dropped samples
I (27970974) kx134: epoch: n=2048 mean_g x=0.972 y=0.061 z=-0.238 max_fifo=86/86
W (27971244) kx134: FIFO seen at max capacity (86/86 frames) -- possible dropped samples
I (27971244) kx134: epoch: n=2048 mean_g x=0.973 y=0.062 z=-0.234 max_fifo=86/86
W (27971514) kx134: FIFO seen at max capacity (86/86 frames) -- possible dropped samples
I (27971514) kx134: epoch: n=2048 mean_g x=0.970 y=0.063 z=-0.237 max_fifo=86/86
W (27971774) kx134: FIFO seen at max capacity (86/86 frames) -- possible dropped samples
I (27971774) kx134: epoch: n=2048 mean_g x=0.974 y=0.061 z=-0.236 max_fifo=86/86
W (27972054) kx134: FIFO seen at max capacity (86/86 frames) -- possible dropped samples
I (27972054) kx134: epoch: n=2048 mean_g x=0.972 y=0.065 z=-0.234 max_fifo=86/86
W (27972314) kx134: FIFO seen at max capacity (86/86 frames) -- possible dropped samples
I (27972314) kx134: epoch: n=2048 mean_g x=0.972 y=0.065 z=-0.236 max_fifo=86/86
W (27972584) kx134: FIFO seen at max capacity (86/86 frames) -- possible dropped samples
I (27972584) kx134: epoch: n=2048 mean_g x=0.972 y=0.063 z=-0.237 max_fifo=86/86
W (27972854) kx134: FIFO seen at max capacity (86/86 frames) -- possible dropped samples
I (27972854) kx134: epoch: n=2048 mean_g x=0.970 y=0.064 z=-0.235 max_fifo=86/86
W (27973114) kx134: FIFO seen at max capacity (86/86 frames) -- possible dropped samples
I (27973114) kx134: epoch: n=2048 mean_g x=0.968 y=0.063 z=-0.236 max_fifo=86/86
W (27973384) kx134: FIFO seen at max capacity (86/86 frames) -- possible dropped samples
I (27973384) kx134: epoch: n=2048 mean_g x=0.969 y=0.064 z=-0.239 max_fifo=86/86
W (27973644) kx134: FIFO seen at max capacity (86/86 frames) -- possible dropped samples
I (27973644) kx134: epoch: n=2048 mean_g x=0.971 y=0.067 z=-0.240 max_fifo=86/86
W (27973914) kx134: FIFO seen at max capacity (86/86 frames) -- possible dropped samples
I (27973914) kx134: epoch: n=2048 mean_g x=0.970 y=0.063 z=-0.235 max_fifo=86/86
W (27974184) kx134: FIFO seen at max capacity (86/86 frames) -- possible dropped samples
I (27974184) kx134: epoch: n=2048 mean_g x=0.973 y=0.061 z=-0.235 max_fifo=86/86
W (27974454) kx134: FIFO seen at max capacity (86/86 frames) -- possible dropped samples
I (27974454) kx134: epoch: n=2048 mean_g x=0.969 y=0.062 z=-0.236 max_fifo=86/86
W (27974714) kx134: FIFO seen at max capacity (86/86 frames) -- possible dropped samples
I (27974714) kx134: epoch: n=2048 mean_g x=0.971 y=0.066 z=-0.237 max_fifo=86/86
E (27974794) esp-tls: [sock=58] select() timeout
E (27974794) transport_base: Failed to open a new connection: 32774
E (27974794) mqtt_client: Error transport connect
W (27974794) link_mqtt: disconnected
W (27974994) kx134: FIFO seen at max capacity (86/86 frames) -- possible dropped samples
I (27974994) kx134: epoch: n=2048 mean_g x=0.971 y=0.060 z=-0.234 max_fifo=86/86
W (27975254) kx134: FIFO seen at max capacity (86/86 frames) -- possible dropped samples
I (27975254) kx134: epoch: n=2048 mean_g x=0.972 y=0.064 z=-0.238 max_fifo=86/86
W (27975524) kx134: FIFO seen at max capacity (86/86 frames) -- possible dropped samples
I (27975524) kx134: epoch: n=2048 mean_g x=0.974 y=0.062 z=-0.234 max_fifo=86/86
W (27975794) kx134: FIFO seen at max capacity (86/86 frames) -- possible dropped samples
I (27975794) kx134: epoch: n=2048 mean_g x=0.974 y=0.062 z=-0.237 max_fifo=86/86
W (27976064) kx134: FIFO seen at max capacity (86/86 frames) -- possible dropped samples
I (27976064) kx134: epoch: n=2048 mean_g x=0.970 y=0.068 z=-0.239 max_fifo=86/86
W (27976334) kx134: FIFO seen at max capacity (86/86 frames) -- possible dropped samples
I (27976334) kx134: epoch: n=2048 mean_g x=0.971 y=0.067 z=-0.235 max_fifo=86/86
W (27976584) kx134: FIFO seen at max capacity (86/86 frames) -- possible dropped samples
I (27976584) kx134: epoch: n=2048 mean_g x=0.974 y=0.060 z=-0.237 max_fifo=86/86
W (27976854) kx134: FIFO seen at max capacity (86/86 frames) -- possible dropped samples
I (27976854) kx134: epoch: n=2048 mean_g x=0.974 y=0.067 z=-0.238 max_fifo=86/86
W (27977124) kx134: FIFO seen at max capacity (86/86 frames) -- possible dropped samples
I (27977124) kx134: epoch: n=2048 mean_g x=0.971 y=0.062 z=-0.237 max_fifo=86/86
W (27977394) kx134: FIFO seen at max capacity (86/86 frames) -- possible dropped samples
I (27977394) kx134: epoch: n=2048 mean_g x=0.974 y=0.062 z=-0.234 max_fifo=86/86
W (27977654) kx134: FIFO seen at max capacity (86/86 frames) -- possible dropped samples
I (27977654) kx134: epoch: n=2048 mean_g x=0.973 y=0.056 z=-0.232 max_fifo=86/86
W (27977934) kx134: FIFO seen at max capacity (86/86 frames) -- possible dropped samples
I (27977944) kx134: epoch: n=2048 mean_g x=0.971 y=0.064 z=-0.235 max_fifo=86/86
W (27978204) kx134: FIFO seen at max capacity (86/86 frames) -- possible dropped samples
I (27978204) kx134: epoch: n=2048 mean_g x=0.972 y=0.064 z=-0.234 max_fifo=86/86
W (27978464) kx134: FIFO seen at max capacity (86/86 frames) -- possible dropped samples
I (27978464) kx134: epoch: n=2048 mean_g x=0.971 y=0.061 z=-0.237 max_fifo=86/86
W (27978734) kx134: FIFO seen at max capacity (86/86 frames) -- possible dropped samples
I (27978734) kx134: epoch: n=2048 mean_g x=0.972 y=0.061 z=-0.236 max_fifo=86/86
W (27978994) kx134: FIFO seen at max capacity (86/86 frames) -- possible dropped samples
I (27978994) kx134: epoch: n=2048 mean_g x=0.977 y=0.059 z=-0.235 max_fifo=86/86
W (27979264) kx134: FIFO seen at max capacity (86/86 frames) -- possible dropped samples
I (27979264) kx134: epoch: n=2048 mean_g x=0.970 y=0.059 z=-0.238 max_fifo=86/86
W (27979524) kx134: FIFO seen at max capacity (86/86 frames) -- possible dropped samples
I (27979524) kx134: epoch: n=2048 mean_g x=0.975 y=0.062 z=-0.239 max_fifo=86/86
W (27979794) kx134: FIFO seen at max capacity (86/86 frames) -- possible dropped samples
I (27979794) kx134: epoch: n=2048 mean_g x=0.969 y=0.066 z=-0.236 max_fifo=86/86
W (27980064) kx134: FIFO seen at max capacity (86/86 frames) -- possible dropped samples
I (27980064) kx134: epoch: n=2048 mean_g x=0.970 y=0.064 z=-0.238 max_fifo=86/86
W (27980334) kx134: FIFO seen at max capacity (86/86 frames) -- possible dropped samples
I (27980344) kx134: epoch: n=2048 mean_g x=0.972 y=0.063 z=-0.238 max_fifo=86/86
W (27980594) kx134: FIFO seen at max capacity (86/86 frames) -- possible dropped samples
I (27980594) kx134: epoch: n=2048 mean_g x=0.973 y=0.063 z=-0.235 max_fifo=86/86
W (27980874) kx134: FIFO seen at max capacity (86/86 frames) -- possible dropped samples
I (27980874) kx134: epoch: n=2048 mean_g x=0.973 y=0.059 z=-0.234 max_fifo=86/86
I (27980964) DIAG: Stack HWM (bytes free): mic=7204 dsp=4120 rgb=1920 imu=1580 diag=684
I (27980964) DIAG: CPU runtime:
diag           	106876604		4%
IDLE1          	1677437471		75%
IDLE0          	4188881648		189%
imu_task       	4165316138		188%
tiT            	214579414		9%
mic_task       	233450555		10%
net            	1669321664		75%
wifi_prov      	585648		<1%
dsp_task       	363536554		16%
mqtt_task      	26693163		1%
rgb_led        	47705399		2%
main           	157574		<1%
Tmr Svc        	17		<1%
dns_captive    	54		<1%
sys_evt        	1037592		<1%
httpd          	589		<1%
esp_timer      	14443688		<1%
wifi           	299707061		13%
ipc1           	50730		<1%
ipc0           	37885		<1%

I (27981014) DIAG: Heap free: internal=3172 largest_free=1280 PSRAM=8209812 IRAM=0
I (27981024) DIAG: wifi: connects=3 disconnects=447 retry_cnt=0
I (27981024) DIAG: mqtt: connects=12 disconnects=784 publishes=86767 publish_failures=12 cmds_received=0
I (27981044) DIAG: wifi_prov: state=2 provisioning_entries=1 recovery_entries=1 recovery_successes=0
I (27981044) DIAG: mic: blocks_ok=437174 capture_failures=0 rb_drops=0
W (27981054) DIAG: mic i2s: overflow_count=14 (cumulative) read_errors=0 short_reads=0 — check CPU load
I (27981064) DIAG: dsp: fft_count=437174 frames_emitted=109293 rb_timeouts=0 last_fft_us=605
I (27981074) DIAG: imu: epochs=103943 read_errors=0 reinit_attempts=0 reinit_successes=0
I (27981074) DIAG: accel: reads_ok=311829 read_errors=0 fifo_max_hits=103943
I (27981084) DIAG: net: frames_built=132631 build_failures=0 publish_failures=12 cmd_malformed=0 disconnect_reverts=12
I (27981094) DIAG: led: state_changes=465 remote_updates=0 hw_errors=0
W (27981144) kx134: FIFO seen at max capacity (86/86 frames) -- possible dropped samples
I (27981144) kx134: epoch: n=2048 mean_g x=0.971 y=0.064 z=-0.240 max_fifo=86/86
W (27981404) kx134: FIFO seen at max capacity (86/86 frames) -- possible dropped samples
I (27981404) kx134: epoch: n=2048 mean_g x=0.971 y=0.066 z=-0.235 max_fifo=86/86
W (27981674) kx134: FIFO seen at max capacity (86/86 frames) -- possible dropped samples
I (27981674) kx134: epoch: n=2048 mean_g x=0.974 y=0.061 z=-0.237 max_fifo=86/86
W (27981934) kx134: FIFO seen at max capacity (86/86 frames) -- possible dropped samples
I (27981934) kx134: epoch: n=2048 mean_g x=0.972 y=0.067 z=-0.237 max_fifo=86/86
W (27982204) kx134: FIFO seen at max capacity (86/86 frames) -- possible dropped samples
I (27982204) kx134: epoch: n=2048 mean_g x=0.972 y=0.065 z=-0.236 max_fifo=86/86
W (27982464) kx134: FIFO seen at max capacity (86/86 frames) -- possible dropped samples
I (27982464) kx134: epoch: n=2048 mean_g x=0.968 y=0.064 z=-0.235 max_fifo=86/86
W (27982734) kx134: FIFO seen at max capacity (86/86 frames) -- possible dropped samples
I (27982734) kx134: epoch: n=2048 mean_g x=0.972 y=0.065 z=-0.233 max_fifo=86/86
W (27983004) kx134: FIFO seen at max capacity (86/86 frames) -- possible dropped samples
I (27983004) kx134: epoch: n=2048 mean_g x=0.972 y=0.060 z=-0.235 max_fifo=86/86
W (27983274) kx134: FIFO seen at max capacity (86/86 frames) -- possible dropped samples
I (27983274) kx134: epoch: n=2048 mean_g x=0.974 y=0.061 z=-0.234 max_fifo=86/86
W (27983534) kx134: FIFO seen at max capacity (86/86 frames) -- possible dropped samples
I (27983534) kx134: epoch: n=2048 mean_g x=0.971 y=0.061 z=-0.237 max_fifo=86/86
W (27983814) kx134: FIFO seen at max capacity (86/86 frames) -- possible dropped samples
I (27983814) kx134: epoch: n=2048 mean_g x=0.971 y=0.062 z=-0.237 max_fifo=86/86
W (27984074) kx134: FIFO seen at max capacity (86/86 frames) -- possible dropped samples
I (27984074) kx134: epoch: n=2048 mean_g x=0.972 y=0.060 z=-0.236 max_fifo=86/86
W (27984344) kx134: FIFO seen at max capacity (86/86 frames) -- possible dropped samples
I (27984344) kx134: epoch: n=2048 mean_g x=0.970 y=0.059 z=-0.237 max_fifo=86/86
W (27984614) kx134: FIFO seen at max capacity (86/86 frames) -- possible dropped samples
I (27984614) kx134: epoch: n=2048 mean_g x=0.974 y=0.067 z=-0.238 max_fifo=86/86
W (27984874) kx134: FIFO seen at max capacity (86/86 frames) -- possible dropped samples
I (27984874) kx134: epoch: n=2048 mean_g x=0.973 y=0.065 z=-0.237 max_fifo=86/86
W (27985144) kx134: FIFO seen at max capacity (86/86 frames) -- possible dropped samples
I (27985144) kx134: epoch: n=2048 mean_g x=0.972 y=0.064 z=-0.231 max_fifo=86/86
W (27985404) kx134: FIFO seen at max capacity (86/86 frames) -- possible dropped samples
I (27985404) kx134: epoch: n=2048 mean_g x=0.970 y=0.063 z=-0.235 max_fifo=86/86
W (27985674) kx134: FIFO seen at max capacity (86/86 frames) -- possible dropped samples
I (27985674) kx134: epoch: n=2048 mean_g x=0.969 y=0.065 z=-0.236 max_fifo=86/86
W (27985944) kx134: FIFO seen at max capacity (86/86 frames) -- possible dropped samples
I (27985944) kx134: epoch: n=2048 mean_g x=0.972 y=0.066 z=-0.234 max_fifo=86/86
W (27986214) kx134: FIFO seen at max capacity (86/86 frames) -- possible dropped samples
I (27986214) kx134: epoch: n=2048 mean_g x=0.972 y=0.064 z=-0.235 max_fifo=86/86
W (27986474) kx134: FIFO seen at max capacity (86/86 frames) -- possible dropped samples
I (27986474) kx134: epoch: n=2048 mean_g x=0.970 y=0.066 z=-0.235 max_fifo=86/86
W (27986754) kx134: FIFO seen at max capacity (86/86 frames) -- possible dropped samples
I (27986754) kx134: epoch: n=2048 mean_g x=0.971 y=0.062 z=-0.234 max_fifo=86/86
W (27987024) kx134: FIFO seen at max capacity (86/86 frames) -- possible dropped samples
I (27987024) kx134: epoch: n=2048 mean_g x=0.973 y=0.063 z=-0.235 max_fifo=86/86
W (27987284) kx134: FIFO seen at max capacity (86/86 frames) -- possible dropped samples
I (27987294) kx134: epoch: n=2048 mean_g x=0.971 y=0.065 z=-0.239 max_fifo=86/86
W (27987554) kx134: FIFO seen at max capacity (86/86 frames) -- possible dropped samples
I (27987554) kx134: epoch: n=2048 mean_g x=0.973 y=0.060 z=-0.239 max_fifo=86/86
E (27987804) esp-tls: [sock=58] select() timeout
E (27987804) transport_base: Failed to open a new connection: 32774
E (27987804) mqtt_client: Error transport connect
W (27987804) link_mqtt: disconnected
W (27987824) kx134: FIFO seen at max capacity (86/86 frames) -- possible dropped samples
I (27987824) kx134: epoch: n=2048 mean_g x=0.969 y=0.062 z=-0.236 max_fifo=86/86
W (27988094) kx134: FIFO seen at max capacity (86/86 frames) -- possible dropped samples
I (27988094) kx134: epoch: n=2048 mean_g x=0.971 y=0.065 z=-0.236 max_fifo=86/86
W (27988354) kx134: FIFO seen at max capacity (86/86 frames) -- possible dropped samples
I (27988354) kx134: epoch: n=2048 mean_g x=0.972 y=0.060 z=-0.235 max_fifo=86/86
W (27988634) kx134: FIFO seen at max capacity (86/86 frames) -- possible dropped samples
I (27988634) kx134: epoch: n=2048 mean_g x=0.970 y=0.065 z=-0.232 max_fifo=86/86
W (27988904) kx134: FIFO seen at max capacity (86/86 frames) -- possible dropped samples
I (27988904) kx134: epoch: n=2048 mean_g x=0.971 y=0.062 z=-0.235 max_fifo=86/86
W (27989184) kx134: FIFO seen at max capacity (86/86 frames) -- possible dropped samples
I (27989184) kx134: epoch: n=2048 mean_g x=0.973 y=0.064 z=-0.233 max_fifo=86/86
W (27989444) kx134: FIFO seen at max capacity (86/86 frames) -- possible dropped samples
I (27989444) kx134: epoch: n=2048 mean_g x=0.971 y=0.062 z=-0.238 max_fifo=86/86
W (27989704) kx134: FIFO seen at max capacity (86/86 frames) -- possible dropped samples
I (27989704) kx134: epoch: n=2048 mean_g x=0.972 y=0.061 z=-0.237 max_fifo=86/86
W (27989974) kx134: FIFO seen at max capacity (86/86 frames) -- possible dropped samples
I (27989974) kx134: epoch: n=2048 mean_g x=0.973 y=0.063 z=-0.237 max_fifo=86/86
W (27990234) kx134: FIFO seen at max capacity (86/86 frames) -- possible dropped samples
I (27990234) kx134: epoch: n=2048 mean_g x=0.968 y=0.064 z=-0.235 max_fifo=86/86
W (27990504) kx134: FIFO seen at max capacity (86/86 frames) -- possible dropped samples
I (27990504) kx134: epoch: n=2048 mean_g x=0.969 y=0.062 z=-0.234 max_fifo=86/86
W (27990774) kx134: FIFO seen at max capacity (86/86 frames) -- possible dropped samples
I (27990774) kx134: epoch: n=2048 mean_g x=0.971 y=0.065 z=-0.235 max_fifo=86/86
W (27991054) kx134: FIFO seen at max capacity (86/86 frames) -- possible dropped samples
I (27991054) kx134: epoch: n=2048 mean_g x=0.974 y=0.063 z=-0.237 max_fifo=86/86
W (27991314) kx134: FIFO seen at max capacity (86/86 frames) -- possible dropped samples
I (27991314) kx134: epoch: n=2048 mean_g x=0.974 y=0.060 z=-0.237 max_fifo=86/86
W (27991594) kx134: FIFO seen at max capacity (86/86 frames) -- possible dropped samples
I (27991594) kx134: epoch: n=2048 mean_g x=0.971 y=0.063 z=-0.237 max_fifo=86/86
W (27991864) kx134: FIFO seen at max capacity (86/86 frames) -- possible dropped samples
I (27991864) kx134: epoch: n=2048 mean_g x=0.971 y=0.065 z=-0.236 max_fifo=86/86
W (27992134) kx134: FIFO seen at max capacity (86/86 frames) -- possible dropped samples
I (27992134) kx134: epoch: n=2048 mean_g x=0.974 y=0.061 z=-0.233 max_fifo=86/86
W (27992414) kx134: FIFO seen at max capacity (86/86 frames) -- possible dropped samples
I (27992414) kx134: epoch: n=2048 mean_g x=0.971 y=0.062 z=-0.235 max_fifo=86/86
W (27992684) kx134: FIFO seen at max capacity (86/86 frames) -- possible dropped samples
I (27992684) kx134: epoch: n=2048 mean_g x=0.969 y=0.062 z=-0.239 max_fifo=86/86
W (27992954) kx134: FIFO seen at max capacity (86/86 frames) -- possible dropped samples
I (27992954) kx134: epoch: n=2048 mean_g x=0.971 y=0.064 z=-0.238 max_fifo=86/86
W (27993224) kx134: FIFO seen at max capacity (86/86 frames) -- possible dropped samples
I (27993224) kx134: epoch: n=2048 mean_g x=0.969 y=0.063 z=-0.236 max_fifo=86/86
W (27993484) kx134: FIFO seen at max capacity (86/86 frames) -- possible dropped samples
I (27993484) kx134: epoch: n=2048 mean_g x=0.970 y=0.064 z=-0.240 max_fifo=86/86
W (27993754) kx134: FIFO seen at max capacity (86/86 frames) -- possible dropped samples
I (27993754) kx134: epoch: n=2048 mean_g x=0.969 y=0.059 z=-0.236 max_fifo=86/86
W (27994014) kx134: FIFO seen at max capacity (86/86 frames) -- possible dropped samples
I (27994014) kx134: epoch: n=2048 mean_g x=0.973 y=0.066 z=-0.235 max_fifo=86/86
W (27994284) kx134: FIFO seen at max capacity (86/86 frames) -- possible dropped samples
I (27994284) kx134: epoch: n=2048 mean_g x=0.969 y=0.062 z=-0.237 max_fifo=86/86
W (27994554) kx134: FIFO seen at max capacity (86/86 frames) -- possible dropped samples
I (27994554) kx134: epoch: n=2048 mean_g x=0.969 y=0.063 z=-0.233 max_fifo=86/86
W (27994824) kx134: FIFO seen at max capacity (86/86 frames) -- possible dropped samples
I (27994824) kx134: epoch: n=2048 mean_g x=0.974 y=0.061 z=-0.236 max_fifo=86/86
W (27995084) kx134: FIFO seen at max capacity (86/86 frames) -- possible dropped samples
I (27995084) kx134: epoch: n=2048 mean_g x=0.970 y=0.060 z=-0.238 max_fifo=86/86
W (27995364) kx134: FIFO seen at max capacity (86/86 frames) -- possible dropped samples
I (27995364) kx134: epoch: n=2048 mean_g x=0.969 y=0.060 z=-0.233 max_fifo=86/86
W (27995634) kx134: FIFO seen at max capacity (86/86 frames) -- possible dropped samples
I (27995634) kx134: epoch: n=2048 mean_g x=0.971 y=0.065 z=-0.238 max_fifo=86/86
W (27995894) kx134: FIFO seen at max capacity (86/86 frames) -- possible dropped samples
I (27995894) kx134: epoch: n=2048 mean_g x=0.971 y=0.061 z=-0.236 max_fifo=86/86
W (27996164) kx134: FIFO seen at max capacity (86/86 frames) -- possible dropped samples
I (27996164) kx134: epoch: n=2048 mean_g x=0.973 y=0.067 z=-0.234 max_fifo=86/86
W (27996434) kx134: FIFO seen at max capacity (86/86 frames) -- possible dropped samples
I (27996434) kx134: epoch: n=2048 mean_g x=0.976 y=0.063 z=-0.236 max_fifo=86/86
W (27996694) kx134: FIFO seen at max capacity (86/86 frames) -- possible dropped samples
I (27996694) kx134: epoch: n=2048 mean_g x=0.970 y=0.063 z=-0.236 max_fifo=86/86
W (27996954) kx134: FIFO seen at max capacity (86/86 frames) -- possible dropped samples
I (27996954) kx134: epoch: n=2048 mean_g x=0.972 y=0.064 z=-0.237 max_fifo=86/86
W (27997224) kx134: FIFO seen at max capacity (86/86 frames) -- possible dropped samples
I (27997224) kx134: epoch: n=2048 mean_g x=0.969 y=0.068 z=-0.234 max_fifo=86/86
W (27997494) kx134: FIFO seen at max capacity (86/86 frames) -- possible dropped samples
I (27997494) kx134: epoch: n=2048 mean_g x=0.972 y=0.064 z=-0.237 max_fifo=86/86
W (27997764) kx134: FIFO seen at max capacity (86/86 frames) -- possible dropped samples
I (27997764) kx134: epoch: n=2048 mean_g x=0.971 y=0.063 z=-0.236 max_fifo=86/86
W (27998024) kx134: FIFO seen at max capacity (86/86 frames) -- possible dropped samples
I (27998024) kx134: epoch: n=2048 mean_g x=0.971 y=0.060 z=-0.233 max_fifo=86/86
W (27998304) kx134: FIFO seen at max capacity (86/86 frames) -- possible dropped samples
I (27998304) kx134: epoch: n=2048 mean_g x=0.972 y=0.065 z=-0.234 max_fifo=86/86
W (27998574) kx134: FIFO seen at max capacity (86/86 frames) -- possible dropped samples
I (27998574) kx134: epoch: n=2048 mean_g x=0.976 y=0.063 z=-0.236 max_fifo=86/86
W (27998834) kx134: FIFO seen at max capacity (86/86 frames) -- possible dropped samples
I (27998834) kx134: epoch: n=2048 mean_g x=0.975 y=0.065 z=-0.237 max_fifo=86/86
W (27999104) kx134: FIFO seen at max capacity (86/86 frames) -- possible dropped samples
I (27999104) kx134: epoch: n=2048 mean_g x=0.972 y=0.062 z=-0.234 max_fifo=86/86
W (27999364) kx134: FIFO seen at max capacity (86/86 frames) -- possible dropped samples
I (27999364) kx134: epoch: n=2048 mean_g x=0.973 y=0.060 z=-0.235 max_fifo=86/86
W (27999634) kx134: FIFO seen at max capacity (86/86 frames) -- possible dropped samples
I (27999634) kx134: epoch: n=2048 mean_g x=0.971 y=0.063 z=-0.236 max_fifo=86/86
W (27999894) kx134: FIFO seen at max capacity (86/86 frames) -- possible dropped samples
I (27999894) kx134: epoch: n=2048 mean_g x=0.972 y=0.063 z=-0.236 max_fifo=86/86
W (28000164) kx134: FIFO seen at max capacity (86/86 frames) -- possible dropped samples
I (28000164) kx134: epoch: n=2048 mean_g x=0.970 y=0.067 z=-0.236 max_fifo=86/86
W (28000434) kx134: FIFO seen at max capacity (86/86 frames) -- possible dropped samples
I (28000434) kx134: epoch: n=2048 mean_g x=0.973 y=0.059 z=-0.236 max_fifo=86/86
W (28000704) kx134: FIFO seen at max capacity (86/86 frames) -- possible dropped samples
I (28000704) kx134: epoch: n=2048 mean_g x=0.978 y=0.060 z=-0.236 max_fifo=86/86
E (28000814) esp-tls: [sock=58] select() timeout
E (28000814) transport_base: Failed to open a new connection: 32774
E (28000814) mqtt_client: Error transport connect
W (28000814) link_mqtt: disconnected
W (28000974) kx134: FIFO seen at max capacity (86/86 frames) -- possible dropped samples
I (28000974) kx134: epoch: n=2048 mean_g x=0.973 y=0.063 z=-0.237 max_fifo=86/86
W (28001254) kx134: FIFO seen at max capacity (86/86 frames) -- possible dropped samples
I (28001254) kx134: epoch: n=2048 mean_g x=0.970 y=0.064 z=-0.237 max_fifo=86/86
W (28001524) kx134: FIFO seen at max capacity (86/86 frames) -- possible dropped samples
I (28001524) kx134: epoch: n=2048 mean_g x=0.967 y=0.068 z=-0.237 max_fifo=86/86
W (28001784) kx134: FIFO seen at max capacity (86/86 frames) -- possible dropped samples
I (28001784) kx134: epoch: n=2048 mean_g x=0.973 y=0.066 z=-0.234 max_fifo=86/86
W (28002054) kx134: FIFO seen at max capacity (86/86 frames) -- possible dropped samples
I (28002054) kx134: epoch: n=2048 mean_g x=0.974 y=0.062 z=-0.240 max_fifo=86/86
W (28002324) kx134: FIFO seen at max capacity (86/86 frames) -- possible dropped samples
I (28002324) kx134: epoch: n=2048 mean_g x=0.973 y=0.065 z=-0.239 max_fifo=86/86
W (28002594) kx134: FIFO seen at max capacity (86/86 frames) -- possible dropped samples
I (28002594) kx134: epoch: n=2048 mean_g x=0.973 y=0.061 z=-0.236 max_fifo=86/86
W (28002854) kx134: FIFO seen at max capacity (86/86 frames) -- possible dropped samples
I (28002854) kx134: epoch: n=2048 mean_g x=0.971 y=0.065 z=-0.238 max_fifo=86/86
W (28003134) kx134: FIFO seen at max capacity (86/86 frames) -- possible dropped samples
I (28003134) kx134: epoch: n=2048 mean_g x=0.974 y=0.063 z=-0.234 max_fifo=86/86
W (28003404) kx134: FIFO seen at max capacity (86/86 frames) -- possible dropped samples
I (28003404) kx134: epoch: n=2048 mean_g x=0.974 y=0.062 z=-0.235 max_fifo=86/86
W (28003664) kx134: FIFO seen at max capacity (86/86 frames) -- possible dropped samples
I (28003664) kx134: epoch: n=2048 mean_g x=0.970 y=0.066 z=-0.240 max_fifo=86/86
W (28003944) kx134: FIFO seen at max capacity (86/86 frames) -- possible dropped samples
I (28003944) kx134: epoch: n=2048 mean_g x=0.972 y=0.061 z=-0.235 max_fifo=86/86
W (28004204) kx134: FIFO seen at max capacity (86/86 frames) -- possible dropped samples
I (28004204) kx134: epoch: n=2048 mean_g x=0.972 y=0.065 z=-0.235 max_fifo=86/86
W (28004464) kx134: FIFO seen at max capacity (86/86 frames) -- possible dropped samples
I (28004464) kx134: epoch: n=2048 mean_g x=0.969 y=0.063 z=-0.235 max_fifo=86/86
W (28004724) kx134: FIFO seen at max capacity (86/86 frames) -- possible dropped samples
I (28004724) kx134: epoch: n=2048 mean_g x=0.969 y=0.066 z=-0.238 max_fifo=86/86
W (28004994) kx134: FIFO seen at max capacity (86/86 frames) -- possible dropped samples
I (28004994) kx134: epoch: n=2048 mean_g x=0.974 y=0.062 z=-0.238 max_fifo=86/86
W (28005264) kx134: FIFO seen at max capacity (86/86 frames) -- possible dropped samples
I (28005264) kx134: epoch: n=2048 mean_g x=0.969 y=0.062 z=-0.237 max_fifo=86/86
W (28005534) kx134: FIFO seen at max capacity (86/86 frames) -- possible dropped samples
I (28005534) kx134: epoch: n=2048 mean_g x=0.971 y=0.065 z=-0.239 max_fifo=86/86
W (28005794) kx134: FIFO seen at max capacity (86/86 frames) -- possible dropped samples
I (28005794) kx134: epoch: n=2048 mean_g x=0.975 y=0.064 z=-0.237 max_fifo=86/86
W (28006074) kx134: FIFO seen at max capacity (86/86 frames) -- possible dropped samples
I (28006074) kx134: epoch: n=2048 mean_g x=0.971 y=0.062 z=-0.236 max_fifo=86/86
W (28006334) kx134: FIFO seen at max capacity (86/86 frames) -- possible dropped samples
I (28006334) kx134: epoch: n=2048 mean_g x=0.971 y=0.063 z=-0.237 max_fifo=86/86
W (28006604) kx134: FIFO seen at max capacity (86/86 frames) -- possible dropped samples
I (28006604) kx134: epoch: n=2048 mean_g x=0.971 y=0.065 z=-0.237 max_fifo=86/86
W (28006874) kx134: FIFO seen at max capacity (86/86 frames) -- possible dropped samples
I (28006874) kx134: epoch: n=2048 mean_g x=0.974 y=0.062 z=-0.236 max_fifo=86/86
W (28007144) kx134: FIFO seen at max capacity (86/86 frames) -- possible dropped samples
I (28007144) kx134: epoch: n=2048 mean_g x=0.970 y=0.064 z=-0.237 max_fifo=86/86
W (28007404) kx134: FIFO seen at max capacity (86/86 frames) -- possible dropped samples
I (28007404) kx134: epoch: n=2048 mean_g x=0.973 y=0.064 z=-0.240 max_fifo=86/86
W (28007664) kx134: FIFO seen at max capacity (86/86 frames) -- possible dropped samples
I (28007664) kx134: epoch: n=2048 mean_g x=0.972 y=0.064 z=-0.239 max_fifo=86/86
W (28007934) kx134: FIFO seen at max capacity (86/86 frames) -- possible dropped samples
I (28007934) kx134: epoch: n=2048 mean_g x=0.971 y=0.065 z=-0.238 max_fifo=86/86
W (28008204) kx134: FIFO seen at max capacity (86/86 frames) -- possible dropped samples
I (28008204) kx134: epoch: n=2048 mean_g x=0.969 y=0.063 z=-0.238 max_fifo=86/86
W (28008474) kx134: FIFO seen at max capacity (86/86 frames) -- possible dropped samples
I (28008474) kx134: epoch: n=2048 mean_g x=0.973 y=0.062 z=-0.235 max_fifo=86/86
W (28008734) kx134: FIFO seen at max capacity (86/86 frames) -- possible dropped samples
I (28008734) kx134: epoch: n=2048 mean_g x=0.974 y=0.063 z=-0.239 max_fifo=86/86
W (28009014) kx134: FIFO seen at max capacity (86/86 frames) -- possible dropped samples
I (28009014) kx134: epoch: n=2048 mean_g x=0.971 y=0.064 z=-0.237 max_fifo=86/86
W (28009284) kx134: FIFO seen at max capacity (86/86 frames) -- possible dropped samples
I (28009284) kx134: epoch: n=2048 mean_g x=0.971 y=0.062 z=-0.237 max_fifo=86/86
W (28009544) kx134: FIFO seen at max capacity (86/86 frames) -- possible dropped samples
I (28009544) kx134: epoch: n=2048 mean_g x=0.973 y=0.066 z=-0.238 max_fifo=86/86
W (28009814) kx134: FIFO seen at max capacity (86/86 frames) -- possible dropped samples
I (28009814) kx134: epoch: n=2048 mean_g x=0.970 y=0.063 z=-0.238 max_fifo=86/86
W (28010074) kx134: FIFO seen at max capacity (86/86 frames) -- possible dropped samples
I (28010074) kx134: epoch: n=2048 mean_g x=0.975 y=0.062 z=-0.233 max_fifo=86/86
W (28010344) kx134: FIFO seen at max capacity (86/86 frames) -- possible dropped samples
I (28010344) kx134: epoch: n=2048 mean_g x=0.969 y=0.064 z=-0.235 max_fifo=86/86
W (28010604) kx134: FIFO seen at max capacity (86/86 frames) -- possible dropped samples
I (28010604) kx134: epoch: n=2048 mean_g x=0.974 y=0.064 z=-0.234 max_fifo=86/86
W (28010874) kx134: FIFO seen at max capacity (86/86 frames) -- possible dropped samples
I (28010874) kx134: epoch: n=2048 mean_g x=0.973 y=0.064 z=-0.238 max_fifo=86/86
I (28011104) DIAG: Stack HWM (bytes free): mic=7204 dsp=4120 rgb=1920 imu=1580 diag=684
I (28011104) DIAG: CPU runtime:
diag           	106994043		4%
IDLE0          	4212053709		188%
IDLE1          	1707036217		76%
mic_task       	233703260		10%
tiT            	214621716		9%
net            	1671073060		74%
wifi_prov      	586550		<1%
imu_task       	4169827012		186%
dsp_task       	363928359		16%
mqtt_task      	26710877		1%
rgb_led        	47855466		2%
main           	157574		<1%
dns_captive    	54		<1%
sys_evt        	1037592		<1%
httpd          	589		<1%
ipc1           	50730		<1%
esp_timer      	14474937		<1%
wifi           	299950987		13%
ipc0           	37885		<1%
Tmr Svc        	17		<1%

W (28011144) kx134: FIFO seen at max capacity (86/86 frames) -- possible dropped samples
I (28011164) kx134: epoch: n=2048 mean_g x=0.973 y=0.061 z=-0.237 max_fifo=86/86
I (28011194) DIAG: Heap free: internal=3172 largest_free=1280 PSRAM=8209812 IRAM=0
I (28011194) DIAG: wifi: connects=3 disconnects=447 retry_cnt=0
I (28011194) DIAG: mqtt: connects=12 disconnects=786 publishes=86767 publish_failures=12 cmds_received=0
I (28011204) DIAG: wifi_prov: state=2 provisioning_entries=1 recovery_entries=1 recovery_successes=0
I (28011214) DIAG: mic: blocks_ok=437645 capture_failures=0 rb_drops=0
W (28011224) DIAG: mic i2s: overflow_count=14 (cumulative) read_errors=0 short_reads=0 — check CPU load
I (28011234) DIAG: dsp: fft_count=437646 frames_emitted=109411 rb_timeouts=0 last_fft_us=605
I (28011234) DIAG: imu: epochs=104056 read_errors=0 reinit_attempts=0 reinit_successes=0
I (28011244) DIAG: accel: reads_ok=312168 read_errors=0 fifo_max_hits=104056
I (28011254) DIAG: net: frames_built=132774 build_failures=0 publish_failures=12 cmd_malformed=0 disconnect_reverts=12
I (28011264) DIAG: led: state_changes=465 remote_updates=0 hw_errors=0
W (28011434) kx134: FIFO seen at max capacity (86/86 frames) -- possible dropped samples
I (28011434) kx134: epoch: n=2048 mean_g x=0.969 y=0.062 z=-0.234 max_fifo=86/86
W (28011704) kx134: FIFO seen at max capacity (86/86 frames) -- possible dropped samples
I (28011704) kx134: epoch: n=2048 mean_g x=0.970 y=0.061 z=-0.234 max_fifo=86/86
W (28011964) kx134: FIFO seen at max capacity (86/86 frames) -- possible dropped samples
I (28011964) kx134: epoch: n=2048 mean_g x=0.972 y=0.065 z=-0.236 max_fifo=86/86
W (28012234) kx134: FIFO seen at max capacity (86/86 frames) -- possible dropped samples
I (28012234) kx134: epoch: n=2048 mean_g x=0.971 y=0.065 z=-0.236 max_fifo=86/86
W (28012494) kx134: FIFO seen at max capacity (86/86 frames) -- possible dropped samples
I (28012494) kx134: epoch: n=2048 mean_g x=0.971 y=0.064 z=-0.238 max_fifo=86/86
W (28012764) kx134: FIFO seen at max capacity (86/86 frames) -- possible dropped samples
I (28012764) kx134: epoch: n=2048 mean_g x=0.973 y=0.062 z=-0.237 max_fifo=86/86
W (28013034) kx134: FIFO seen at max capacity (86/86 frames) -- possible dropped samples
I (28013034) kx134: epoch: n=2048 mean_g x=0.969 y=0.066 z=-0.237 max_fifo=86/86
W (28013304) kx134: FIFO seen at max capacity (86/86 frames) -- possible dropped samples
I (28013304) kx134: epoch: n=2048 mean_g x=0.974 y=0.064 z=-0.236 max_fifo=86/86
W (28013564) kx134: FIFO seen at max capacity (86/86 frames) -- possible dropped samples
I (28013564) kx134: epoch: n=2048 mean_g x=0.975 y=0.059 z=-0.239 max_fifo=86/86
E (28013824) esp-tls: [sock=58] select() timeout
E (28013824) transport_base: Failed to open a new connection: 32774
E (28013824) mqtt_client: Error transport connect
W (28013824) link_mqtt: disconnected
W (28013844) kx134: FIFO seen at max capacity (86/86 frames) -- possible dropped samples
I (28013844) kx134: epoch: n=2048 mean_g x=0.970 y=0.063 z=-0.234 max_fifo=86/86
W (28014114) kx134: FIFO seen at max capacity (86/86 frames) -- possible dropped samples
I (28014114) kx134: epoch: n=2048 mean_g x=0.971 y=0.060 z=-0.234 max_fifo=86/86
W (28014374) kx134: FIFO seen at max capacity (86/86 frames) -- possible dropped samples
I (28014374) kx134: epoch: n=2048 mean_g x=0.972 y=0.068 z=-0.238 max_fifo=86/86
W (28014644) kx134: FIFO seen at max capacity (86/86 frames) -- possible dropped samples
I (28014644) kx134: epoch: n=2048 mean_g x=0.971 y=0.063 z=-0.235 max_fifo=86/86
W (28014904) kx134: FIFO seen at max capacity (86/86 frames) -- possible dropped samples
I (28014904) kx134: epoch: n=2048 mean_g x=0.972 y=0.067 z=-0.239 max_fifo=86/86
W (28015174) kx134: FIFO seen at max capacity (86/86 frames) -- possible dropped samples
I (28015174) kx134: epoch: n=2048 mean_g x=0.973 y=0.063 z=-0.238 max_fifo=86/86
W (28015434) kx134: FIFO seen at max capacity (86/86 frames) -- possible dropped samples
I (28015434) kx134: epoch: n=2048 mean_g x=0.971 y=0.063 z=-0.239 max_fifo=86/86
W (28015704) kx134: FIFO seen at max capacity (86/86 frames) -- possible dropped samples
I (28015704) kx134: epoch: n=2048 mean_g x=0.973 y=0.063 z=-0.237 max_fifo=86/86
W (28015974) kx134: FIFO seen at max capacity (86/86 frames) -- possible dropped samples
I (28015974) kx134: epoch: n=2048 mean_g x=0.972 y=0.065 z=-0.236 max_fifo=86/86
W (28016244) kx134: FIFO seen at max capacity (86/86 frames) -- possible dropped samples
I (28016244) kx134: epoch: n=2048 mean_g x=0.972 y=0.061 z=-0.235 max_fifo=86/86
W (28016504) kx134: FIFO seen at max capacity (86/86 frames) -- possible dropped samples
I (28016504) kx134: epoch: n=2048 mean_g x=0.972 y=0.066 z=-0.236 max_fifo=86/86
W (28016784) kx134: FIFO seen at max capacity (86/86 frames) -- possible dropped samples
I (28016784) kx134: epoch: n=2048 mean_g x=0.971 y=0.062 z=-0.235 max_fifo=86/86
W (28017044) kx134: FIFO seen at max capacity (86/86 frames) -- possible dropped samples
I (28017044) kx134: epoch: n=2048 mean_g x=0.973 y=0.062 z=-0.239 max_fifo=86/86
W (28017314) kx134: FIFO seen at max capacity (86/86 frames) -- possible dropped samples
I (28017314) kx134: epoch: n=2048 mean_g x=0.976 y=0.063 z=-0.236 max_fifo=86/86
W (28017584) kx134: FIFO seen at max capacity (86/86 frames) -- possible dropped samples
I (28017584) kx134: epoch: n=2048 mean_g x=0.969 y=0.061 z=-0.237 max_fifo=86/86
W (28017854) kx134: FIFO seen at max capacity (86/86 frames) -- possible dropped samples
I (28017854) kx134: epoch: n=2048 mean_g x=0.968 y=0.059 z=-0.237 max_fifo=86/86
W (28018124) kx134: FIFO seen at max capacity (86/86 frames) -- possible dropped samples
I (28018124) kx134: epoch: n=2048 mean_g x=0.974 y=0.066 z=-0.237 max_fifo=86/86
W (28018384) kx134: FIFO seen at max capacity (86/86 frames) -- possible dropped samples
I (28018384) kx134: epoch: n=2048 mean_g x=0.976 y=0.061 z=-0.235 max_fifo=86/86
W (28018664) kx134: FIFO seen at max capacity (86/86 frames) -- possible dropped samples
I (28018664) kx134: epoch: n=2048 mean_g x=0.974 y=0.063 z=-0.236 max_fifo=86/86
W (28018934) kx134: FIFO seen at max capacity (86/86 frames) -- possible dropped samples
I (28018934) kx134: epoch: n=2048 mean_g x=0.973 y=0.063 z=-0.238 max_fifo=86/86
W (28019204) kx134: FIFO seen at max capacity (86/86 frames) -- possible dropped samples
I (28019204) kx134: epoch: n=2048 mean_g x=0.970 y=0.063 z=-0.236 max_fifo=86/86
W (28019474) kx134: FIFO seen at max capacity (86/86 frames) -- possible dropped samples
I (28019474) kx134: epoch: n=2048 mean_g x=0.969 y=0.063 z=-0.234 max_fifo=86/86
W (28019734) kx134: FIFO seen at max capacity (86/86 frames) -- possible dropped samples
I (28019734) kx134: epoch: n=2048 mean_g x=0.971 y=0.064 z=-0.234 max_fifo=86/86
W (28020004) kx134: FIFO seen at max capacity (86/86 frames) -- possible dropped samples
I (28020004) kx134: epoch: n=2048 mean_g x=0.973 y=0.062 z=-0.237 max_fifo=86/86
W (28020264) kx134: FIFO seen at max capacity (86/86 frames) -- possible dropped samples
I (28020264) kx134: epoch: n=2048 mean_g x=0.971 y=0.061 z=-0.235 max_fifo=86/86
W (28020534) kx134: FIFO seen at max capacity (86/86 frames) -- possible dropped samples
I (28020534) kx134: epoch: n=2048 mean_g x=0.973 y=0.057 z=-0.234 max_fifo=86/86
W (28020804) kx134: FIFO seen at max capacity (86/86 frames) -- possible dropped samples
I (28020804) kx134: epoch: n=2048 mean_g x=0.974 y=0.058 z=-0.236 max_fifo=86/86
W (28021074) kx134: FIFO seen at max capacity (86/86 frames) -- possible dropped samples
I (28021074) kx134: epoch: n=2048 mean_g x=0.970 y=0.061 z=-0.237 max_fifo=86/86
W (28021334) kx134: FIFO seen at max capacity (86/86 frames) -- possible dropped samples
I (28021334) kx134: epoch: n=2048 mean_g x=0.972 y=0.063 z=-0.233 max_fifo=86/86
W (28021614) kx134: FIFO seen at max capacity (86/86 frames) -- possible dropped samples
I (28021614) kx134: epoch: n=2048 mean_g x=0.974 y=0.062 z=-0.236 max_fifo=86/86
W (28021874) kx134: FIFO seen at max capacity (86/86 frames) -- possible dropped samples
I (28021874) kx134: epoch: n=2048 mean_g x=0.971 y=0.065 z=-0.237 max_fifo=86/86
W (28022144) kx134: FIFO seen at max capacity (86/86 frames) -- possible dropped samples
I (28022144) kx134: epoch: n=2048 mean_g x=0.970 y=0.063 z=-0.232 max_fifo=86/86
W (28022414) kx134: FIFO seen at max capacity (86/86 frames) -- possible dropped samples
I (28022414) kx134: epoch: n=2048 mean_g x=0.973 y=0.059 z=-0.238 max_fifo=86/86
W (28022674) kx134: FIFO seen at max capacity (86/86 frames) -- possible dropped samples
I (28022674) kx134: epoch: n=2048 mean_g x=0.972 y=0.068 z=-0.237 max_fifo=86/86
W (28022944) kx134: FIFO seen at max capacity (86/86 frames) -- possible dropped samples
I (28022944) kx134: epoch: n=2048 mean_g x=0.971 y=0.065 z=-0.236 max_fifo=86/86
W (28023204) kx134: FIFO seen at max capacity (86/86 frames) -- possible dropped samples
I (28023204) kx134: epoch: n=2048 mean_g x=0.973 y=0.063 z=-0.241 max_fifo=86/86
W (28023474) kx134: FIFO seen at max capacity (86/86 frames) -- possible dropped samples
I (28023474) kx134: epoch: n=2048 mean_g x=0.972 y=0.062 z=-0.234 max_fifo=86/86
W (28023744) kx134: FIFO seen at max capacity (86/86 frames) -- possible dropped samples
I (28023744) kx134: epoch: n=2048 mean_g x=0.972 y=0.058 z=-0.236 max_fifo=86/86
W (28024014) kx134: FIFO seen at max capacity (86/86 frames) -- possible dropped samples
I (28024014) kx134: epoch: n=2048 mean_g x=0.972 y=0.061 z=-0.236 max_fifo=86/86
W (28024274) kx134: FIFO seen at max capacity (86/86 frames) -- possible dropped samples
I (28024274) kx134: epoch: n=2048 mean_g x=0.974 y=0.059 z=-0.237 max_fifo=86/86
W (28024554) kx134: FIFO seen at max capacity (86/86 frames) -- possible dropped samples
I (28024554) kx134: epoch: n=2048 mean_g x=0.969 y=0.064 z=-0.237 max_fifo=86/86
W (28024814) kx134: FIFO seen at max capacity (86/86 frames) -- possible dropped samples
I (28024814) kx134: epoch: n=2048 mean_g x=0.973 y=0.066 z=-0.236 max_fifo=86/86
W (28025084) kx134: FIFO seen at max capacity (86/86 frames) -- possible dropped samples
I (28025084) kx134: epoch: n=2048 mean_g x=0.972 y=0.064 z=-0.236 max_fifo=86/86
W (28025354) kx134: FIFO seen at max capacity (86/86 frames) -- possible dropped samples
I (28025354) kx134: epoch: n=2048 mean_g x=0.972 y=0.064 z=-0.237 max_fifo=86/86
W (28025614) kx134: FIFO seen at max capacity (86/86 frames) -- possible dropped samples
I (28025614) kx134: epoch: n=2048 mean_g x=0.973 y=0.063 z=-0.236 max_fifo=86/86
W (28025884) kx134: FIFO seen at max capacity (86/86 frames) -- possible dropped samples
I (28025884) kx134: epoch: n=2048 mean_g x=0.972 y=0.063 z=-0.236 max_fifo=86/86
W (28026144) kx134: FIFO seen at max capacity (86/86 frames) -- possible dropped samples
I (28026144) kx134: epoch: n=2048 mean_g x=0.971 y=0.064 z=-0.235 max_fifo=86/86
W (28026414) kx134: FIFO seen at max capacity (86/86 frames) -- possible dropped samples
I (28026414) kx134: epoch: n=2048 mean_g x=0.975 y=0.061 z=-0.236 max_fifo=86/86
W (28026684) kx134: FIFO seen at max capacity (86/86 frames) -- possible dropped samples
I (28026684) kx134: epoch: n=2048 mean_g x=0.970 y=0.060 z=-0.234 max_fifo=86/86
E (28026834) esp-tls: [sock=58] select() timeout
E (28026834) transport_base: Failed to open a new connection: 32774
E (28026834) mqtt_client: Error transport connect
W (28026834) link_mqtt: disconnected
W (28026954) kx134: FIFO seen at max capacity (86/86 frames) -- possible dropped samples
I (28026964) kx134: epoch: n=2048 mean_g x=0.972 y=0.058 z=-0.234 max_fifo=86/86
W (28027214) kx134: FIFO seen at max capacity (86/86 frames) -- possible dropped samples
I (28027214) kx134: epoch: n=2048 mean_g x=0.971 y=0.063 z=-0.237 max_fifo=86/86
W (28027494) kx134: FIFO seen at max capacity (86/86 frames) -- possible dropped samples
I (28027494) kx134: epoch: n=2048 mean_g x=0.968 y=0.064 z=-0.238 max_fifo=86/86
W (28027754) kx134: FIFO seen at max capacity (86/86 frames) -- possible dropped samples
I (28027754) kx134: epoch: n=2048 mean_g x=0.973 y=0.062 z=-0.236 max_fifo=86/86
W (28028024) kx134: FIFO seen at max capacity (86/86 frames) -- possible dropped samples
I (28028024) kx134: epoch: n=2048 mean_g x=0.970 y=0.064 z=-0.239 max_fifo=86/86
W (28028294) kx134: FIFO seen at max capacity (86/86 frames) -- possible dropped samples
I (28028294) kx134: epoch: n=2048 mean_g x=0.970 y=0.062 z=-0.236 max_fifo=86/86
W (28028564) kx134: FIFO seen at max capacity (86/86 frames) -- possible dropped samples
I (28028564) kx134: epoch: n=2048 mean_g x=0.974 y=0.065 z=-0.236 max_fifo=86/86
W (28028824) kx134: FIFO seen at max capacity (86/86 frames) -- possible dropped samples
I (28028824) kx134: epoch: n=2048 mean_g x=0.973 y=0.065 z=-0.238 max_fifo=86/86
W (28029084) kx134: FIFO seen at max capacity (86/86 frames) -- possible dropped samples
I (28029084) kx134: epoch: n=2048 mean_g x=0.971 y=0.066 z=-0.237 max_fifo=86/86
W (28029354) kx134: FIFO seen at max capacity (86/86 frames) -- possible dropped samples
I (28029354) kx134: epoch: n=2048 mean_g x=0.971 y=0.064 z=-0.239 max_fifo=86/86
W (28029624) kx134: FIFO seen at max capacity (86/86 frames) -- possible dropped samples
I (28029624) kx134: epoch: n=2048 mean_g x=0.973 y=0.064 z=-0.236 max_fifo=86/86
W (28029894) kx134: FIFO seen at max capacity (86/86 frames) -- possible dropped samples
I (28029894) kx134: epoch: n=2048 mean_g x=0.974 y=0.064 z=-0.237 max_fifo=86/86
